image,instrument,question_id,concept,question,ground_truth,prediction,failure_category,reason,predicted_attribute,attribute_confidence,attribute_reason
/kaggle/input/datasets/bbeastboy/assamese-instrument-vlm-datasetqwen2-5-vl-3b/kaggle_dataset32/dataset_32images/bahi/test/bahi_test1.jpg,bahi,q1,festival,In which festival is this instrument played?,It is played during Rongali Bihu which is the spring festival of Assam.,"This small, conical wind instrument is made from a single piece of bamboo. It is blown from both ends to produce a sharp, piercing sound.",Question Misunderstanding,The model describes the instrument's physical characteristics instead of answering the question about the festival.,material,0.95,"The prediction primarily describes the physical composition and construction of the instrument, specifically mentioning it is made from bamboo."
/kaggle/input/datasets/bbeastboy/assamese-instrument-vlm-datasetqwen2-5-vl-3b/kaggle_dataset32/dataset_32images/bahi/test/bahi_test1.jpg,bahi,q2,origin,Where did this instrument originate?,It originated in the rural communities of Assam.,This instrument is made by splitting a bamboo stick lengthwise and inserting a small piece of bamboo at one end.,Question Misunderstanding,The prediction describes the construction of the instrument instead of answering the question about its origin.,material,0.95,The prediction describes the physical construction and components of the instrument rather than its geographical origin.
/kaggle/input/datasets/bbeastboy/assamese-instrument-vlm-datasetqwen2-5-vl-3b/kaggle_dataset32/dataset_32images/bahi/test/bahi_test1.jpg,bahi,q3,material,What material is this instrument made of?,This instrument is made of bamboo.,This instrument is made of bamboo.,Correct,"The prediction accurately identifies the material as bamboo, matching the ground truth.",,,
/kaggle/input/datasets/bbeastboy/assamese-instrument-vlm-datasetqwen2-5-vl-3b/kaggle_dataset32/dataset_32images/bahi/test/bahi_test1.jpg,bahi,q4,parts,Name the major parts of this instrument.,"The main parts of this instrument are bamboo tube body, blow hole and finger holes.","The main parts of this instrument are bamboo tube body, blow hole and finger holes.",Correct,The prediction accurately lists all the major parts of the instrument as stated in the ground truth.,,,
/kaggle/input/datasets/bbeastboy/assamese-instrument-vlm-datasetqwen2-5-vl-3b/kaggle_dataset32/dataset_32images/bahi/test/bahi_test1.jpg,bahi,q5,sound,What sound does this instrument produce?,"This instrument produces a soft, melodic, flute-like sound.","This instrument produces a soft, melodic, flute-like sound.",Correct,The prediction matches the ground truth exactly.,,,
/kaggle/input/datasets/bbeastboy/assamese-instrument-vlm-datasetqwen2-5-vl-3b/kaggle_dataset32/dataset_32images/bahi/test/bahi_test1.jpg,bahi,q6,traditional_player,Which gender traditionally plays this instrument?,This instrument is traditionally played by men.,This instrument is traditionally played by men. It is traditionally played by men.,Repetition,The prediction provides the correct answer but repeats the information unnecessarily.,traditional_player,1.0,The prediction explicitly states the gender of the traditional player of the instrument.
/kaggle/input/datasets/bbeastboy/assamese-instrument-vlm-datasetqwen2-5-vl-3b/kaggle_dataset32/dataset_32images/bahi/test/bahi_test1.jpg,bahi,q7,playing_method,How is this instrument played?,This instrument is played by blowing air across the blow hole and covering finger holes.,This instrument is played by blowing air across the blow hole and covering finger holes.,Correct,The prediction matches the ground truth exactly.,,,
/kaggle/input/datasets/bbeastboy/assamese-instrument-vlm-datasetqwen2-5-vl-3b/kaggle_dataset32/dataset_32images/bahi/test/bahi_test1.jpg,bahi,q8,instrument_type,What type of musical instrument is this?,This is a transverse bamboo flute instrument.,This is a transverse bamboo flute instrument. It is made from a single piece of bamboo and has two finger holes and one thumb hole. It is played by blowing air across the mouthpiece and covering finger holes to produce different pitches.,Correct,The prediction accurately identifies the instrument and provides correct descriptive details.,,,
/kaggle/input/datasets/bbeastboy/assamese-instrument-vlm-datasetqwen2-5-vl-3b/kaggle_dataset32/dataset_32images/bahi/test/bahi_test1.jpg,bahi,q9,description,"Give a description of this instrument including its cultural significance, and role in Assamese music.","The Bahi is a traditional Assamese transverse flute made entirely from bamboo, played by blowing air across a side blow hole while controlling pitch through finger holes along the tube. It is one of the oldest melodic instruments in Assamese folk music and is prominently used during Rongali Bihu celebrations. Unlike the rhythm-keeping instruments of the Bihu ensemble, the Bahi carries the melodic layer with its soft, flute-like tone. It is traditionally played by men and is closely associated with pastoral and folk music traditions of Assam.","The Bahi is a transverse flute made entirely from bamboo, played by blowing air across a side blow hole while controlling pitch through finger holes along the tube. It is one of the oldest melodic instruments in Assamese folk music and is prominently used during Rongali Bihu celebrations. Unlike the rhythm-keeping",Truncation,The response is cut off mid-sentence before completing the description of the instrument's role.,description,1.0,"The prediction provides a comprehensive overview of the instrument, covering its physical construction, playing method, and cultural context."
/kaggle/input/datasets/bbeastboy/assamese-instrument-vlm-datasetqwen2-5-vl-3b/kaggle_dataset32/dataset_32images/bahi/test/bahi_test2.jpg,bahi,q1,festival,In which festival is this instrument played?,It is played during Rongali Bihu which is the spring festival of Assam.,"This small, conical wind instrument is made from a single piece of bamboo and is traditionally played by women.",Question Misunderstanding,The model describes the instrument's physical characteristics instead of answering the question about the festival.,material,0.95,"The prediction primarily describes the physical composition of the instrument, specifically that it is made from bamboo."
/kaggle/input/datasets/bbeastboy/assamese-instrument-vlm-datasetqwen2-5-vl-3b/kaggle_dataset32/dataset_32images/bahi/test/bahi_test2.jpg,bahi,q2,origin,Where did this instrument originate?,It originated in the rural communities of Assam.,This instrument is made by splitting a bamboo cane lengthwise and inserting small pieces of bamboo inside.,Question Misunderstanding,The prediction describes the construction of the instrument instead of answering the question about its origin.,material,1.0,The prediction describes the physical composition and construction process of the instrument rather than its geographical origin.
/kaggle/input/datasets/bbeastboy/assamese-instrument-vlm-datasetqwen2-5-vl-3b/kaggle_dataset32/dataset_32images/bahi/test/bahi_test2.jpg,bahi,q3,material,What material is this instrument made of?,This instrument is made of bamboo.,This instrument is made of bamboo.,Correct,"The prediction accurately identifies the material as bamboo, matching the ground truth.",,,
/kaggle/input/datasets/bbeastboy/assamese-instrument-vlm-datasetqwen2-5-vl-3b/kaggle_dataset32/dataset_32images/bahi/test/bahi_test2.jpg,bahi,q4,parts,Name the major parts of this instrument.,"The main parts of this instrument are bamboo tube body, blow hole and finger holes.","The main parts of this instrument are bamboo tube body, blow hole and finger holes.",Correct,The prediction accurately lists all the major parts of the instrument as stated in the ground truth.,,,
/kaggle/input/datasets/bbeastboy/assamese-instrument-vlm-datasetqwen2-5-vl-3b/kaggle_dataset32/dataset_32images/bahi/test/bahi_test2.jpg,bahi,q5,sound,What sound does this instrument produce?,"This instrument produces a soft, melodic, flute-like sound.",The thin end of this instrument is blown to produce sound. It is played by blowing air through the narrow end and covering the open end with the lips.,Question Misunderstanding,The prediction describes how to play the instrument instead of describing the sound it produces.,playing_method,1.0,"The prediction describes the physical action of blowing and covering the instrument, which defines how it is played."
/kaggle/input/datasets/bbeastboy/assamese-instrument-vlm-datasetqwen2-5-vl-3b/kaggle_dataset32/dataset_32images/bahi/test/bahi_test2.jpg,bahi,q6,traditional_player,Which gender traditionally plays this instrument?,This instrument is traditionally played by men.,This instrument is traditionally played by men.,Correct,The prediction matches the ground truth exactly.,,,
/kaggle/input/datasets/bbeastboy/assamese-instrument-vlm-datasetqwen2-5-vl-3b/kaggle_dataset32/dataset_32images/bahi/test/bahi_test2.jpg,bahi,q7,playing_method,How is this instrument played?,This instrument is played by blowing air across the blow hole and covering finger holes.,This instrument is played by placing both mouthpieces in the airflow and covering finger holes with one hand while covering the other mouthpiece with the other hand.,Hallucination,The prediction describes a non-existent playing method involving multiple mouthpieces not present on the instrument.,playing_method,1.0,The prediction explicitly describes the physical actions and techniques used to produce sound from the instrument.
/kaggle/input/datasets/bbeastboy/assamese-instrument-vlm-datasetqwen2-5-vl-3b/kaggle_dataset32/dataset_32images/bahi/test/bahi_test2.jpg,bahi,q8,instrument_type,What type of musical instrument is this?,This is a transverse bamboo flute instrument.,This is a transverse bamboo flute instrument. It is made from bamboo and played by blowing air across the mouthpiece.,Correct,The prediction accurately identifies the instrument and provides correct supporting details.,,,
/kaggle/input/datasets/bbeastboy/assamese-instrument-vlm-datasetqwen2-5-vl-3b/kaggle_dataset32/dataset_32images/bahi/test/bahi_test2.jpg,bahi,q9,description,"Give a description of this instrument including its cultural significance, and role in Assamese music.","The Bahi is a traditional Assamese transverse flute made entirely from bamboo, played by blowing air across a side blow hole while controlling pitch through finger holes along the tube. It is one of the oldest melodic instruments in Assamese folk music and is prominently used during Rongali Bihu celebrations. Unlike the rhythm-keeping instruments of the Bihu ensemble, the Bahi carries the melodic layer with its soft, flute-like tone. It is traditionally played by men and is closely associated with pastoral and folk music traditions of Assam.","The Bahi is a transverse flute made entirely from bamboo, played by blowing air across a side blow hole while controlling pitch through finger holes along the tube. It is one of the oldest melodic instruments in Assamese folk music and is prominently used during Rongali Bihu celebrations. Unlike the rhythm-keeping",Truncation,The response is cut off mid-sentence before completing the description of the instrument's role.,description,1.0,"The prediction provides a comprehensive overview of the instrument, covering its physical construction, playing method, and cultural context."
/kaggle/input/datasets/bbeastboy/assamese-instrument-vlm-datasetqwen2-5-vl-3b/kaggle_dataset32/dataset_32images/bahi/test/bahi_test3.jpg,bahi,q1,festival,In which festival is this instrument played?,It is played during Rongali Bihu which is the spring festival of Assam.,This instrument is played during Rongali Bihu which is the spring festival of Assam. It is played by both men and women.,Correct,The prediction correctly identifies the festival and provides additional accurate context.,,,
/kaggle/input/datasets/bbeastboy/assamese-instrument-vlm-datasetqwen2-5-vl-3b/kaggle_dataset32/dataset_32images/bahi/test/bahi_test3.jpg,bahi,q2,origin,Where did this instrument originate?,It originated in the rural communities of Assam.,This instrument is made from a single piece of bamboo and consists of two separate pieces connected by a joint.,Question Misunderstanding,The model describes the instrument's construction instead of answering the question about its geographical origin.,material,0.95,The prediction explicitly describes the physical composition and construction of the instrument.
/kaggle/input/datasets/bbeastboy/assamese-instrument-vlm-datasetqwen2-5-vl-3b/kaggle_dataset32/dataset_32images/bahi/test/bahi_test3.jpg,bahi,q3,material,What material is this instrument made of?,This instrument is made of bamboo.,This instrument is made of bamboo.,Correct,"The prediction accurately identifies the material as bamboo, matching the ground truth.",,,
/kaggle/input/datasets/bbeastboy/assamese-instrument-vlm-datasetqwen2-5-vl-3b/kaggle_dataset32/dataset_32images/bahi/test/bahi_test3.jpg,bahi,q4,parts,Name the major parts of this instrument.,"The main parts of this instrument are bamboo tube body, blow hole and finger holes.","The main parts of this instrument are bamboo tube body, blow hole and finger holes.",Correct,The prediction accurately lists all the major parts of the instrument as stated in the ground truth.,,,
/kaggle/input/datasets/bbeastboy/assamese-instrument-vlm-datasetqwen2-5-vl-3b/kaggle_dataset32/dataset_32images/bahi/test/bahi_test3.jpg,bahi,q5,sound,What sound does this instrument produce?,"This instrument produces a soft, melodic, flute-like sound.","This instrument produces a soft, melodic, flute-like sound.",Correct,The prediction matches the ground truth exactly.,,,
/kaggle/input/datasets/bbeastboy/assamese-instrument-vlm-datasetqwen2-5-vl-3b/kaggle_dataset32/dataset_32images/bahi/test/bahi_test3.jpg,bahi,q6,traditional_player,Which gender traditionally plays this instrument?,This instrument is traditionally played by men.,This instrument is traditionally played by men.,Correct,The prediction matches the ground truth exactly.,,,
/kaggle/input/datasets/bbeastboy/assamese-instrument-vlm-datasetqwen2-5-vl-3b/kaggle_dataset32/dataset_32images/bahi/test/bahi_test3.jpg,bahi,q7,playing_method,How is this instrument played?,This instrument is played by blowing air across the blow hole and covering finger holes.,This instrument is played by blowing air across the blow hole and covering finger holes.,Correct,The prediction matches the ground truth exactly.,,,
/kaggle/input/datasets/bbeastboy/assamese-instrument-vlm-datasetqwen2-5-vl-3b/kaggle_dataset32/dataset_32images/bahi/test/bahi_test3.jpg,bahi,q8,instrument_type,What type of musical instrument is this?,This is a transverse bamboo flute instrument.,This is a transverse bamboo flute instrument. It is played by blowing air across the mouthpiece and covering finger holes.,Correct,The prediction accurately identifies the instrument and provides additional correct context.,,,
/kaggle/input/datasets/bbeastboy/assamese-instrument-vlm-datasetqwen2-5-vl-3b/kaggle_dataset32/dataset_32images/bahi/test/bahi_test3.jpg,bahi,q9,description,"Give a description of this instrument including its cultural significance, and role in Assamese music.","The Bahi is a traditional Assamese transverse flute made entirely from bamboo, played by blowing air across a side blow hole while controlling pitch through finger holes along the tube. It is one of the oldest melodic instruments in Assamese folk music and is prominently used during Rongali Bihu celebrations. Unlike the rhythm-keeping instruments of the Bihu ensemble, the Bahi carries the melodic layer with its soft, flute-like tone. It is traditionally played by men and is closely associated with pastoral and folk music traditions of Assam.","The Bahi is a transverse-assamese wind instrument made entirely from bamboo, played by blowing air across a side blow hole while controlling pitch through finger holes along the tube. It is one of the oldest melodic instruments in Assamese folk music and is prominently used during Rongali Bihu celebrations. Unlike",Truncation,The response is cut off mid-sentence before completing the description of the instrument's role.,description,0.95,"The prediction provides a comprehensive overview of the instrument's physical characteristics, origin, and usage, fitting the definition of a general description."
/kaggle/input/datasets/bbeastboy/assamese-instrument-vlm-datasetqwen2-5-vl-3b/kaggle_dataset32/dataset_32images/bahi/test/bahi_test4.jpg,bahi,q1,festival,In which festival is this instrument played?,It is played during Rongali Bihu which is the spring festival of Assam.,This instrument is played during Rongali Bihu which is the spring festival of Assam. It is played by both men and women.,Correct,The prediction correctly identifies the festival and provides additional accurate context.,,,
/kaggle/input/datasets/bbeastboy/assamese-instrument-vlm-datasetqwen2-5-vl-3b/kaggle_dataset32/dataset_32images/bahi/test/bahi_test4.jpg,bahi,q2,origin,Where did this instrument originate?,It originated in the rural communities of Assam.,This instrument is made from a single piece of bamboo and has two blow holes. It is played by blowing air through both ends.,Question Misunderstanding,The prediction describes the instrument's construction and playing method instead of answering the question about its origin.,material,0.9,The prediction primarily describes the physical composition and construction of the instrument rather than its origin.
/kaggle/input/datasets/bbeastboy/assamese-instrument-vlm-datasetqwen2-5-vl-3b/kaggle_dataset32/dataset_32images/bahi/test/bahi_test4.jpg,bahi,q3,material,What material is this instrument made of?,This instrument is made of bamboo.,This instrument is made of bamboo.,Correct,"The prediction accurately identifies the material as bamboo, matching the ground truth.",,,
/kaggle/input/datasets/bbeastboy/assamese-instrument-vlm-datasetqwen2-5-vl-3b/kaggle_dataset32/dataset_32images/bahi/test/bahi_test4.jpg,bahi,q4,parts,Name the major parts of this instrument.,"The main parts of this instrument are bamboo tube body, blow hole and finger holes.","The main parts of this instrument are bamboo tube body, blow hole and finger holes.",Correct,The prediction accurately lists all the major parts of the instrument as stated in the ground truth.,,,
/kaggle/input/datasets/bbeastboy/assamese-instrument-vlm-datasetqwen2-5-vl-3b/kaggle_dataset32/dataset_32images/bahi/test/bahi_test4.jpg,bahi,q5,sound,What sound does this instrument produce?,"This instrument produces a soft, melodic, flute-like sound.","This instrument produces a soft, melodic, flute-like sound.",Correct,The prediction matches the ground truth exactly.,,,
/kaggle/input/datasets/bbeastboy/assamese-instrument-vlm-datasetqwen2-5-vl-3b/kaggle_dataset32/dataset_32images/bahi/test/bahi_test4.jpg,bahi,q6,traditional_player,Which gender traditionally plays this instrument?,This instrument is traditionally played by men.,This instrument is traditionally played by men.,Correct,The prediction matches the ground truth exactly.,,,
/kaggle/input/datasets/bbeastboy/assamese-instrument-vlm-datasetqwen2-5-vl-3b/kaggle_dataset32/dataset_32images/bahi/test/bahi_test4.jpg,bahi,q7,playing_method,How is this instrument played?,This instrument is played by blowing air across the blow hole and covering finger holes.,This instrument is played by blowing air across the blow hole and covering finger holes.,Correct,The prediction matches the ground truth exactly.,,,
/kaggle/input/datasets/bbeastboy/assamese-instrument-vlm-datasetqwen2-5-vl-3b/kaggle_dataset32/dataset_32images/bahi/test/bahi_test4.jpg,bahi,q8,instrument_type,What type of musical instrument is this?,This is a transverse bamboo flute instrument.,This is a transverse bamboo flute instrument. It is played by blowing air across the mouthpiece and covering finger holes.,Correct,The prediction accurately identifies the instrument and provides additional correct context.,,,
/kaggle/input/datasets/bbeastboy/assamese-instrument-vlm-datasetqwen2-5-vl-3b/kaggle_dataset32/dataset_32images/bahi/test/bahi_test4.jpg,bahi,q9,description,"Give a description of this instrument including its cultural significance, and role in Assamese music.","The Bahi is a traditional Assamese transverse flute made entirely from bamboo, played by blowing air across a side blow hole while controlling pitch through finger holes along the tube. It is one of the oldest melodic instruments in Assamese folk music and is prominently used during Rongali Bihu celebrations. Unlike the rhythm-keeping instruments of the Bihu ensemble, the Bahi carries the melodic layer with its soft, flute-like tone. It is traditionally played by men and is closely associated with pastoral and folk music traditions of Assam.",The Bahi is a transverse bamboo flute that is traditionally made from a single piece of bamboo. It is played by blowing air across a side blow hole while controlling pitch through finger holes along the tube. The Bahi is one of the oldest transverse flutes in Assamese folk music and is traditionally played by,Truncation,The response is cut off mid-sentence before completing the description of cultural significance and musical role.,description,0.95,"The prediction provides a general overview of the instrument's construction, playing method, and cultural context, fitting the definition of a description."
/kaggle/input/datasets/bbeastboy/assamese-instrument-vlm-datasetqwen2-5-vl-3b/kaggle_dataset32/dataset_32images/bahi/test/bahi_test5.jpg,bahi,q1,festival,In which festival is this instrument played?,It is played during Rongali Bihu which is the spring festival of Assam.,This instrument is blown to produce a high pitched wailing sound. It is played by both men and women.,Question Misunderstanding,The prediction describes the instrument's sound and players instead of answering the question about the festival.,playing_method,0.95,"The prediction describes how the instrument is played (blown) and who plays it, which falls under playing_method."
/kaggle/input/datasets/bbeastboy/assamese-instrument-vlm-datasetqwen2-5-vl-3b/kaggle_dataset32/dataset_32images/bahi/test/bahi_test5.jpg,bahi,q2,origin,Where did this instrument originate?,It originated in the rural communities of Assam.,"This instrument is made from a single piece of bamboo and is blown to produce a high-pitched, sharp tone.",Question Misunderstanding,The prediction describes the instrument's construction and sound instead of answering the question about its origin.,material,0.95,"The prediction primarily describes the physical composition of the instrument, specifically that it is made from bamboo."
/kaggle/input/datasets/bbeastboy/assamese-instrument-vlm-datasetqwen2-5-vl-3b/kaggle_dataset32/dataset_32images/bahi/test/bahi_test5.jpg,bahi,q3,material,What material is this instrument made of?,This instrument is made of bamboo.,This instrument is made of bamboo.,Correct,"The prediction accurately identifies the material as bamboo, matching the ground truth.",,,
/kaggle/input/datasets/bbeastboy/assamese-instrument-vlm-datasetqwen2-5-vl-3b/kaggle_dataset32/dataset_32images/bahi/test/bahi_test5.jpg,bahi,q4,parts,Name the major parts of this instrument.,"The main parts of this instrument are bamboo tube body, blow hole and finger holes.",During which festival is this instrument played?,Question Misunderstanding,The model ignored the question about instrument parts and instead asked about the festival.,festival,1.0,The prediction explicitly asks about the festival associated with the instrument.
/kaggle/input/datasets/bbeastboy/assamese-instrument-vlm-datasetqwen2-5-vl-3b/kaggle_dataset32/dataset_32images/bahi/test/bahi_test5.jpg,bahi,q5,sound,What sound does this instrument produce?,"This instrument produces a soft, melodic, flute-like sound.","This instrument produces a soft, melodic, flute-like sound.",Correct,The prediction matches the ground truth exactly.,,,
/kaggle/input/datasets/bbeastboy/assamese-instrument-vlm-datasetqwen2-5-vl-3b/kaggle_dataset32/dataset_32images/bahi/test/bahi_test5.jpg,bahi,q6,traditional_player,Which gender traditionally plays this instrument?,This instrument is traditionally played by men.,This instrument is traditionally played by men.,Correct,The prediction matches the ground truth exactly.,,,
/kaggle/input/datasets/bbeastboy/assamese-instrument-vlm-datasetqwen2-5-vl-3b/kaggle_dataset32/dataset_32images/bahi/test/bahi_test5.jpg,bahi,q7,playing_method,How is this instrument played?,This instrument is played by blowing air across the blow hole and covering finger holes.,This instrument is played by blowing air across the blow hole and covering finger holes.,Correct,The prediction matches the ground truth exactly.,,,
/kaggle/input/datasets/bbeastboy/assamese-instrument-vlm-datasetqwen2-5-vl-3b/kaggle_dataset32/dataset_32images/bahi/test/bahi_test5.jpg,bahi,q8,instrument_type,What type of musical instrument is this?,This is a transverse bamboo flute instrument.,This is a transverse bamboo flute instrument. It is played by blowing air across the open end and covering finger holes.,Correct,The prediction accurately identifies the instrument and provides correct additional context.,,,
/kaggle/input/datasets/bbeastboy/assamese-instrument-vlm-datasetqwen2-5-vl-3b/kaggle_dataset32/dataset_32images/bahi/test/bahi_test5.jpg,bahi,q9,description,"Give a description of this instrument including its cultural significance, and role in Assamese music.","The Bahi is a traditional Assamese transverse flute made entirely from bamboo, played by blowing air across a side blow hole while controlling pitch through finger holes along the tube. It is one of the oldest melodic instruments in Assamese folk music and is prominently used during Rongali Bihu celebrations. Unlike the rhythm-keeping instruments of the Bihu ensemble, the Bahi carries the melodic layer with its soft, flute-like tone. It is traditionally played by men and is closely associated with pastoral and folk music traditions of Assam.","The Bahi is a transverse flute made entirely from bamboo, played by blowing air across a side blow hole while controlling pitch through finger holes along the tube. It is one of the oldest melodic instruments in Assamese folk music and is prominently used during Rongali Bihu celebrations. Unlike the rhythm-keeping",Truncation,The response is cut off mid-sentence before completing the description of the instrument's role.,description,1.0,"The prediction provides a comprehensive overview of the instrument, covering its physical construction, playing method, and cultural context."
/kaggle/input/datasets/bbeastboy/assamese-instrument-vlm-datasetqwen2-5-vl-3b/kaggle_dataset32/dataset_32images/toka/test/toka_test1.jpg,toka,q1,festival,In which festival is this instrument played?,It is played during Rongali Bihu which is the spring festival of Assam.,"This small bamboo flute is blown to produce a sharp, piercing sound. It is traditionally played during Rongali Bihu.",Correct,The prediction correctly identifies the festival while providing additional descriptive context.,,,
/kaggle/input/datasets/bbeastboy/assamese-instrument-vlm-datasetqwen2-5-vl-3b/kaggle_dataset32/dataset_32images/toka/test/toka_test1.jpg,toka,q2,origin,Where did this instrument originate?,It originated in the rural communities of Assam.,This instrument is played by holding both ends and vibrating the vibrating bar by striking it against the other end or a hard surface.,Question Misunderstanding,The model describes how the instrument is played instead of answering the question about its origin.,playing_method,1.0,The prediction describes the physical technique used to play the instrument rather than its geographical origin.
/kaggle/input/datasets/bbeastboy/assamese-instrument-vlm-datasetqwen2-5-vl-3b/kaggle_dataset32/dataset_32images/toka/test/toka_test1.jpg,toka,q3,material,What material is this instrument made of?,This instrument is made of bamboo.,This instrument is made of bamboo.,Correct,"The prediction accurately identifies the material as bamboo, matching the ground truth.",,,
/kaggle/input/datasets/bbeastboy/assamese-instrument-vlm-datasetqwen2-5-vl-3b/kaggle_dataset32/dataset_32images/toka/test/toka_test1.jpg,toka,q4,parts,Name the major parts of this instrument.,"The main parts of this instrument are two bamboo pieces, hinged joint, and striking ends.",This instrument is played by striking both ends with the fingers.,Question Misunderstanding,The prediction describes the playing method instead of naming the major parts of the instrument.,playing_method,1.0,"The prediction describes the action of striking the instrument, which defines how it is played."
/kaggle/input/datasets/bbeastboy/assamese-instrument-vlm-datasetqwen2-5-vl-3b/kaggle_dataset32/dataset_32images/toka/test/toka_test1.jpg,toka,q5,sound,What sound does this instrument produce?,"This instrument produces a sharp, dry clicking sound.","This instrument produces a sharp, dry clicking sound.",Correct,The prediction matches the ground truth exactly.,,,
/kaggle/input/datasets/bbeastboy/assamese-instrument-vlm-datasetqwen2-5-vl-3b/kaggle_dataset32/dataset_32images/toka/test/toka_test1.jpg,toka,q6,traditional_player,Which gender traditionally plays this instrument?,This instrument is traditionally played by both men and women.,This instrument is traditionally played by women.,Partial Answer / Incomplete Answer,"The prediction omits that the instrument is traditionally played by both genders, providing only a partial answer.",traditional_player,1.0,The prediction explicitly identifies the gender of the traditional player of the instrument.
/kaggle/input/datasets/bbeastboy/assamese-instrument-vlm-datasetqwen2-5-vl-3b/kaggle_dataset32/dataset_32images/toka/test/toka_test1.jpg,toka,q7,playing_method,How is this instrument played?,This instrument is played by clapping the two bamboo pieces against each other.,This instrument is played by striking both ends of the bamboo piece against each other.,Correct,"The prediction accurately describes the playing method, with minor phrasing differences that do not change the meaning.",,,
/kaggle/input/datasets/bbeastboy/assamese-instrument-vlm-datasetqwen2-5-vl-3b/kaggle_dataset32/dataset_32images/toka/test/toka_test1.jpg,toka,q8,instrument_type,What type of musical instrument is this?,This is a bamboo clapper percussion instrument.,"During performances, this instrument is played by striking the two ends of the bamboo stick together.",Question Misunderstanding,The prediction describes how the instrument is played instead of identifying the type of instrument.,playing_method,1.0,The prediction explicitly describes the physical action used to produce sound from the instrument.
/kaggle/input/datasets/bbeastboy/assamese-instrument-vlm-datasetqwen2-5-vl-3b/kaggle_dataset32/dataset_32images/toka/test/toka_test1.jpg,toka,q9,description,"Give a description of this instrument including its cultural significance, and role in Assamese music.","The Toka is a traditional Assamese percussion instrument made entirely from bamboo, consisting of two pieces joined and clapped together rhythmically. Its sharp, dry clicking sound provides rhythmic accompaniment that complements heavier instruments like the Dhol. Toka is played by both men and women, making it an inclusive instrument in Assamese folk music.","The Toka is a traditional Assamese percussion instrument made entirely from bamboo, consisting of two pieces joined and clapped together rhythmically. Its sharp, dry clicking sound provides rhythmic accompaniment that complements heavier instruments like the Dhol. Toka is played by both men and women, making it an inclusive",Truncation,The response is cut off mid-sentence before completing the description of the instrument's role.,description,1.0,"The prediction provides a comprehensive overview of the instrument, covering its material, construction, sound, and cultural role, which fits the definition of a general description."
/kaggle/input/datasets/bbeastboy/assamese-instrument-vlm-datasetqwen2-5-vl-3b/kaggle_dataset32/dataset_32images/toka/test/toka_test2.jpg,toka,q1,festival,In which festival is this instrument played?,It is played during Rongali Bihu which is the spring festival of Assam.,"This small, cone-shaped instrument is made of bamboo and a small piece of metal or stone. It is blown to make a sharp, clicking sound.",Question Misunderstanding,The model describes the instrument's physical characteristics instead of answering the question about the festival.,description,0.95,The prediction provides a general physical and functional description of the instrument rather than identifying a specific festival.
/kaggle/input/datasets/bbeastboy/assamese-instrument-vlm-datasetqwen2-5-vl-3b/kaggle_dataset32/dataset_32images/toka/test/toka_test2.jpg,toka,q2,origin,Where did this instrument originate?,It originated in the rural communities of Assam.,This instrument is played by holding both ends and vibrating the vibrating bar while plucking the ring.,Question Misunderstanding,The prediction describes how the instrument is played instead of answering the question about its origin.,playing_method,1.0,The prediction describes the physical actions required to produce sound from the instrument.
/kaggle/input/datasets/bbeastboy/assamese-instrument-vlm-datasetqwen2-5-vl-3b/kaggle_dataset32/dataset_32images/toka/test/toka_test2.jpg,toka,q3,material,What material is this instrument made of?,This instrument is made of bamboo.,This instrument is made of bamboo.,Correct,"The prediction accurately identifies the material as bamboo, matching the ground truth.",,,
/kaggle/input/datasets/bbeastboy/assamese-instrument-vlm-datasetqwen2-5-vl-3b/kaggle_dataset32/dataset_32images/toka/test/toka_test2.jpg,toka,q4,parts,Name the major parts of this instrument.,"The main parts of this instrument are two bamboo pieces, hinged joint, and striking ends.","The main parts of this instrument are two bamboo pieces, hinged joint, and striking ends.",Correct,The prediction accurately lists all the major parts of the instrument as specified in the ground truth.,,,
/kaggle/input/datasets/bbeastboy/assamese-instrument-vlm-datasetqwen2-5-vl-3b/kaggle_dataset32/dataset_32images/toka/test/toka_test2.jpg,toka,q5,sound,What sound does this instrument produce?,"This instrument produces a sharp, dry clicking sound.","This instrument produces a sharp, dry clicking sound.",Correct,The prediction matches the ground truth exactly.,,,
/kaggle/input/datasets/bbeastboy/assamese-instrument-vlm-datasetqwen2-5-vl-3b/kaggle_dataset32/dataset_32images/toka/test/toka_test2.jpg,toka,q6,traditional_player,Which gender traditionally plays this instrument?,This instrument is traditionally played by both men and women.,This instrument is traditionally played by women.,Partial Answer / Incomplete Answer,"The prediction omits that the instrument is traditionally played by both genders, providing only a partial answer.",traditional_player,1.0,The prediction explicitly identifies the gender of the traditional player of the instrument.
/kaggle/input/datasets/bbeastboy/assamese-instrument-vlm-datasetqwen2-5-vl-3b/kaggle_dataset32/dataset_32images/toka/test/toka_test2.jpg,toka,q7,playing_method,How is this instrument played?,This instrument is played by clapping the two bamboo pieces against each other.,This instrument is played by striking the two metal bars against each other.,Mixed Attribute,The model correctly identified the action of striking but incorrectly identified the material of the instrument as metal instead of bamboo.,playing_method,1.0,The prediction explicitly describes the physical action used to produce sound from the instrument.
/kaggle/input/datasets/bbeastboy/assamese-instrument-vlm-datasetqwen2-5-vl-3b/kaggle_dataset32/dataset_32images/toka/test/toka_test2.jpg,toka,q8,instrument_type,What type of musical instrument is this?,This is a bamboo clapper percussion instrument.,"This is a bamboo clapper percussion instrument. It consists of two bamboo pieces that are struck against each other to produce a sharp, dry sound.",Correct,The prediction accurately identifies the instrument and provides correct descriptive details.,,,
/kaggle/input/datasets/bbeastboy/assamese-instrument-vlm-datasetqwen2-5-vl-3b/kaggle_dataset32/dataset_32images/toka/test/toka_test2.jpg,toka,q9,description,"Give a description of this instrument including its cultural significance, and role in Assamese music.","The Toka is a traditional Assamese percussion instrument made entirely from bamboo, consisting of two pieces joined and clapped together rhythmically. Its sharp, dry clicking sound provides rhythmic accompaniment that complements heavier instruments like the Dhol. Toka is played by both men and women, making it an inclusive instrument in Assamese folk music.","The Toka is a traditional Assamese percussion instrument made entirely from bamboo, consisting of two pieces joined and clapped together rhythmically. Its sharp, dry clicking sound provides rhythmic accompaniment that complements heavier instruments like the Dhol. Toka is played by both men and women, making it an inclusive",Truncation,The response is cut off mid-sentence before completing the description of the instrument's role.,description,1.0,"The prediction provides a comprehensive overview of the instrument, covering its material, construction, sound, and cultural role, which fits the definition of a general description."
/kaggle/input/datasets/bbeastboy/assamese-instrument-vlm-datasetqwen2-5-vl-3b/kaggle_dataset32/dataset_32images/toka/test/toka_test3.jpg,toka,q1,festival,In which festival is this instrument played?,It is played during Rongali Bihu which is the spring festival of Assam.,"This small conical wind instrument is blown to produce a sharp, piercing sound. It is played by both men and women.",Question Misunderstanding,The prediction describes the instrument's physical characteristics and usage instead of answering the question about the festival.,playing_method,0.9,"The prediction focuses on how the instrument is played (blown) and who plays it, rather than the festival."
/kaggle/input/datasets/bbeastboy/assamese-instrument-vlm-datasetqwen2-5-vl-3b/kaggle_dataset32/dataset_32images/toka/test/toka_test3.jpg,toka,q2,origin,Where did this instrument originate?,It originated in the rural communities of Assam.,This instrument is made from a single piece of bamboo and consists of two vibrating pieces connected by a string.,Question Misunderstanding,The model describes the instrument's construction instead of answering the question about its geographical origin.,material,0.95,The prediction primarily describes the physical composition and construction of the instrument.
/kaggle/input/datasets/bbeastboy/assamese-instrument-vlm-datasetqwen2-5-vl-3b/kaggle_dataset32/dataset_32images/toka/test/toka_test3.jpg,toka,q3,material,What material is this instrument made of?,This instrument is made of bamboo.,This instrument is made of bamboo.,Correct,"The prediction accurately identifies the material as bamboo, matching the ground truth.",,,
/kaggle/input/datasets/bbeastboy/assamese-instrument-vlm-datasetqwen2-5-vl-3b/kaggle_dataset32/dataset_32images/toka/test/toka_test3.jpg,toka,q4,parts,Name the major parts of this instrument.,"The main parts of this instrument are two bamboo pieces, hinged joint, and striking ends.","The main parts of this instrument are two bamboo pieces, a hinged joint, and striking ends.",Correct,The prediction accurately lists all the major parts of the instrument as described in the ground truth.,,,
/kaggle/input/datasets/bbeastboy/assamese-instrument-vlm-datasetqwen2-5-vl-3b/kaggle_dataset32/dataset_32images/toka/test/toka_test3.jpg,toka,q5,sound,What sound does this instrument produce?,"This instrument produces a sharp, dry clicking sound.","This instrument produces a sharp, dry clicking sound.",Correct,The prediction matches the ground truth exactly.,,,
/kaggle/input/datasets/bbeastboy/assamese-instrument-vlm-datasetqwen2-5-vl-3b/kaggle_dataset32/dataset_32images/toka/test/toka_test3.jpg,toka,q6,traditional_player,Which gender traditionally plays this instrument?,This instrument is traditionally played by both men and women.,This instrument is traditionally played by women.,Partial Answer / Incomplete Answer,"The prediction omits that the instrument is traditionally played by both genders, providing only a partial answer.",traditional_player,1.0,The prediction explicitly identifies the gender of the traditional player of the instrument.
/kaggle/input/datasets/bbeastboy/assamese-instrument-vlm-datasetqwen2-5-vl-3b/kaggle_dataset32/dataset_32images/toka/test/toka_test3.jpg,toka,q7,playing_method,How is this instrument played?,This instrument is played by clapping the two bamboo pieces against each other.,This instrument is played by clapping the two bamboo pieces together.,Correct,The prediction accurately describes the playing method as clapping the bamboo pieces together.,,,
/kaggle/input/datasets/bbeastboy/assamese-instrument-vlm-datasetqwen2-5-vl-3b/kaggle_dataset32/dataset_32images/toka/test/toka_test3.jpg,toka,q8,instrument_type,What type of musical instrument is this?,This is a bamboo clapper percussion instrument.,This is a bamboo clapper percussion instrument played by striking the two ends together. It is traditionally played during Rongali Bihu festivals.,Correct,The prediction correctly identifies the instrument and provides accurate additional context.,,,
/kaggle/input/datasets/bbeastboy/assamese-instrument-vlm-datasetqwen2-5-vl-3b/kaggle_dataset32/dataset_32images/toka/test/toka_test3.jpg,toka,q9,description,"Give a description of this instrument including its cultural significance, and role in Assamese music.","The Toka is a traditional Assamese percussion instrument made entirely from bamboo, consisting of two pieces joined and clapped together rhythmically. Its sharp, dry clicking sound provides rhythmic accompaniment that complements heavier instruments like the Dhol. Toka is played by both men and women, making it an inclusive instrument in Assamese folk music.","The Toka is a traditional Assamese percussion instrument made entirely from bamboo, consisting of two pieces joined and clapped together rhythmically. Its sharp, dry clicking sound provides rhythmic accompaniment that complements heavier instruments like the Dhol. Toka is played by both men and women, making it an inclusive",Truncation,The response is cut off mid-sentence before completing the description of the instrument's role.,description,1.0,"The prediction provides a comprehensive overview of the instrument, covering its material, construction, sound, and cultural role, which fits the definition of a general description."
/kaggle/input/datasets/bbeastboy/assamese-instrument-vlm-datasetqwen2-5-vl-3b/kaggle_dataset32/dataset_32images/toka/test/toka_test4.jpg,toka,q1,festival,In which festival is this instrument played?,It is played during Rongali Bihu which is the spring festival of Assam.,This instrument is played during Rongali Bihu which is the spring festival of Assam.,Correct,The prediction accurately identifies the festival and its cultural context as stated in the ground truth.,,,
/kaggle/input/datasets/bbeastboy/assamese-instrument-vlm-datasetqwen2-5-vl-3b/kaggle_dataset32/dataset_32images/toka/test/toka_test4.jpg,toka,q2,origin,Where did this instrument originate?,It originated in the rural communities of Assam.,This instrument originated in the rural communities of Assam.,Correct,The prediction accurately identifies the origin of the instrument as stated in the ground truth.,,,
/kaggle/input/datasets/bbeastboy/assamese-instrument-vlm-datasetqwen2-5-vl-3b/kaggle_dataset32/dataset_32images/toka/test/toka_test4.jpg,toka,q3,material,What material is this instrument made of?,This instrument is made of bamboo.,This instrument is made of bamboo.,Correct,"The prediction accurately identifies the material as bamboo, matching the ground truth.",,,
/kaggle/input/datasets/bbeastboy/assamese-instrument-vlm-datasetqwen2-5-vl-3b/kaggle_dataset32/dataset_32images/toka/test/toka_test4.jpg,toka,q4,parts,Name the major parts of this instrument.,"The main parts of this instrument are two bamboo pieces, hinged joint, and striking ends.",During which festival is this instrument played?,Question Misunderstanding,The model ignored the question and asked a different question instead of identifying the instrument parts.,festival,1.0,The prediction explicitly asks about the festival associated with the instrument.
/kaggle/input/datasets/bbeastboy/assamese-instrument-vlm-datasetqwen2-5-vl-3b/kaggle_dataset32/dataset_32images/toka/test/toka_test4.jpg,toka,q5,sound,What sound does this instrument produce?,"This instrument produces a sharp, dry clicking sound.","This instrument produces a sharp, dry clicking sound.",Correct,The prediction matches the ground truth exactly.,,,
/kaggle/input/datasets/bbeastboy/assamese-instrument-vlm-datasetqwen2-5-vl-3b/kaggle_dataset32/dataset_32images/toka/test/toka_test4.jpg,toka,q6,traditional_player,Which gender traditionally plays this instrument?,This instrument is traditionally played by both men and women.,This instrument is traditionally played by women.,Partial Answer / Incomplete Answer,"The prediction omits that the instrument is traditionally played by both genders, providing only a partial answer.",traditional_player,1.0,The prediction explicitly identifies the gender of the traditional player of the instrument.
/kaggle/input/datasets/bbeastboy/assamese-instrument-vlm-datasetqwen2-5-vl-3b/kaggle_dataset32/dataset_32images/toka/test/toka_test4.jpg,toka,q7,playing_method,How is this instrument played?,This instrument is played by clapping the two bamboo pieces against each other.,This instrument is played by striking the two bamboo pieces together near the mouthpiece.,Mixed Attribute,The prediction correctly identifies the action but incorrectly adds a detail about a mouthpiece that does not exist.,playing_method,1.0,The prediction explicitly describes the physical action used to produce sound from the instrument.
/kaggle/input/datasets/bbeastboy/assamese-instrument-vlm-datasetqwen2-5-vl-3b/kaggle_dataset32/dataset_32images/toka/test/toka_test4.jpg,toka,q8,instrument_type,What type of musical instrument is this?,This is a bamboo clapper percussion instrument.,"This is a bamboo clapper percussion instrument. It consists of two bamboo pieces that are struck against each other to produce a sharp, dry sound.",Correct,The prediction accurately identifies the instrument and provides correct descriptive details.,,,
/kaggle/input/datasets/bbeastboy/assamese-instrument-vlm-datasetqwen2-5-vl-3b/kaggle_dataset32/dataset_32images/toka/test/toka_test4.jpg,toka,q9,description,"Give a description of this instrument including its cultural significance, and role in Assamese music.","The Toka is a traditional Assamese percussion instrument made entirely from bamboo, consisting of two pieces joined and clapped together rhythmically. Its sharp, dry clicking sound provides rhythmic accompaniment that complements heavier instruments like the Dhol. Toka is played by both men and women, making it an inclusive instrument in Assamese folk music.","The Toka is a traditional Assamese percussion instrument made entirely from bamboo, consisting of two pieces joined and clapped together rhythmically. Its sharp, dry clicking sound provides rhythmic accompaniment that complements heavier instruments like the Dhol. Toka is played by both men and women, making it an inclusive",Truncation,The response is cut off mid-sentence before completing the description of the instrument's role.,description,1.0,"The prediction provides a comprehensive overview of the instrument, covering its material, construction, sound, and cultural role, which fits the definition of a general description."
/kaggle/input/datasets/bbeastboy/assamese-instrument-vlm-datasetqwen2-5-vl-3b/kaggle_dataset32/dataset_32images/toka/test/toka_test5.jpg,toka,q1,festival,In which festival is this instrument played?,It is played during Rongali Bihu which is the spring festival of Assam.,This instrument is made by splitting a bamboo stick lengthwise and wrapping it with cloth.,Question Misunderstanding,The model describes the instrument's construction instead of answering the question about the festival.,material,1.0,"The prediction describes the physical composition and construction of the instrument, which corresponds to the material attribute."
/kaggle/input/datasets/bbeastboy/assamese-instrument-vlm-datasetqwen2-5-vl-3b/kaggle_dataset32/dataset_32images/toka/test/toka_test5.jpg,toka,q2,origin,Where did this instrument originate?,It originated in the rural communities of Assam.,This instrument originated in the rural communities of Assam. It is played by plucking both ends of the bamboo tube.,Correct,The prediction correctly identifies the origin and provides additional accurate information.,,,
/kaggle/input/datasets/bbeastboy/assamese-instrument-vlm-datasetqwen2-5-vl-3b/kaggle_dataset32/dataset_32images/toka/test/toka_test5.jpg,toka,q3,material,What material is this instrument made of?,This instrument is made of bamboo.,This instrument is made of bamboo.,Correct,"The prediction accurately identifies the material as bamboo, matching the ground truth.",,,
/kaggle/input/datasets/bbeastboy/assamese-instrument-vlm-datasetqwen2-5-vl-3b/kaggle_dataset32/dataset_32images/toka/test/toka_test5.jpg,toka,q4,parts,Name the major parts of this instrument.,"The main parts of this instrument are two bamboo pieces, hinged joint, and striking ends.","The main parts of this instrument are two bamboo pieces, hinged joint, and striking ends.",Correct,The prediction accurately lists all the major parts of the instrument as specified in the ground truth.,,,
/kaggle/input/datasets/bbeastboy/assamese-instrument-vlm-datasetqwen2-5-vl-3b/kaggle_dataset32/dataset_32images/toka/test/toka_test5.jpg,toka,q5,sound,What sound does this instrument produce?,"This instrument produces a sharp, dry clicking sound.","This instrument produces a sharp, dry clicking sound.",Correct,The prediction matches the ground truth exactly.,,,
/kaggle/input/datasets/bbeastboy/assamese-instrument-vlm-datasetqwen2-5-vl-3b/kaggle_dataset32/dataset_32images/toka/test/toka_test5.jpg,toka,q6,traditional_player,Which gender traditionally plays this instrument?,This instrument is traditionally played by both men and women.,This instrument is traditionally played by women.,Partial Answer / Incomplete Answer,"The prediction omits that the instrument is traditionally played by both genders, providing only a partial answer.",traditional_player,1.0,The prediction explicitly identifies the gender of the traditional player of the instrument.
/kaggle/input/datasets/bbeastboy/assamese-instrument-vlm-datasetqwen2-5-vl-3b/kaggle_dataset32/dataset_32images/toka/test/toka_test5.jpg,toka,q7,playing_method,How is this instrument played?,This instrument is played by clapping the two bamboo pieces against each other.,This instrument is played by striking the two bamboo pieces together.,Correct,The prediction accurately describes the playing method using synonymous terminology.,,,
/kaggle/input/datasets/bbeastboy/assamese-instrument-vlm-datasetqwen2-5-vl-3b/kaggle_dataset32/dataset_32images/toka/test/toka_test5.jpg,toka,q8,instrument_type,What type of musical instrument is this?,This is a bamboo clapper percussion instrument.,"This is a bamboo clapper percussion instrument. It consists of two bamboo pieces that are struck against each other to produce a sharp, dry sound.",Correct,The prediction accurately identifies the instrument and provides correct descriptive details.,,,
/kaggle/input/datasets/bbeastboy/assamese-instrument-vlm-datasetqwen2-5-vl-3b/kaggle_dataset32/dataset_32images/toka/test/toka_test5.jpg,toka,q9,description,"Give a description of this instrument including its cultural significance, and role in Assamese music.","The Toka is a traditional Assamese percussion instrument made entirely from bamboo, consisting of two pieces joined and clapped together rhythmically. Its sharp, dry clicking sound provides rhythmic accompaniment that complements heavier instruments like the Dhol. Toka is played by both men and women, making it an inclusive instrument in Assamese folk music.","The Toka is a traditional Assamese percussion instrument made entirely from bamboo, consisting of two pieces joined and clapped together rhythmically. Its sharp, dry clicking sound provides rhythmic accompaniment that complements heavier instruments like the Dhol. Toka is played by both men and women, making it an inclusive",Truncation,The response is cut off mid-sentence before completing the description of the instrument's role.,description,1.0,"The prediction provides a comprehensive overview of the instrument, covering its material, construction, sound, and cultural role, which fits the definition of a general description."
/kaggle/input/datasets/bbeastboy/assamese-instrument-vlm-datasetqwen2-5-vl-3b/kaggle_dataset32/dataset_32images/khutitaal/test/khutitaal_test1.jpg,khutitaal,q1,festival,In which festival is this instrument played?,It is played during Rongali Bihu which is the spring festival of Assam.,"This small, round, flat percussion instrument is made from a split bamboo or wood cylinder. It is played by striking both ends of the instrument against each other.",Question Misunderstanding,The model describes the instrument's physical characteristics instead of answering the question about the festival.,material,0.95,The prediction primarily describes the physical composition and construction of the instrument.
/kaggle/input/datasets/bbeastboy/assamese-instrument-vlm-datasetqwen2-5-vl-3b/kaggle_dataset32/dataset_32images/khutitaal/test/khutitaal_test1.jpg,khutitaal,q2,origin,Where did this instrument originate?,It originated in the Brahmaputra valley of Assam.,"This small, conical percussion instrument is made from the hollowed horn or bone of a cattle or buffalo. It is traditionally played during Rongali Bihu celebrations.",Question Misunderstanding,The model describes the instrument's construction and usage instead of answering the question about its origin.,material,0.9,"The prediction primarily focuses on the physical composition of the instrument, specifically mentioning it is made from horn or bone."
/kaggle/input/datasets/bbeastboy/assamese-instrument-vlm-datasetqwen2-5-vl-3b/kaggle_dataset32/dataset_32images/khutitaal/test/khutitaal_test1.jpg,khutitaal,q3,material,What material is this instrument made of?,This instrument is made of bell metal.,This instrument is made of bell metal.,Correct,"The prediction accurately identifies the material as bell metal, matching the ground truth.",,,
/kaggle/input/datasets/bbeastboy/assamese-instrument-vlm-datasetqwen2-5-vl-3b/kaggle_dataset32/dataset_32images/khutitaal/test/khutitaal_test1.jpg,khutitaal,q4,parts,Name the major parts of this instrument.,The main parts of this instrument are two small cymbal discs and connecting cord.,The main parts of this instrument are two small metal discs and connecting cord.,Correct,"The prediction accurately identifies the instrument parts, with 'metal discs' being a synonymous description for 'cymbal discs'.",,,
/kaggle/input/datasets/bbeastboy/assamese-instrument-vlm-datasetqwen2-5-vl-3b/kaggle_dataset32/dataset_32images/khutitaal/test/khutitaal_test1.jpg,khutitaal,q5,sound,What sound does this instrument produce?,"This instrument produces a bright, high-pitched ringing sound.","This instrument produces a sharp, ringing high-pitched sound.",Correct,The prediction accurately describes the sound using synonymous terms for the ground truth.,,,
/kaggle/input/datasets/bbeastboy/assamese-instrument-vlm-datasetqwen2-5-vl-3b/kaggle_dataset32/dataset_32images/khutitaal/test/khutitaal_test1.jpg,khutitaal,q6,traditional_player,Which gender traditionally plays this instrument?,This instrument is traditionally played by both men and women.,"This small, round, conical percussion instrument is traditionally made from the hollowed stem of a grass plant or bamboo.",Question Misunderstanding,The prediction describes the instrument's construction instead of answering the question about gender.,material,1.0,"The prediction explicitly describes the materials used to construct the instrument, such as grass plant or bamboo."
/kaggle/input/datasets/bbeastboy/assamese-instrument-vlm-datasetqwen2-5-vl-3b/kaggle_dataset32/dataset_32images/khutitaal/test/khutitaal_test1.jpg,khutitaal,q7,playing_method,How is this instrument played?,This instrument is played by striking the two metal discs against each other.,This instrument is played by striking the two metal discs against each other.,Correct,The prediction accurately describes the playing method as stated in the ground truth.,,,
/kaggle/input/datasets/bbeastboy/assamese-instrument-vlm-datasetqwen2-5-vl-3b/kaggle_dataset32/dataset_32images/khutitaal/test/khutitaal_test1.jpg,khutitaal,q8,instrument_type,What type of musical instrument is this?,This is a small paired metal cymbal percussion instrument.,"This is a small paired metal cymbal percussion instrument. It consists of two small round metal plates that are struck against each other to produce a sharp, dry sound.",Correct,The prediction accurately identifies the instrument and provides additional correct descriptive details.,,,
/kaggle/input/datasets/bbeastboy/assamese-instrument-vlm-datasetqwen2-5-vl-3b/kaggle_dataset32/dataset_32images/khutitaal/test/khutitaal_test1.jpg,khutitaal,q9,description,"Give a description of this instrument including its cultural significance, and role in Assamese music.","The Khuti-Taal is a small paired cymbal instrument made of bell metal, a brass alloy traditionally crafted in the Brahmaputra valley of Assam. It consists of two small metal discs connected by a cord and struck together to produce a bright, high-pitched ringing sound that provides rhythmic accompaniment during Bihu performances. The Khuti-Taal is traditionally played by both men and women and is commonly used alongside the Dhol and Pepa during Rongali Bihu performances. Its metallic timbre and compact size make it an important rhythm-keeping instrument in Assamese folk music.","The Khuti-Taal is a small paired cymbal instrument made of bell metal, a brass alloy traditionally crafted in the Brahmaputra valley of Assam. It consists of two small metal discs connected by a cord and struck together to produce a bright, high-pitched ringing sound that provides rhythmic accompaniment",Truncation,The prediction omits the required information regarding the instrument's cultural significance and its specific role in Assamese music.,description,1.0,The prediction provides a comprehensive overview of the instrument's physical characteristics and function rather than focusing on a single specific attribute.
/kaggle/input/datasets/bbeastboy/assamese-instrument-vlm-datasetqwen2-5-vl-3b/kaggle_dataset32/dataset_32images/khutitaal/test/khutitaal_test2.jpg,khutitaal,q1,festival,In which festival is this instrument played?,It is played during Rongali Bihu which is the spring festival of Assam.,This instrument is played during Rongali Bihu which is the spring festival of Assam. It is played by both men and women.,Correct,The prediction correctly identifies the festival and provides additional accurate context.,,,
/kaggle/input/datasets/bbeastboy/assamese-instrument-vlm-datasetqwen2-5-vl-3b/kaggle_dataset32/dataset_32images/khutitaal/test/khutitaal_test2.jpg,khutitaal,q2,origin,Where did this instrument originate?,It originated in the Brahmaputra valley of Assam.,This instrument originated in the Brahmaputra valley of Assam.,Correct,The prediction accurately identifies the origin of the instrument as stated in the ground truth.,,,
/kaggle/input/datasets/bbeastboy/assamese-instrument-vlm-datasetqwen2-5-vl-3b/kaggle_dataset32/dataset_32images/khutitaal/test/khutitaal_test2.jpg,khutitaal,q3,material,What material is this instrument made of?,This instrument is made of bell metal.,This instrument is made of bell metal.,Correct,"The prediction accurately identifies the material as bell metal, matching the ground truth.",,,
/kaggle/input/datasets/bbeastboy/assamese-instrument-vlm-datasetqwen2-5-vl-3b/kaggle_dataset32/dataset_32images/khutitaal/test/khutitaal_test2.jpg,khutitaal,q4,parts,Name the major parts of this instrument.,The main parts of this instrument are two small cymbal discs and connecting cord.,The main parts of this instrument are two small cymbal discs and connecting cord.,Correct,The prediction accurately identifies the main parts of the instrument as stated in the ground truth.,,,
/kaggle/input/datasets/bbeastboy/assamese-instrument-vlm-datasetqwen2-5-vl-3b/kaggle_dataset32/dataset_32images/khutitaal/test/khutitaal_test2.jpg,khutitaal,q5,sound,What sound does this instrument produce?,"This instrument produces a bright, high-pitched ringing sound.","This instrument produces a sharp, ringing high-pitched sound.",Correct,The prediction accurately describes the sound using synonymous terms for the ground truth.,,,
/kaggle/input/datasets/bbeastboy/assamese-instrument-vlm-datasetqwen2-5-vl-3b/kaggle_dataset32/dataset_32images/khutitaal/test/khutitaal_test2.jpg,khutitaal,q6,traditional_player,Which gender traditionally plays this instrument?,This instrument is traditionally played by both men and women.,This instrument is traditionally played by women.,Partial Answer / Incomplete Answer,"The prediction omits that the instrument is traditionally played by both genders, providing only a partial answer.",traditional_player,1.0,The prediction explicitly identifies the gender of the traditional player of the instrument.
/kaggle/input/datasets/bbeastboy/assamese-instrument-vlm-datasetqwen2-5-vl-3b/kaggle_dataset32/dataset_32images/khutitaal/test/khutitaal_test2.jpg,khutitaal,q7,playing_method,How is this instrument played?,This instrument is played by striking the two metal discs against each other.,This instrument is played by striking the two metal discs against each other.,Correct,The prediction accurately describes the playing method as stated in the ground truth.,,,
/kaggle/input/datasets/bbeastboy/assamese-instrument-vlm-datasetqwen2-5-vl-3b/kaggle_dataset32/dataset_32images/khutitaal/test/khutitaal_test2.jpg,khutitaal,q8,instrument_type,What type of musical instrument is this?,This is a small paired metal cymbal percussion instrument.,"This is a small paired metal cymbal percussion instrument. It consists of two small round metal discs that are struck against each other to produce a sharp, dry clicking sound.",Correct,The prediction accurately identifies the instrument and provides additional correct descriptive details.,,,
/kaggle/input/datasets/bbeastboy/assamese-instrument-vlm-datasetqwen2-5-vl-3b/kaggle_dataset32/dataset_32images/khutitaal/test/khutitaal_test2.jpg,khutitaal,q9,description,"Give a description of this instrument including its cultural significance, and role in Assamese music.","The Khuti-Taal is a small paired cymbal instrument made of bell metal, a brass alloy traditionally crafted in the Brahmaputra valley of Assam. It consists of two small metal discs connected by a cord and struck together to produce a bright, high-pitched ringing sound that provides rhythmic accompaniment during Bihu performances. The Khuti-Taal is traditionally played by both men and women and is commonly used alongside the Dhol and Pepa during Rongali Bihu performances. Its metallic timbre and compact size make it an important rhythm-keeping instrument in Assamese folk music.","The Khuti-Taal is a small paired cymbal instrument made of bell metal, a brass alloy traditionally crafted in the Brahmaputra valley of Assam. It consists of two small metal discs connected by a cord and struck together to produce a bright, high-pitched ringing sound that provides rhythmic accompaniment",Truncation,The prediction omits the required information regarding the instrument's cultural significance and its specific role in Assamese music.,description,1.0,The prediction provides a comprehensive overview of the instrument's physical characteristics and function rather than focusing on a single specific attribute.
/kaggle/input/datasets/bbeastboy/assamese-instrument-vlm-datasetqwen2-5-vl-3b/kaggle_dataset32/dataset_32images/khutitaal/test/khutitaal_test3.jpg,khutitaal,q1,festival,In which festival is this instrument played?,It is played during Rongali Bihu which is the spring festival of Assam.,This instrument is played during Rongali Bihu which is the spring festival of Assam. It is played by clapping both cymbal halves together.,Correct,The prediction correctly identifies the festival and provides additional accurate information about the instrument.,,,
/kaggle/input/datasets/bbeastboy/assamese-instrument-vlm-datasetqwen2-5-vl-3b/kaggle_dataset32/dataset_32images/khutitaal/test/khutitaal_test3.jpg,khutitaal,q2,origin,Where did this instrument originate?,It originated in the Brahmaputra valley of Assam.,This instrument originated in the Brahmaputra valley of Assam. It is traditionally played during Rongali Bihu.,Correct,The prediction provides the correct origin and adds relevant cultural context without being factually incorrect.,,,
/kaggle/input/datasets/bbeastboy/assamese-instrument-vlm-datasetqwen2-5-vl-3b/kaggle_dataset32/dataset_32images/khutitaal/test/khutitaal_test3.jpg,khutitaal,q3,material,What material is this instrument made of?,This instrument is made of bell metal.,This instrument is made of bell metal.,Correct,"The prediction accurately identifies the material as bell metal, matching the ground truth.",,,
/kaggle/input/datasets/bbeastboy/assamese-instrument-vlm-datasetqwen2-5-vl-3b/kaggle_dataset32/dataset_32images/khutitaal/test/khutitaal_test3.jpg,khutitaal,q4,parts,Name the major parts of this instrument.,The main parts of this instrument are two small cymbal discs and connecting cord.,The major parts of this instrument are two small cymbal discs and connecting cord.,Correct,The prediction accurately identifies the major parts of the instrument as stated in the ground truth.,,,
/kaggle/input/datasets/bbeastboy/assamese-instrument-vlm-datasetqwen2-5-vl-3b/kaggle_dataset32/dataset_32images/khutitaal/test/khutitaal_test3.jpg,khutitaal,q5,sound,What sound does this instrument produce?,"This instrument produces a bright, high-pitched ringing sound.","This instrument produces a sharp, metallic ringing sound.",Correct,The prediction accurately describes the sound characteristics of the instrument in a manner consistent with the ground truth.,,,
/kaggle/input/datasets/bbeastboy/assamese-instrument-vlm-datasetqwen2-5-vl-3b/kaggle_dataset32/dataset_32images/khutitaal/test/khutitaal_test3.jpg,khutitaal,q6,traditional_player,Which gender traditionally plays this instrument?,This instrument is traditionally played by both men and women.,This instrument is traditionally played by men.,Partial Answer / Incomplete Answer,"The prediction incorrectly limits the traditional players to men, contradicting the ground truth that both genders play it.",traditional_player,1.0,The prediction explicitly identifies the gender of the traditional player of the instrument.
/kaggle/input/datasets/bbeastboy/assamese-instrument-vlm-datasetqwen2-5-vl-3b/kaggle_dataset32/dataset_32images/khutitaal/test/khutitaal_test3.jpg,khutitaal,q7,playing_method,How is this instrument played?,This instrument is played by striking the two metal discs against each other.,This instrument is played by striking the two metal discs against each other.,Correct,The prediction accurately describes the playing method as stated in the ground truth.,,,
/kaggle/input/datasets/bbeastboy/assamese-instrument-vlm-datasetqwen2-5-vl-3b/kaggle_dataset32/dataset_32images/khutitaal/test/khutitaal_test3.jpg,khutitaal,q8,instrument_type,What type of musical instrument is this?,This is a small paired metal cymbal percussion instrument.,"During performances, this instrument is used in pairs and is played by striking both cymbals against each other.",Question Misunderstanding,The prediction describes how the instrument is played rather than identifying the type of instrument as requested.,playing_method,0.95,The prediction explicitly describes the physical action of striking the cymbals together to produce sound.
/kaggle/input/datasets/bbeastboy/assamese-instrument-vlm-datasetqwen2-5-vl-3b/kaggle_dataset32/dataset_32images/khutitaal/test/khutitaal_test3.jpg,khutitaal,q9,description,"Give a description of this instrument including its cultural significance, and role in Assamese music.","The Khuti-Taal is a small paired cymbal instrument made of bell metal, a brass alloy traditionally crafted in the Brahmaputra valley of Assam. It consists of two small metal discs connected by a cord and struck together to produce a bright, high-pitched ringing sound that provides rhythmic accompaniment during Bihu performances. The Khuti-Taal is traditionally played by both men and women and is commonly used alongside the Dhol and Pepa during Rongali Bihu performances. Its metallic timbre and compact size make it an important rhythm-keeping instrument in Assamese folk music.","The Khuti-Taal is a small paired cymbal instrument made of bell metal, a brass alloy traditionally crafted in the Brahmaputra valley of Assam. It consists of two small metal discs connected by a cord and struck together to produce a bright, high-pitched ringing sound that provides rhythmic accompaniment",Truncation,The prediction omits the required information regarding the instrument's cultural significance and its specific role in Assamese music.,description,1.0,The prediction provides a comprehensive overview of the instrument's physical characteristics and function rather than focusing on a single specific attribute.
/kaggle/input/datasets/bbeastboy/assamese-instrument-vlm-datasetqwen2-5-vl-3b/kaggle_dataset32/dataset_32images/khutitaal/test/khutitaal_test4.jpg,khutitaal,q1,festival,In which festival is this instrument played?,It is played during Rongali Bihu which is the spring festival of Assam.,This instrument is played during Rongali Bihu which is the spring festival of Assam.,Correct,The prediction accurately identifies the festival and its cultural context as stated in the ground truth.,,,
/kaggle/input/datasets/bbeastboy/assamese-instrument-vlm-datasetqwen2-5-vl-3b/kaggle_dataset32/dataset_32images/khutitaal/test/khutitaal_test4.jpg,khutitaal,q2,origin,Where did this instrument originate?,It originated in the Brahmaputra valley of Assam.,This instrument originated in the Brahmaputra valley of Assam.,Correct,The prediction accurately identifies the origin of the instrument as stated in the ground truth.,,,
/kaggle/input/datasets/bbeastboy/assamese-instrument-vlm-datasetqwen2-5-vl-3b/kaggle_dataset32/dataset_32images/khutitaal/test/khutitaal_test4.jpg,khutitaal,q3,material,What material is this instrument made of?,This instrument is made of bell metal.,This instrument is made of bell metal.,Correct,"The prediction accurately identifies the material as bell metal, matching the ground truth.",,,
/kaggle/input/datasets/bbeastboy/assamese-instrument-vlm-datasetqwen2-5-vl-3b/kaggle_dataset32/dataset_32images/khutitaal/test/khutitaal_test4.jpg,khutitaal,q4,parts,Name the major parts of this instrument.,The main parts of this instrument are two small cymbal discs and connecting cord.,During which season is this instrument played traditionally?,Question Misunderstanding,The model ignored the question and asked a completely different question instead.,festival,1.0,"The prediction explicitly asks about the season in which the instrument is played, which relates to the festival or seasonal context of the instrument."
/kaggle/input/datasets/bbeastboy/assamese-instrument-vlm-datasetqwen2-5-vl-3b/kaggle_dataset32/dataset_32images/khutitaal/test/khutitaal_test4.jpg,khutitaal,q5,sound,What sound does this instrument produce?,"This instrument produces a bright, high-pitched ringing sound.","This instrument produces a bright, high-pitched ringing sound.",Correct,The prediction matches the ground truth exactly.,,,
/kaggle/input/datasets/bbeastboy/assamese-instrument-vlm-datasetqwen2-5-vl-3b/kaggle_dataset32/dataset_32images/khutitaal/test/khutitaal_test4.jpg,khutitaal,q6,traditional_player,Which gender traditionally plays this instrument?,This instrument is traditionally played by both men and women.,"During festivals, this instrument is traditionally played by young men.",Question Misunderstanding,The prediction incorrectly restricts the gender to men while correctly identifying the context of festivals.,traditional_player,1.0,The prediction explicitly identifies the demographic group that traditionally plays the instrument.
/kaggle/input/datasets/bbeastboy/assamese-instrument-vlm-datasetqwen2-5-vl-3b/kaggle_dataset32/dataset_32images/khutitaal/test/khutitaal_test4.jpg,khutitaal,q7,playing_method,How is this instrument played?,This instrument is played by striking the two metal discs against each other.,This instrument is played by striking the two metal discs against each other.,Correct,The prediction accurately describes the playing method as stated in the ground truth.,,,
/kaggle/input/datasets/bbeastboy/assamese-instrument-vlm-datasetqwen2-5-vl-3b/kaggle_dataset32/dataset_32images/khutitaal/test/khutitaal_test4.jpg,khutitaal,q8,instrument_type,What type of musical instrument is this?,This is a small paired metal cymbal percussion instrument.,"During performances, this instrument is played by striking both cymbal heads together or hitting one head against a hard surface.",Question Misunderstanding,The prediction describes how the instrument is played instead of identifying the type of instrument.,playing_method,1.0,The prediction explicitly describes the physical action used to produce sound from the instrument.
/kaggle/input/datasets/bbeastboy/assamese-instrument-vlm-datasetqwen2-5-vl-3b/kaggle_dataset32/dataset_32images/khutitaal/test/khutitaal_test4.jpg,khutitaal,q9,description,"Give a description of this instrument including its cultural significance, and role in Assamese music.","The Khuti-Taal is a small paired cymbal instrument made of bell metal, a brass alloy traditionally crafted in the Brahmaputra valley of Assam. It consists of two small metal discs connected by a cord and struck together to produce a bright, high-pitched ringing sound that provides rhythmic accompaniment during Bihu performances. The Khuti-Taal is traditionally played by both men and women and is commonly used alongside the Dhol and Pepa during Rongali Bihu performances. Its metallic timbre and compact size make it an important rhythm-keeping instrument in Assamese folk music.","The Khuti-Taal is a small paired cymbal instrument made of bell metal, a brass alloy traditionally crafted in the Brahmaputra valley of Assam. It consists of two small metal discs connected by a cord and struck together to produce a bright, high-pitched ringing sound that provides rhythmic accompaniment",Truncation,The prediction omits the required information regarding the instrument's cultural significance and its specific role in Assamese music.,description,1.0,The prediction provides a comprehensive overview of the instrument's physical characteristics and function rather than focusing on a single specific attribute.
/kaggle/input/datasets/bbeastboy/assamese-instrument-vlm-datasetqwen2-5-vl-3b/kaggle_dataset32/dataset_32images/khutitaal/test/khutitaal_test5.jpg,khutitaal,q1,festival,In which festival is this instrument played?,It is played during Rongali Bihu which is the spring festival of Assam.,This small flat percussion instrument is traditionally made from the hollowed horn or bone of a cattle or buffalo. It is played by striking two pieces of the instrument together or against a hard surface.,Question Misunderstanding,The model describes the instrument's construction and playing method instead of answering the question about the festival.,material,0.95,"The prediction primarily describes the physical composition of the instrument, specifically mentioning horn or bone."
/kaggle/input/datasets/bbeastboy/assamese-instrument-vlm-datasetqwen2-5-vl-3b/kaggle_dataset32/dataset_32images/khutitaal/test/khutitaal_test5.jpg,khutitaal,q2,origin,Where did this instrument originate?,It originated in the Brahmaputra valley of Assam.,"This small, thumb-sized percussion instrument is traditionally played by women during Rongali Bihu. It is made by splitting a small piece of bamboo lengthwise and striking the two ends together.",Question Misunderstanding,The prediction describes the instrument's usage and construction instead of answering the question about its origin.,playing_method,0.95,"The prediction primarily describes how the instrument is played and its construction, rather than its geographical origin."
/kaggle/input/datasets/bbeastboy/assamese-instrument-vlm-datasetqwen2-5-vl-3b/kaggle_dataset32/dataset_32images/khutitaal/test/khutitaal_test5.jpg,khutitaal,q3,material,What material is this instrument made of?,This instrument is made of bell metal.,This instrument is made of bell metal.,Correct,"The prediction accurately identifies the material as bell metal, matching the ground truth.",,,
/kaggle/input/datasets/bbeastboy/assamese-instrument-vlm-datasetqwen2-5-vl-3b/kaggle_dataset32/dataset_32images/khutitaal/test/khutitaal_test5.jpg,khutitaal,q4,parts,Name the major parts of this instrument.,The main parts of this instrument are two small cymbal discs and connecting cord.,The main parts of this instrument are two small metal discs and connecting cord.,Correct,"The prediction accurately identifies the instrument parts, with 'metal discs' being a synonymous description for 'cymbal discs'.",,,
/kaggle/input/datasets/bbeastboy/assamese-instrument-vlm-datasetqwen2-5-vl-3b/kaggle_dataset32/dataset_32images/khutitaal/test/khutitaal_test5.jpg,khutitaal,q5,sound,What sound does this instrument produce?,"This instrument produces a bright, high-pitched ringing sound.","This instrument produces a sharp, dry clicking sound.",Hallucination,The prediction incorrectly describes the sound quality and timbre of the instrument compared to the ground truth.,sound,1.0,The prediction explicitly describes the auditory characteristics of the instrument.
/kaggle/input/datasets/bbeastboy/assamese-instrument-vlm-datasetqwen2-5-vl-3b/kaggle_dataset32/dataset_32images/khutitaal/test/khutitaal_test5.jpg,khutitaal,q6,traditional_player,Which gender traditionally plays this instrument?,This instrument is traditionally played by both men and women.,This instrument is traditionally played by women.,Partial Answer / Incomplete Answer,"The prediction omits that the instrument is traditionally played by both genders, providing only a partial answer.",traditional_player,1.0,The prediction explicitly identifies the gender of the traditional player of the instrument.
/kaggle/input/datasets/bbeastboy/assamese-instrument-vlm-datasetqwen2-5-vl-3b/kaggle_dataset32/dataset_32images/khutitaal/test/khutitaal_test5.jpg,khutitaal,q7,playing_method,How is this instrument played?,This instrument is played by striking the two metal discs against each other.,This instrument is played by striking the two metal discs against each other.,Correct,The prediction accurately describes the playing method as stated in the ground truth.,,,
/kaggle/input/datasets/bbeastboy/assamese-instrument-vlm-datasetqwen2-5-vl-3b/kaggle_dataset32/dataset_32images/khutitaal/test/khutitaal_test5.jpg,khutitaal,q8,instrument_type,What type of musical instrument is this?,This is a small paired metal cymbal percussion instrument.,"This is a small paired metal cymbal percussion instrument. It consists of two small metal discs that are struck against each other to produce a sharp, dry sound.",Correct,The prediction accurately identifies the instrument and provides correct descriptive details consistent with the ground truth.,,,
/kaggle/input/datasets/bbeastboy/assamese-instrument-vlm-datasetqwen2-5-vl-3b/kaggle_dataset32/dataset_32images/khutitaal/test/khutitaal_test5.jpg,khutitaal,q9,description,"Give a description of this instrument including its cultural significance, and role in Assamese music.","The Khuti-Taal is a small paired cymbal instrument made of bell metal, a brass alloy traditionally crafted in the Brahmaputra valley of Assam. It consists of two small metal discs connected by a cord and struck together to produce a bright, high-pitched ringing sound that provides rhythmic accompaniment during Bihu performances. The Khuti-Taal is traditionally played by both men and women and is commonly used alongside the Dhol and Pepa during Rongali Bihu performances. Its metallic timbre and compact size make it an important rhythm-keeping instrument in Assamese folk music.","The Khuti-Taal is a small paired cymbal instrument made of bell metal, a brass alloy traditionally crafted in the Brahmaputra valley of Assam. It consists of two small metal discs connected by a cord and struck together to produce a bright, high-pitched ringing sound that provides rhythmic accompaniment",Truncation,The prediction omits the required information regarding the instrument's cultural significance and its specific role in Assamese music.,description,1.0,The prediction provides a comprehensive overview of the instrument's physical characteristics and function rather than focusing on a single specific attribute.
/kaggle/input/datasets/bbeastboy/assamese-instrument-vlm-datasetqwen2-5-vl-3b/kaggle_dataset32/dataset_32images/xutuli/test/xutuli_test1.jpg,xutuli,q1,festival,In which festival is this instrument played?,It is played during Rongali Bihu which is the spring festival of Assam.,This instrument is played during Rongali Bihu which is the spring festival of Assam.,Correct,The prediction accurately identifies the festival and its cultural context as stated in the ground truth.,,,
/kaggle/input/datasets/bbeastboy/assamese-instrument-vlm-datasetqwen2-5-vl-3b/kaggle_dataset32/dataset_32images/xutuli/test/xutuli_test1.jpg,xutuli,q2,origin,Where did this instrument originate?,It originated in the rural communities of Assam.,This instrument is played by blowing air through the blow hole and covering finger holes.,Question Misunderstanding,The prediction describes how the instrument is played instead of answering the question about its origin.,playing_method,1.0,The prediction describes the physical technique used to produce sound from the instrument.
/kaggle/input/datasets/bbeastboy/assamese-instrument-vlm-datasetqwen2-5-vl-3b/kaggle_dataset32/dataset_32images/xutuli/test/xutuli_test1.jpg,xutuli,q3,material,What material is this instrument made of?,This instrument is made of clay or bamboo.,This instrument is made of clay or bamboo.,Correct,The prediction matches the ground truth exactly.,,,
/kaggle/input/datasets/bbeastboy/assamese-instrument-vlm-datasetqwen2-5-vl-3b/kaggle_dataset32/dataset_32images/xutuli/test/xutuli_test1.jpg,xutuli,q4,parts,Name the major parts of this instrument.,"The main parts of this instrument are hollow body, blow end, and finger holes.",During which festival is this instrument played?,Question Misunderstanding,The model ignored the question and asked a completely different question instead.,festival,1.0,The prediction explicitly asks about the festival associated with the instrument.
/kaggle/input/datasets/bbeastboy/assamese-instrument-vlm-datasetqwen2-5-vl-3b/kaggle_dataset32/dataset_32images/xutuli/test/xutuli_test1.jpg,xutuli,q5,sound,What sound does this instrument produce?,"This instrument produces a high-pitched, sharp whistling sound.","This instrument produces a high-pitched, sharp whistling sound.",Correct,The prediction matches the ground truth exactly.,,,
/kaggle/input/datasets/bbeastboy/assamese-instrument-vlm-datasetqwen2-5-vl-3b/kaggle_dataset32/dataset_32images/xutuli/test/xutuli_test1.jpg,xutuli,q6,traditional_player,Which gender traditionally plays this instrument?,This instrument is traditionally played by both men and women.,This instrument is traditionally played by women.,Partial Answer / Incomplete Answer,"The prediction omits that the instrument is traditionally played by both genders, providing only a partial answer.",traditional_player,1.0,The prediction explicitly identifies the gender of the traditional player of the instrument.
/kaggle/input/datasets/bbeastboy/assamese-instrument-vlm-datasetqwen2-5-vl-3b/kaggle_dataset32/dataset_32images/xutuli/test/xutuli_test1.jpg,xutuli,q7,playing_method,How is this instrument played?,This instrument is played by blowing air into the blow end and covering finger holes.,This instrument is played by blowing air into the blow end and covering finger holes.,Correct,The prediction accurately describes the playing method as stated in the ground truth.,,,
/kaggle/input/datasets/bbeastboy/assamese-instrument-vlm-datasetqwen2-5-vl-3b/kaggle_dataset32/dataset_32images/xutuli/test/xutuli_test1.jpg,xutuli,q8,instrument_type,What type of musical instrument is this?,This is a small conical end-blown wind instrument.,This is a small conical end-blown wind instrument made from bamboo or wood. It is played by blowing air into the larger end and covering finger holes.,Correct,The prediction accurately identifies the instrument and provides additional correct descriptive details.,,,
/kaggle/input/datasets/bbeastboy/assamese-instrument-vlm-datasetqwen2-5-vl-3b/kaggle_dataset32/dataset_32images/xutuli/test/xutuli_test1.jpg,xutuli,q9,description,"Give a description of this instrument including its cultural significance, and role in Assamese music.","The Xutuli is a small conical end-blown wind instrument traditionally made from clay or bamboo in the rural communities of Assam. It is played by blowing air directly into one end, producing a distinctly high-pitched, sharp whistling tone. It is an important traditional wind instrument in Assamese folk music. Its compact size and traditional use make it popular during Bihu celebrations.","The Xutuli is a small conical end-blown wind instrument traditionally made from clay or bamboo in the rural communities of Assam. It is played by blowing air directly into one end, producing a distinctly high-pitched, sharp whistling tone. It is an important traditional wind instrument in Assamese folk",Truncation,The response is cut off mid-sentence at the end of the description.,description,1.0,"The prediction provides a comprehensive overview of the instrument, covering its physical form, material, playing method, and cultural role."
/kaggle/input/datasets/bbeastboy/assamese-instrument-vlm-datasetqwen2-5-vl-3b/kaggle_dataset32/dataset_32images/xutuli/test/xutuli_test2.jpg,xutuli,q1,festival,In which festival is this instrument played?,It is played during Rongali Bihu which is the spring festival of Assam.,"This small, conical instrument is made from a single piece of stone or bamboo and is traditionally played by women. It is played by blowing air through the narrow end while clapping the two larger ends together.",Question Misunderstanding,The prediction describes the instrument's physical characteristics and playing method instead of answering the question about the festival.,playing_method,0.95,The prediction focuses on the physical construction and the specific technique used to play the instrument.
/kaggle/input/datasets/bbeastboy/assamese-instrument-vlm-datasetqwen2-5-vl-3b/kaggle_dataset32/dataset_32images/xutuli/test/xutuli_test2.jpg,xutuli,q2,origin,Where did this instrument originate?,It originated in the rural communities of Assam.,This instrument is played by blowing air into the blow end and covering the finger holes.,Question Misunderstanding,The prediction describes how to play the instrument instead of answering the question about its origin.,playing_method,1.0,The prediction describes the physical action of playing the instrument rather than its geographical origin.
/kaggle/input/datasets/bbeastboy/assamese-instrument-vlm-datasetqwen2-5-vl-3b/kaggle_dataset32/dataset_32images/xutuli/test/xutuli_test2.jpg,xutuli,q3,material,What material is this instrument made of?,This instrument is made of clay or bamboo.,This instrument is made of clay or bamboo.,Correct,The prediction matches the ground truth exactly.,,,
/kaggle/input/datasets/bbeastboy/assamese-instrument-vlm-datasetqwen2-5-vl-3b/kaggle_dataset32/dataset_32images/xutuli/test/xutuli_test2.jpg,xutuli,q4,parts,Name the major parts of this instrument.,"The main parts of this instrument are hollow body, blow end, and finger holes.","The main parts of this instrument are hollow body, blow end, and finger holes.",Correct,The prediction accurately lists all the major parts of the instrument as stated in the ground truth.,,,
/kaggle/input/datasets/bbeastboy/assamese-instrument-vlm-datasetqwen2-5-vl-3b/kaggle_dataset32/dataset_32images/xutuli/test/xutuli_test2.jpg,xutuli,q5,sound,What sound does this instrument produce?,"This instrument produces a high-pitched, sharp whistling sound.","This instrument produces a high-pitched, sharp whistling sound.",Correct,The prediction matches the ground truth exactly.,,,
/kaggle/input/datasets/bbeastboy/assamese-instrument-vlm-datasetqwen2-5-vl-3b/kaggle_dataset32/dataset_32images/xutuli/test/xutuli_test2.jpg,xutuli,q6,traditional_player,Which gender traditionally plays this instrument?,This instrument is traditionally played by both men and women.,This instrument is traditionally played by women.,Partial Answer / Incomplete Answer,"The prediction omits that the instrument is traditionally played by both genders, providing only a partial answer.",traditional_player,1.0,The prediction explicitly identifies the gender of the traditional player of the instrument.
/kaggle/input/datasets/bbeastboy/assamese-instrument-vlm-datasetqwen2-5-vl-3b/kaggle_dataset32/dataset_32images/xutuli/test/xutuli_test2.jpg,xutuli,q7,playing_method,How is this instrument played?,This instrument is played by blowing air into the blow end and covering finger holes.,This instrument is played by blowing air into the blow end and covering finger holes.,Correct,The prediction accurately describes the playing method as stated in the ground truth.,,,
/kaggle/input/datasets/bbeastboy/assamese-instrument-vlm-datasetqwen2-5-vl-3b/kaggle_dataset32/dataset_32images/xutuli/test/xutuli_test2.jpg,xutuli,q8,instrument_type,What type of musical instrument is this?,This is a small conical end-blown wind instrument.,This is a small conical end-blown wind instrument made from the horn of a buffalo or deer. The player blows air into the mouthpiece and blows it out through the blow hole at the opposite end.,Hallucination,The model adds specific material and playing details not present in the ground truth or verifiable image content.,instrument_type,0.95,The prediction primarily identifies the instrument type by describing its physical form and classification.
/kaggle/input/datasets/bbeastboy/assamese-instrument-vlm-datasetqwen2-5-vl-3b/kaggle_dataset32/dataset_32images/xutuli/test/xutuli_test2.jpg,xutuli,q9,description,"Give a description of this instrument including its cultural significance, and role in Assamese music.","The Xutuli is a small conical end-blown wind instrument traditionally made from clay or bamboo in the rural communities of Assam. It is played by blowing air directly into one end, producing a distinctly high-pitched, sharp whistling tone. It is an important traditional wind instrument in Assamese folk music. Its compact size and traditional use make it popular during Bihu celebrations.","The Xutuli is a small conical end-blown wind instrument traditionally made from clay or bamboo in the rural communities of Assam. It is played by blowing air directly into one end, producing a distinctly high-pitched, sharp whistling tone. It is an important traditional wind instrument in Assamese folk",Truncation,The response is cut off mid-sentence at the end of the description.,description,1.0,"The prediction provides a comprehensive overview of the instrument, covering its physical form, material, playing method, and cultural role."
/kaggle/input/datasets/bbeastboy/assamese-instrument-vlm-datasetqwen2-5-vl-3b/kaggle_dataset32/dataset_32images/xutuli/test/xutuli_test3.jpg,xutuli,q1,festival,In which festival is this instrument played?,It is played during Rongali Bihu which is the spring festival of Assam.,This small mouthpiece wind instrument is made of bamboo and a piece of cloth or leather. It is blown from the bottom end.,Question Misunderstanding,The model describes the instrument's physical characteristics instead of answering the question about the festival.,material,0.95,The prediction focuses on the physical composition and construction of the instrument rather than the festival context.
/kaggle/input/datasets/bbeastboy/assamese-instrument-vlm-datasetqwen2-5-vl-3b/kaggle_dataset32/dataset_32images/xutuli/test/xutuli_test3.jpg,xutuli,q2,origin,Where did this instrument originate?,It originated in the rural communities of Assam.,This instrument is played by placing both mouthpieces against the cheeks and blowing air through them.,Question Misunderstanding,The model describes how the instrument is played instead of answering the question about its origin.,playing_method,1.0,The prediction describes the physical technique used to play the instrument.
/kaggle/input/datasets/bbeastboy/assamese-instrument-vlm-datasetqwen2-5-vl-3b/kaggle_dataset32/dataset_32images/xutuli/test/xutuli_test3.jpg,xutuli,q3,material,What material is this instrument made of?,This instrument is made of clay or bamboo.,This instrument is made of clay or bamboo.,Correct,The prediction matches the ground truth exactly.,,,
/kaggle/input/datasets/bbeastboy/assamese-instrument-vlm-datasetqwen2-5-vl-3b/kaggle_dataset32/dataset_32images/xutuli/test/xutuli_test3.jpg,xutuli,q4,parts,Name the major parts of this instrument.,"The main parts of this instrument are hollow body, blow end, and finger holes.","The main parts of this instrument are hollow body, blow end, and finger holes.",Correct,The prediction accurately lists all the major parts of the instrument as stated in the ground truth.,,,
/kaggle/input/datasets/bbeastboy/assamese-instrument-vlm-datasetqwen2-5-vl-3b/kaggle_dataset32/dataset_32images/xutuli/test/xutuli_test3.jpg,xutuli,q5,sound,What sound does this instrument produce?,"This instrument produces a high-pitched, sharp whistling sound.","This instrument produces a high-pitched, sharp whistling sound.",Correct,The prediction matches the ground truth exactly.,,,
/kaggle/input/datasets/bbeastboy/assamese-instrument-vlm-datasetqwen2-5-vl-3b/kaggle_dataset32/dataset_32images/xutuli/test/xutuli_test3.jpg,xutuli,q6,traditional_player,Which gender traditionally plays this instrument?,This instrument is traditionally played by both men and women.,This instrument is traditionally played by women.,Partial Answer / Incomplete Answer,"The prediction omits that the instrument is traditionally played by both genders, providing only a partial answer.",traditional_player,1.0,The prediction explicitly identifies the gender of the traditional player of the instrument.
/kaggle/input/datasets/bbeastboy/assamese-instrument-vlm-datasetqwen2-5-vl-3b/kaggle_dataset32/dataset_32images/xutuli/test/xutuli_test3.jpg,xutuli,q7,playing_method,How is this instrument played?,This instrument is played by blowing air into the blow end and covering finger holes.,This instrument is played by blowing air into the blow end and covering finger holes.,Correct,The prediction accurately describes the playing method as stated in the ground truth.,,,
/kaggle/input/datasets/bbeastboy/assamese-instrument-vlm-datasetqwen2-5-vl-3b/kaggle_dataset32/dataset_32images/xutuli/test/xutuli_test3.jpg,xutuli,q8,instrument_type,What type of musical instrument is this?,This is a small conical end-blown wind instrument.,This is a small conical end-blown wind instrument made from bamboo or wood. It is played by blowing air into the blow end and covering finger holes.,Correct,The prediction accurately identifies the instrument and provides additional correct details without contradicting the ground truth.,,,
/kaggle/input/datasets/bbeastboy/assamese-instrument-vlm-datasetqwen2-5-vl-3b/kaggle_dataset32/dataset_32images/xutuli/test/xutuli_test3.jpg,xutuli,q9,description,"Give a description of this instrument including its cultural significance, and role in Assamese music.","The Xutuli is a small conical end-blown wind instrument traditionally made from clay or bamboo in the rural communities of Assam. It is played by blowing air directly into one end, producing a distinctly high-pitched, sharp whistling tone. It is an important traditional wind instrument in Assamese folk music. Its compact size and traditional use make it popular during Bihu celebrations.","The Xutuli is a small conical end-blown wind instrument traditionally made from clay or bamboo in the rural communities of Assam. It is played by blowing air directly into one end, producing a distinctly high-pitched, sharp whistling tone. It is an important traditional wind instrument in Assamese folk",Truncation,The response is cut off mid-sentence at the end of the description.,description,1.0,"The prediction provides a comprehensive overview of the instrument, covering its physical form, material, playing method, and cultural role."
/kaggle/input/datasets/bbeastboy/assamese-instrument-vlm-datasetqwen2-5-vl-3b/kaggle_dataset32/dataset_32images/xutuli/test/xutuli_test4.jpg,xutuli,q1,festival,In which festival is this instrument played?,It is played during Rongali Bihu which is the spring festival of Assam.,This instrument is played during Rongali Bihu which is the spring festival of Assam.,Correct,The prediction accurately identifies the festival and its cultural context as stated in the ground truth.,,,
/kaggle/input/datasets/bbeastboy/assamese-instrument-vlm-datasetqwen2-5-vl-3b/kaggle_dataset32/dataset_32images/xutuli/test/xutuli_test4.jpg,xutuli,q2,origin,Where did this instrument originate?,It originated in the rural communities of Assam.,This instrument is played by holding both ends and hitting it with the fingers or a stick.,Question Misunderstanding,The prediction describes how the instrument is played instead of answering the question about its origin.,playing_method,1.0,The prediction describes the physical technique used to play the instrument.
/kaggle/input/datasets/bbeastboy/assamese-instrument-vlm-datasetqwen2-5-vl-3b/kaggle_dataset32/dataset_32images/xutuli/test/xutuli_test4.jpg,xutuli,q3,material,What material is this instrument made of?,This instrument is made of clay or bamboo.,This instrument is made of clay or bamboo.,Correct,The prediction matches the ground truth exactly.,,,
/kaggle/input/datasets/bbeastboy/assamese-instrument-vlm-datasetqwen2-5-vl-3b/kaggle_dataset32/dataset_32images/xutuli/test/xutuli_test4.jpg,xutuli,q4,parts,Name the major parts of this instrument.,"The main parts of this instrument are hollow body, blow end, and finger holes.","The main parts of this instrument are hollow body, blow end, and finger holes.",Correct,The prediction accurately lists all the major parts of the instrument as stated in the ground truth.,,,
/kaggle/input/datasets/bbeastboy/assamese-instrument-vlm-datasetqwen2-5-vl-3b/kaggle_dataset32/dataset_32images/xutuli/test/xutuli_test4.jpg,xutuli,q5,sound,What sound does this instrument produce?,"This instrument produces a high-pitched, sharp whistling sound.","This instrument produces a high-pitched, sharp, whistling sound.",Correct,The prediction accurately describes the sound of the instrument as stated in the ground truth.,,,
/kaggle/input/datasets/bbeastboy/assamese-instrument-vlm-datasetqwen2-5-vl-3b/kaggle_dataset32/dataset_32images/xutuli/test/xutuli_test4.jpg,xutuli,q6,traditional_player,Which gender traditionally plays this instrument?,This instrument is traditionally played by both men and women.,This instrument is traditionally played by women.,Partial Answer / Incomplete Answer,"The prediction omits that the instrument is traditionally played by both genders, providing only a partial answer.",traditional_player,1.0,The prediction explicitly identifies the gender of the traditional player of the instrument.
/kaggle/input/datasets/bbeastboy/assamese-instrument-vlm-datasetqwen2-5-vl-3b/kaggle_dataset32/dataset_32images/xutuli/test/xutuli_test4.jpg,xutuli,q7,playing_method,How is this instrument played?,This instrument is played by blowing air into the blow end and covering finger holes.,This instrument is played by blowing air into the blow end and covering finger holes.,Correct,The prediction accurately describes the playing method as stated in the ground truth.,,,
/kaggle/input/datasets/bbeastboy/assamese-instrument-vlm-datasetqwen2-5-vl-3b/kaggle_dataset32/dataset_32images/xutuli/test/xutuli_test4.jpg,xutuli,q8,instrument_type,What type of musical instrument is this?,This is a small conical end-blown wind instrument.,This is a small conical end-blown wind instrument made from bamboo or wood. It is played by blowing air into the blow end and covering finger holes.,Correct,The prediction accurately identifies the instrument and provides additional correct details without contradicting the ground truth.,,,
/kaggle/input/datasets/bbeastboy/assamese-instrument-vlm-datasetqwen2-5-vl-3b/kaggle_dataset32/dataset_32images/xutuli/test/xutuli_test4.jpg,xutuli,q9,description,"Give a description of this instrument including its cultural significance, and role in Assamese music.","The Xutuli is a small conical end-blown wind instrument traditionally made from clay or bamboo in the rural communities of Assam. It is played by blowing air directly into one end, producing a distinctly high-pitched, sharp whistling tone. It is an important traditional wind instrument in Assamese folk music. Its compact size and traditional use make it popular during Bihu celebrations.","The Xutuli is a small conical end-blown wind instrument traditionally made from clay or bamboo in the rural communities of Assam. It is played by blowing air directly into one end, producing a distinctly high-pitched, sharp whistling tone. It is an important traditional wind instrument in Assamese folk",Truncation,The response is cut off mid-sentence at the end of the description.,description,1.0,"The prediction provides a comprehensive overview of the instrument, covering its physical form, material, playing method, and cultural role."
/kaggle/input/datasets/bbeastboy/assamese-instrument-vlm-datasetqwen2-5-vl-3b/kaggle_dataset32/dataset_32images/xutuli/test/xutuli_test5.jpg,xutuli,q1,festival,In which festival is this instrument played?,It is played during Rongali Bihu which is the spring festival of Assam.,This instrument is made from the horn of a male buffalo and is traditionally played by men. It is played by blowing air through the blow hole and covering the finger holes.,Question Misunderstanding,The model describes the instrument's construction and playing method instead of answering the question about the festival.,playing_method,0.95,"The prediction primarily describes the physical technique of how the instrument is played, specifically mentioning blowing air and covering finger holes."
/kaggle/input/datasets/bbeastboy/assamese-instrument-vlm-datasetqwen2-5-vl-3b/kaggle_dataset32/dataset_32images/xutuli/test/xutuli_test5.jpg,xutuli,q2,origin,Where did this instrument originate?,It originated in the rural communities of Assam.,This instrument is made from a single piece of hollowed-out bamboo.,Question Misunderstanding,The prediction describes the instrument's construction instead of answering the question about its geographical origin.,material,1.0,The prediction explicitly describes the physical substance and construction method of the instrument.
/kaggle/input/datasets/bbeastboy/assamese-instrument-vlm-datasetqwen2-5-vl-3b/kaggle_dataset32/dataset_32images/xutuli/test/xutuli_test5.jpg,xutuli,q3,material,What material is this instrument made of?,This instrument is made of clay or bamboo.,This instrument is made of clay or bamboo.,Correct,The prediction matches the ground truth exactly.,,,
/kaggle/input/datasets/bbeastboy/assamese-instrument-vlm-datasetqwen2-5-vl-3b/kaggle_dataset32/dataset_32images/xutuli/test/xutuli_test5.jpg,xutuli,q4,parts,Name the major parts of this instrument.,"The main parts of this instrument are hollow body, blow end, and finger holes.",During which festival is this instrument played?,Question Misunderstanding,The model ignored the question and asked a completely different question instead.,festival,1.0,The prediction explicitly asks about the festival associated with the instrument.
/kaggle/input/datasets/bbeastboy/assamese-instrument-vlm-datasetqwen2-5-vl-3b/kaggle_dataset32/dataset_32images/xutuli/test/xutuli_test5.jpg,xutuli,q5,sound,What sound does this instrument produce?,"This instrument produces a high-pitched, sharp whistling sound.","This instrument produces a high-pitched, sharp whistling sound.",Correct,The prediction matches the ground truth exactly.,,,
/kaggle/input/datasets/bbeastboy/assamese-instrument-vlm-datasetqwen2-5-vl-3b/kaggle_dataset32/dataset_32images/xutuli/test/xutuli_test5.jpg,xutuli,q6,traditional_player,Which gender traditionally plays this instrument?,This instrument is traditionally played by both men and women.,This instrument is traditionally played by women.,Partial Answer / Incomplete Answer,"The prediction omits that the instrument is traditionally played by both genders, providing only a partial answer.",traditional_player,1.0,The prediction explicitly identifies the gender of the traditional player of the instrument.
/kaggle/input/datasets/bbeastboy/assamese-instrument-vlm-datasetqwen2-5-vl-3b/kaggle_dataset32/dataset_32images/xutuli/test/xutuli_test5.jpg,xutuli,q7,playing_method,How is this instrument played?,This instrument is played by blowing air into the blow end and covering finger holes.,This instrument is played by blowing air into the blow end and covering finger holes.,Correct,The prediction accurately describes the playing method as stated in the ground truth.,,,
/kaggle/input/datasets/bbeastboy/assamese-instrument-vlm-datasetqwen2-5-vl-3b/kaggle_dataset32/dataset_32images/xutuli/test/xutuli_test5.jpg,xutuli,q8,instrument_type,What type of musical instrument is this?,This is a small conical end-blown wind instrument.,This is a small conical end-blown wind instrument made from the horn of a buffalo or deer. It is played by blowing air into one end and covering the other to change the pitch.,Correct,The prediction accurately identifies the instrument and provides additional correct descriptive details.,,,
/kaggle/input/datasets/bbeastboy/assamese-instrument-vlm-datasetqwen2-5-vl-3b/kaggle_dataset32/dataset_32images/xutuli/test/xutuli_test5.jpg,xutuli,q9,description,"Give a description of this instrument including its cultural significance, and role in Assamese music.","The Xutuli is a small conical end-blown wind instrument traditionally made from clay or bamboo in the rural communities of Assam. It is played by blowing air directly into one end, producing a distinctly high-pitched, sharp whistling tone. It is an important traditional wind instrument in Assamese folk music. Its compact size and traditional use make it popular during Bihu celebrations.","The Xutuli is a small conical end-blown wind instrument traditionally made from clay or bamboo in the rural communities of Assam. It is played by blowing air directly into one end, producing a distinctly high-pitched, sharp whistling tone. It is an important traditional wind instrument in Assamese folk",Truncation,The response is cut off mid-sentence at the end of the description.,description,1.0,"The prediction provides a comprehensive overview of the instrument, covering its physical form, material, playing method, and cultural role."
/kaggle/input/datasets/bbeastboy/assamese-instrument-vlm-datasetqwen2-5-vl-3b/kaggle_dataset32/dataset_32images/bihu_dhol/test/bihu_dhol_test1.jpg,bihu_dhol,q1,festival,In which festival is this instrument played?,It is played during Rongali Bihu which is the spring festival of Assam.,This small drum is played by both men and women during Rongali Bihu. It is played by striking the two heads of the drum against each other.,Mixed Attribute,The model correctly identifies the festival but includes incorrect information regarding the playing method.,festival,0.9,The prediction explicitly mentions the festival 'Rongali Bihu' as the context for the instrument's use.
/kaggle/input/datasets/bbeastboy/assamese-instrument-vlm-datasetqwen2-5-vl-3b/kaggle_dataset32/dataset_32images/bihu_dhol/test/bihu_dhol_test1.jpg,bihu_dhol,q2,origin,Where did this instrument originate?,It originated in the Brahmaputra valley of Assam.,This small drum is played by beating both ends simultaneously. It is played during Rongali Bihu and other folk festivals in Assam.,Question Misunderstanding,The model describes the instrument's playing method and festival usage instead of answering the question about its origin.,playing_method,0.9,"The prediction primarily describes how the instrument is played, despite the question asking for origin."
/kaggle/input/datasets/bbeastboy/assamese-instrument-vlm-datasetqwen2-5-vl-3b/kaggle_dataset32/dataset_32images/bihu_dhol/test/bihu_dhol_test1.jpg,bihu_dhol,q3,material,What material is this instrument made of?,This instrument is made of wood and animal skin.,This instrument is made of wood and animal skin.,Correct,The prediction accurately matches the ground truth provided.,,,
/kaggle/input/datasets/bbeastboy/assamese-instrument-vlm-datasetqwen2-5-vl-3b/kaggle_dataset32/dataset_32images/bihu_dhol/test/bihu_dhol_test1.jpg,bihu_dhol,q4,parts,Name the major parts of this instrument.,"The main parts of this instrument are wooden barrel body, two leather drum heads, and carrying strap.","The main parts of this instrument are the hollow cylindrical body made from bamboo or wood, two skin drumheads, and a carrying strap.",Correct,"The prediction accurately identifies the main parts of the instrument, consistent with the ground truth.",,,
/kaggle/input/datasets/bbeastboy/assamese-instrument-vlm-datasetqwen2-5-vl-3b/kaggle_dataset32/dataset_32images/bihu_dhol/test/bihu_dhol_test1.jpg,bihu_dhol,q5,sound,What sound does this instrument produce?,"This instrument produces a deep, resonant booming sound.","This instrument produces a deep, resonant booming sound.",Correct,The prediction matches the ground truth exactly.,,,
/kaggle/input/datasets/bbeastboy/assamese-instrument-vlm-datasetqwen2-5-vl-3b/kaggle_dataset32/dataset_32images/bihu_dhol/test/bihu_dhol_test1.jpg,bihu_dhol,q6,traditional_player,Which gender traditionally plays this instrument?,This instrument is traditionally played by men.,This instrument is traditionally played by men. It is traditionally played by men.,Repetition,The prediction provides the correct answer but repeats the information unnecessarily.,traditional_player,1.0,The prediction explicitly states the gender of the traditional player of the instrument.
/kaggle/input/datasets/bbeastboy/assamese-instrument-vlm-datasetqwen2-5-vl-3b/kaggle_dataset32/dataset_32images/bihu_dhol/test/bihu_dhol_test1.jpg,bihu_dhol,q7,playing_method,How is this instrument played?,This instrument is played by striking both drumheads with the hands and a stick.,This instrument is played by striking both drumheads with the hands.,Partial Answer / Incomplete Answer,"The prediction omits the use of a stick, which is part of the ground truth playing method.",playing_method,1.0,The prediction explicitly describes the physical action used to produce sound from the instrument.
/kaggle/input/datasets/bbeastboy/assamese-instrument-vlm-datasetqwen2-5-vl-3b/kaggle_dataset32/dataset_32images/bihu_dhol/test/bihu_dhol_test1.jpg,bihu_dhol,q8,instrument_type,What type of musical instrument is this?,This is a double-headed barrel-shaped percussion instrument.,This is a double-headed barrel-shaped percussion instrument made from bamboo or wood.,Correct,The prediction accurately identifies the instrument and includes additional correct descriptive details.,,,
/kaggle/input/datasets/bbeastboy/assamese-instrument-vlm-datasetqwen2-5-vl-3b/kaggle_dataset32/dataset_32images/bihu_dhol/test/bihu_dhol_test1.jpg,bihu_dhol,q9,description,"Give a description of this instrument including its cultural significance, and role in Assamese music.","The Dhol is a double-headed barrel drum and the primary rhythm instrument of Assamese folk music. It holds central significance in Rongali Bihu celebrations. Its deep, booming beats accompany Bihu dance performances and are considered the heartbeat of Assamese cultural gatherings.","The Dhol consists of two conical drums made from bamboo or wood, covered with animal skin. The larger, lower-frequency drum is struck with bare hands while the smaller, higher-frequency drum is struck with drumsticks. Its rhythmic beats provide the foundation for Assamese folk music.",Partial Answer / Incomplete Answer,The prediction describes the instrument's physical structure and musical role but omits its cultural significance in Bihu celebrations.,description,0.95,"The prediction provides a comprehensive overview of the instrument's construction, playing method, and musical role, fitting the definition of a general description."
/kaggle/input/datasets/bbeastboy/assamese-instrument-vlm-datasetqwen2-5-vl-3b/kaggle_dataset32/dataset_32images/bihu_dhol/test/bihu_dhol_test2.jpg,bihu_dhol,q1,festival,In which festival is this instrument played?,It is played during Rongali Bihu which is the spring festival of Assam.,This instrument is played during Rongali Bihu which is the spring festival of Assam.,Correct,The prediction accurately identifies the festival and its cultural context as stated in the ground truth.,,,
/kaggle/input/datasets/bbeastboy/assamese-instrument-vlm-datasetqwen2-5-vl-3b/kaggle_dataset32/dataset_32images/bihu_dhol/test/bihu_dhol_test2.jpg,bihu_dhol,q2,origin,Where did this instrument originate?,It originated in the Brahmaputra valley of Assam.,This instrument originated in the Brahmaputra valley of Assam.,Correct,The prediction accurately identifies the origin of the instrument as stated in the ground truth.,,,
/kaggle/input/datasets/bbeastboy/assamese-instrument-vlm-datasetqwen2-5-vl-3b/kaggle_dataset32/dataset_32images/bihu_dhol/test/bihu_dhol_test2.jpg,bihu_dhol,q3,material,What material is this instrument made of?,This instrument is made of wood and animal skin.,This instrument is made of bamboo and animal skin.,Hallucination,The prediction correctly identifies animal skin but incorrectly identifies the material as bamboo instead of wood.,material,1.0,The prediction explicitly identifies the substances used to construct the instrument.
/kaggle/input/datasets/bbeastboy/assamese-instrument-vlm-datasetqwen2-5-vl-3b/kaggle_dataset32/dataset_32images/bihu_dhol/test/bihu_dhol_test2.jpg,bihu_dhol,q4,parts,Name the major parts of this instrument.,"The main parts of this instrument are wooden barrel body, two leather drum heads, and carrying strap.","The main parts of this instrument are the wooden barrel body, two leather drum heads, and carrying strap.",Correct,The prediction accurately lists all the major parts of the instrument as stated in the ground truth.,,,
/kaggle/input/datasets/bbeastboy/assamese-instrument-vlm-datasetqwen2-5-vl-3b/kaggle_dataset32/dataset_32images/bihu_dhol/test/bihu_dhol_test2.jpg,bihu_dhol,q5,sound,What sound does this instrument produce?,"This instrument produces a deep, resonant booming sound.","This instrument produces a deep, resonant booming sound.",Correct,The prediction matches the ground truth exactly.,,,
/kaggle/input/datasets/bbeastboy/assamese-instrument-vlm-datasetqwen2-5-vl-3b/kaggle_dataset32/dataset_32images/bihu_dhol/test/bihu_dhol_test2.jpg,bihu_dhol,q6,traditional_player,Which gender traditionally plays this instrument?,This instrument is traditionally played by men.,This instrument is traditionally played by men.,Correct,The prediction matches the ground truth exactly.,,,
/kaggle/input/datasets/bbeastboy/assamese-instrument-vlm-datasetqwen2-5-vl-3b/kaggle_dataset32/dataset_32images/bihu_dhol/test/bihu_dhol_test2.jpg,bihu_dhol,q7,playing_method,How is this instrument played?,This instrument is played by striking both drumheads with the hands and a stick.,This instrument is played by striking both drumheads with the hands and a stick.,Correct,The prediction matches the ground truth exactly.,,,
/kaggle/input/datasets/bbeastboy/assamese-instrument-vlm-datasetqwen2-5-vl-3b/kaggle_dataset32/dataset_32images/bihu_dhol/test/bihu_dhol_test2.jpg,bihu_dhol,q8,instrument_type,What type of musical instrument is this?,This is a double-headed barrel-shaped percussion instrument.,This is a double-headed barrel-shaped percussion instrument made from bamboo and cloth. It is played by striking both ends simultaneously.,Mixed Attribute,The model added specific material and playing details not present in the ground truth or verifiable image context.,instrument_type,0.95,"The prediction primarily identifies the instrument's classification and physical form, which aligns with the instrument_type attribute."
/kaggle/input/datasets/bbeastboy/assamese-instrument-vlm-datasetqwen2-5-vl-3b/kaggle_dataset32/dataset_32images/bihu_dhol/test/bihu_dhol_test2.jpg,bihu_dhol,q9,description,"Give a description of this instrument including its cultural significance, and role in Assamese music.","The Dhol is a double-headed barrel drum and the primary rhythm instrument of Assamese folk music. It holds central significance in Rongali Bihu celebrations. Its deep, booming beats accompany Bihu dance performances and are considered the heartbeat of Assamese cultural gatherings.","The Dhol consists of two cylindrical drums made from bamboo or wood, covered with animal skin or cloth. The larger, lower pitch drum is struck with bare hands while the smaller, higher pitch drum is struck with drumsticks. Both drums are played simultaneously to create a rich, rhythmic foundation for Assamese folk music",Partial Answer / Incomplete Answer,The prediction describes the instrument's construction and musical role but omits its cultural significance in Assamese traditions.,parts,0.95,"The prediction primarily focuses on the physical construction and components of the instrument, such as the drums, materials, and playing implements."
/kaggle/input/datasets/bbeastboy/assamese-instrument-vlm-datasetqwen2-5-vl-3b/kaggle_dataset32/dataset_32images/bihu_dhol/test/bihu_dhol_test3.jpg,bihu_dhol,q1,festival,In which festival is this instrument played?,It is played during Rongali Bihu which is the spring festival of Assam.,This small drum is played by both men and women during Bihu festivals. It is played by striking the two heads of the drum against each other.,Question Misunderstanding,The model describes how the instrument is played instead of identifying the specific festival requested.,festival,0.95,The prediction explicitly mentions that the instrument is played during Bihu festivals.
/kaggle/input/datasets/bbeastboy/assamese-instrument-vlm-datasetqwen2-5-vl-3b/kaggle_dataset32/dataset_32images/bihu_dhol/test/bihu_dhol_test3.jpg,bihu_dhol,q2,origin,Where did this instrument originate?,It originated in the Brahmaputra valley of Assam.,This small drum is played by holding both ends and hitting them together. It is played during Rongali Bihu.,Question Misunderstanding,The model describes how the instrument is played and its festival instead of answering the origin question.,playing_method,0.95,The prediction primarily describes the physical technique used to play the instrument.
/kaggle/input/datasets/bbeastboy/assamese-instrument-vlm-datasetqwen2-5-vl-3b/kaggle_dataset32/dataset_32images/bihu_dhol/test/bihu_dhol_test3.jpg,bihu_dhol,q3,material,What material is this instrument made of?,This instrument is made of wood and animal skin.,This instrument is made of wood and animal skin.,Correct,The prediction accurately matches the ground truth provided.,,,
/kaggle/input/datasets/bbeastboy/assamese-instrument-vlm-datasetqwen2-5-vl-3b/kaggle_dataset32/dataset_32images/bihu_dhol/test/bihu_dhol_test3.jpg,bihu_dhol,q4,parts,Name the major parts of this instrument.,"The main parts of this instrument are wooden barrel body, two leather drum heads, and carrying strap.","The main parts of this instrument are the barrel-shaped body, two drumheads, and the carrying strap.",Correct,The prediction accurately identifies all major parts of the instrument described in the ground truth.,,,
/kaggle/input/datasets/bbeastboy/assamese-instrument-vlm-datasetqwen2-5-vl-3b/kaggle_dataset32/dataset_32images/bihu_dhol/test/bihu_dhol_test3.jpg,bihu_dhol,q5,sound,What sound does this instrument produce?,"This instrument produces a deep, resonant booming sound.","This instrument produces a deep, resonant booming sound.",Correct,The prediction matches the ground truth exactly.,,,
/kaggle/input/datasets/bbeastboy/assamese-instrument-vlm-datasetqwen2-5-vl-3b/kaggle_dataset32/dataset_32images/bihu_dhol/test/bihu_dhol_test3.jpg,bihu_dhol,q6,traditional_player,Which gender traditionally plays this instrument?,This instrument is traditionally played by men.,This small drum is traditionally played by men during festive occasions. It is played by striking the two heads of the drum against each other.,Mixed Attribute,The prediction correctly identifies the gender but includes incorrect information regarding the playing method.,traditional_player,0.9,The prediction explicitly identifies the gender of the traditional player as the primary subject of the first sentence.
/kaggle/input/datasets/bbeastboy/assamese-instrument-vlm-datasetqwen2-5-vl-3b/kaggle_dataset32/dataset_32images/bihu_dhol/test/bihu_dhol_test3.jpg,bihu_dhol,q7,playing_method,How is this instrument played?,This instrument is played by striking both drumheads with the hands and a stick.,This instrument is played by striking both drumheads with the palms of the hands.,Partial Answer / Incomplete Answer,"The prediction omits the use of a stick, which is part of the ground truth playing method.",playing_method,1.0,The prediction explicitly describes the physical action used to produce sound from the instrument.
/kaggle/input/datasets/bbeastboy/assamese-instrument-vlm-datasetqwen2-5-vl-3b/kaggle_dataset32/dataset_32images/bihu_dhol/test/bihu_dhol_test3.jpg,bihu_dhol,q8,instrument_type,What type of musical instrument is this?,This is a double-headed barrel-shaped percussion instrument.,"This is a double-headed barrel-shaped percussion instrument. It consists of two drumheads made from animal skin, one larger than the other, and struck rhythmically.",Correct,The prediction accurately identifies the instrument and provides additional correct details consistent with the ground truth.,,,
/kaggle/input/datasets/bbeastboy/assamese-instrument-vlm-datasetqwen2-5-vl-3b/kaggle_dataset32/dataset_32images/bihu_dhol/test/bihu_dhol_test3.jpg,bihu_dhol,q9,description,"Give a description of this instrument including its cultural significance, and role in Assamese music.","The Dhol is a double-headed barrel drum and the primary rhythm instrument of Assamese folk music. It holds central significance in Rongali Bihu celebrations. Its deep, booming beats accompany Bihu dance performances and are considered the heartbeat of Assamese cultural gatherings.","The Dhol consists of two barrel-shaped drums made from bamboo or wood, covered with animal skin. The larger side is struck with bare hands while the smaller side is hit with a mallet. It is played by both men and women and is traditionally played during Bihu festivities.",Partial Answer / Incomplete Answer,The prediction describes the instrument's construction and usage but fails to address its role as the primary rhythm instrument.,description,0.95,"The prediction provides a comprehensive overview covering physical construction, playing method, and cultural context, making it a general description."
/kaggle/input/datasets/bbeastboy/assamese-instrument-vlm-datasetqwen2-5-vl-3b/kaggle_dataset32/dataset_32images/bihu_dhol/test/bihu_dhol_test4.jpg,bihu_dhol,q1,festival,In which festival is this instrument played?,It is played during Rongali Bihu which is the spring festival of Assam.,This instrument is played during Rongali Bihu which is the spring festival of Assam. It is played by both men and women. The small end is struck rhythmically while the large end is hit with a stick to produce a sharp crash sound. It is made from a hollowed out tenon root covered with,Truncation,The response is cut off mid-sentence before completing the description of the instrument's construction.,description,0.95,"The prediction provides a comprehensive overview covering the festival, playing method, and material, making 'description' the most appropriate label."
/kaggle/input/datasets/bbeastboy/assamese-instrument-vlm-datasetqwen2-5-vl-3b/kaggle_dataset32/dataset_32images/bihu_dhol/test/bihu_dhol_test4.jpg,bihu_dhol,q2,origin,Where did this instrument originate?,It originated in the Brahmaputra valley of Assam.,This instrument originated in the Brahmaputra valley of Assam. It is made from a single piece of wood and has two vibrating surfaces.,Correct,The prediction correctly identifies the origin and provides additional accurate information.,,,
/kaggle/input/datasets/bbeastboy/assamese-instrument-vlm-datasetqwen2-5-vl-3b/kaggle_dataset32/dataset_32images/bihu_dhol/test/bihu_dhol_test4.jpg,bihu_dhol,q3,material,What material is this instrument made of?,This instrument is made of wood and animal skin.,This instrument is made of wood and animal skin.,Correct,The prediction accurately matches the ground truth provided.,,,
/kaggle/input/datasets/bbeastboy/assamese-instrument-vlm-datasetqwen2-5-vl-3b/kaggle_dataset32/dataset_32images/bihu_dhol/test/bihu_dhol_test4.jpg,bihu_dhol,q4,parts,Name the major parts of this instrument.,"The main parts of this instrument are wooden barrel body, two leather drum heads, and carrying strap.","The main parts of this instrument are the wooden barrel body, two leather drum heads, and the carrying strap.",Correct,The prediction accurately lists all the major parts of the instrument as specified in the ground truth.,,,
/kaggle/input/datasets/bbeastboy/assamese-instrument-vlm-datasetqwen2-5-vl-3b/kaggle_dataset32/dataset_32images/bihu_dhol/test/bihu_dhol_test4.jpg,bihu_dhol,q5,sound,What sound does this instrument produce?,"This instrument produces a deep, resonant booming sound.","This instrument produces a deep, resonant booming sound.",Correct,The prediction matches the ground truth exactly.,,,
/kaggle/input/datasets/bbeastboy/assamese-instrument-vlm-datasetqwen2-5-vl-3b/kaggle_dataset32/dataset_32images/bihu_dhol/test/bihu_dhol_test4.jpg,bihu_dhol,q6,traditional_player,Which gender traditionally plays this instrument?,This instrument is traditionally played by men.,This instrument is traditionally played by men.,Correct,The prediction matches the ground truth exactly.,,,
/kaggle/input/datasets/bbeastboy/assamese-instrument-vlm-datasetqwen2-5-vl-3b/kaggle_dataset32/dataset_32images/bihu_dhol/test/bihu_dhol_test4.jpg,bihu_dhol,q7,playing_method,How is this instrument played?,This instrument is played by striking both drumheads with the hands and a stick.,This instrument is played by striking both drumheads with the hands and a stick.,Correct,The prediction matches the ground truth exactly.,,,
/kaggle/input/datasets/bbeastboy/assamese-instrument-vlm-datasetqwen2-5-vl-3b/kaggle_dataset32/dataset_32images/bihu_dhol/test/bihu_dhol_test4.jpg,bihu_dhol,q8,instrument_type,What type of musical instrument is this?,This is a double-headed barrel-shaped percussion instrument.,This is a double-headed barrel-shaped percussion instrument made from bamboo and leather. It is played by striking both ends simultaneously.,Correct,The prediction accurately identifies the instrument and provides additional correct details consistent with the ground truth.,,,
/kaggle/input/datasets/bbeastboy/assamese-instrument-vlm-datasetqwen2-5-vl-3b/kaggle_dataset32/dataset_32images/bihu_dhol/test/bihu_dhol_test4.jpg,bihu_dhol,q9,description,"Give a description of this instrument including its cultural significance, and role in Assamese music.","The Dhol is a double-headed barrel drum and the primary rhythm instrument of Assamese folk music. It holds central significance in Rongali Bihu celebrations. Its deep, booming beats accompany Bihu dance performances and are considered the heartbeat of Assamese cultural gatherings.","The Dhol is made from two hollowed-out bamboo drums of different sizes, connected by a string mechanism that vibrates when struck. It is played by striking both ends simultaneously or hitting one end while holding the other steady. The Dhol's rhythmic beats provide the foundation for Bihu dances and are an essential component",Hallucination,"The model incorrectly describes the Dhol as being made from bamboo drums, which is factually inaccurate.",description,0.95,"The prediction provides a comprehensive overview covering material, playing method, and cultural role, making it a general description."
/kaggle/input/datasets/bbeastboy/assamese-instrument-vlm-datasetqwen2-5-vl-3b/kaggle_dataset32/dataset_32images/bihu_dhol/test/bihu_dhol_test5.jpg,bihu_dhol,q1,festival,In which festival is this instrument played?,It is played during Rongali Bihu which is the spring festival of Assam.,This small drum is played by both men and women and is traditionally played during Rongali Bihu. It is played by striking the two heads of the drum against each other.,Mixed Attribute,The prediction correctly answers the festival (Rongali Bihu) but mixes it with incorrect instrument details,festival,0.95,The prediction explicitly identifies the festival 'Rongali Bihu' as the primary context for the instrument's use.
/kaggle/input/datasets/bbeastboy/assamese-instrument-vlm-datasetqwen2-5-vl-3b/kaggle_dataset32/dataset_32images/bihu_dhol/test/bihu_dhol_test5.jpg,bihu_dhol,q2,origin,Where did this instrument originate?,It originated in the Brahmaputra valley of Assam.,This small drum is played by striking both heads together. It is played during Rongali Bihu and other folk festivals.,Question Misunderstanding,The model describes the instrument's playing method and festival usage instead of answering the question about its origin.,playing_method,0.9,"The prediction primarily describes how the instrument is played, despite the question asking for origin."
/kaggle/input/datasets/bbeastboy/assamese-instrument-vlm-datasetqwen2-5-vl-3b/kaggle_dataset32/dataset_32images/bihu_dhol/test/bihu_dhol_test5.jpg,bihu_dhol,q3,material,What material is this instrument made of?,This instrument is made of wood and animal skin.,This instrument is made of wood and animal skin.,Correct,The prediction accurately matches the ground truth provided.,,,
/kaggle/input/datasets/bbeastboy/assamese-instrument-vlm-datasetqwen2-5-vl-3b/kaggle_dataset32/dataset_32images/bihu_dhol/test/bihu_dhol_test5.jpg,bihu_dhol,q4,parts,Name the major parts of this instrument.,"The main parts of this instrument are wooden barrel body, two leather drum heads, and carrying strap.",This instrument is played by striking both drum heads with wooden sticks.,Question Misunderstanding,The prediction describes how the instrument is played instead of naming its major parts.,playing_method,1.0,"The prediction describes the action of striking the drum heads with sticks, which defines how the instrument is played."
/kaggle/input/datasets/bbeastboy/assamese-instrument-vlm-datasetqwen2-5-vl-3b/kaggle_dataset32/dataset_32images/bihu_dhol/test/bihu_dhol_test5.jpg,bihu_dhol,q5,sound,What sound does this instrument produce?,"This instrument produces a deep, resonant booming sound.","This instrument produces a deep, resonant booming sound.",Correct,The prediction matches the ground truth exactly.,,,
/kaggle/input/datasets/bbeastboy/assamese-instrument-vlm-datasetqwen2-5-vl-3b/kaggle_dataset32/dataset_32images/bihu_dhol/test/bihu_dhol_test5.jpg,bihu_dhol,q6,traditional_player,Which gender traditionally plays this instrument?,This instrument is traditionally played by men.,This instrument is traditionally played by men. It is traditionally played by men.,Repetition,The prediction provides the correct answer but repeats the information unnecessarily.,traditional_player,1.0,The prediction explicitly states the gender of the traditional player of the instrument.
/kaggle/input/datasets/bbeastboy/assamese-instrument-vlm-datasetqwen2-5-vl-3b/kaggle_dataset32/dataset_32images/bihu_dhol/test/bihu_dhol_test5.jpg,bihu_dhol,q7,playing_method,How is this instrument played?,This instrument is played by striking both drumheads with the hands and a stick.,This instrument is played by striking both drumheads with the hands and a stick.,Correct,The prediction matches the ground truth exactly.,,,
/kaggle/input/datasets/bbeastboy/assamese-instrument-vlm-datasetqwen2-5-vl-3b/kaggle_dataset32/dataset_32images/bihu_dhol/test/bihu_dhol_test5.jpg,bihu_dhol,q8,instrument_type,What type of musical instrument is this?,This is a double-headed barrel-shaped percussion instrument.,This is a double-headed barrel-shaped percussion instrument made from bamboo or wood. It is played by striking both ends of the instrument with wooden or metal beaters.,Correct,The prediction accurately identifies the instrument and provides additional correct details consistent with the ground truth.,,,
/kaggle/input/datasets/bbeastboy/assamese-instrument-vlm-datasetqwen2-5-vl-3b/kaggle_dataset32/dataset_32images/bihu_dhol/test/bihu_dhol_test5.jpg,bihu_dhol,q9,description,"Give a description of this instrument including its cultural significance, and role in Assamese music.","The Dhol is a double-headed barrel drum and the primary rhythm instrument of Assamese folk music. It holds central significance in Rongali Bihu celebrations. Its deep, booming beats accompany Bihu dance performances and are considered the heartbeat of Assamese cultural gatherings.","The Dhol is made from two hollowed bamboo or wood barrels, covered with animal skin and drumheads made from animal skin or cloth. The smaller head is struck with a small wooden beater, while the larger head is hit with a larger stick. It is played by striking both heads simultaneously or hitting one head harder",Partial Answer / Incomplete Answer,The prediction describes the physical construction and playing method but omits the required cultural significance and role in Assamese music.,playing_method,0.9,The prediction primarily focuses on the construction materials and the specific techniques used to strike the drum heads.
/kaggle/input/datasets/bbeastboy/assamese-instrument-vlm-datasetqwen2-5-vl-3b/kaggle_dataset32/dataset_32images/pepa/test/pepa_test1.jpg,pepa,q1,festival,In which festival is this instrument played?,It is played during Rongali Bihu which is the spring festival of Assam.,"This small conical wind instrument is blown to produce a sharp, piercing sound. It is played by both men and women.",Question Misunderstanding,The prediction describes the instrument's physical characteristics and usage instead of answering the question about the festival.,playing_method,0.9,"The prediction focuses on how the instrument is played (blown) and who plays it, rather than the festival."
/kaggle/input/datasets/bbeastboy/assamese-instrument-vlm-datasetqwen2-5-vl-3b/kaggle_dataset32/dataset_32images/pepa/test/pepa_test1.jpg,pepa,q2,origin,Where did this instrument originate?,It originated in the plains of Assam.,This instrument originated in the plains of Assam. It is played by blowing air through the blow hole and plucking the vibrating tongue.,Correct,The prediction correctly identifies the origin and provides additional accurate information.,,,
/kaggle/input/datasets/bbeastboy/assamese-instrument-vlm-datasetqwen2-5-vl-3b/kaggle_dataset32/dataset_32images/pepa/test/pepa_test1.jpg,pepa,q3,material,What material is this instrument made of?,This instrument is made of buffalo horn and bamboo.,This instrument is made of buffalo horn and bamboo.,Correct,The prediction matches the ground truth exactly.,,,
/kaggle/input/datasets/bbeastboy/assamese-instrument-vlm-datasetqwen2-5-vl-3b/kaggle_dataset32/dataset_32images/pepa/test/pepa_test1.jpg,pepa,q4,parts,Name the major parts of this instrument.,"The main parts of this instrument are buffalo horn body, reed and mouthpiece opening.","The main parts of this instrument are buffalo horn body, reed and mouthpiece opening.",Correct,The prediction accurately lists all the major parts of the instrument as stated in the ground truth.,,,
/kaggle/input/datasets/bbeastboy/assamese-instrument-vlm-datasetqwen2-5-vl-3b/kaggle_dataset32/dataset_32images/pepa/test/pepa_test1.jpg,pepa,q5,sound,What sound does this instrument produce?,"This instrument produces a sharp, nasal, piercing sound.","This instrument produces a sharp, nasal, piercing sound.",Correct,The prediction matches the ground truth exactly.,,,
/kaggle/input/datasets/bbeastboy/assamese-instrument-vlm-datasetqwen2-5-vl-3b/kaggle_dataset32/dataset_32images/pepa/test/pepa_test1.jpg,pepa,q6,traditional_player,Which gender traditionally plays this instrument?,This instrument is traditionally played by men.,This instrument is traditionally played by men.,Correct,The prediction matches the ground truth exactly.,,,
/kaggle/input/datasets/bbeastboy/assamese-instrument-vlm-datasetqwen2-5-vl-3b/kaggle_dataset32/dataset_32images/pepa/test/pepa_test1.jpg,pepa,q7,playing_method,How is this instrument played?,This instrument is played by blowing air through the mouthpiece.,This instrument is played by blowing air through the blow hole and covering finger holes.,Mixed Attribute,The prediction includes the correct blowing action but adds unverified finger hole details not in the ground truth.,playing_method,1.0,The prediction explicitly describes the physical actions required to produce sound from the instrument.
/kaggle/input/datasets/bbeastboy/assamese-instrument-vlm-datasetqwen2-5-vl-3b/kaggle_dataset32/dataset_32images/pepa/test/pepa_test1.jpg,pepa,q8,instrument_type,What type of musical instrument is this?,This is a free-reed wind instrument made from buffalo horn and bamboo.,"During performances, the player blows air through the mouthpiece and vibrates the reed to produce sound. This instrument is traditionally played by men during Rongali Bihu celebrations.",Question Misunderstanding,The model describes how the instrument is played and its cultural context instead of identifying the instrument type.,playing_method,0.95,The prediction primarily describes the physical action of blowing air and vibrating the reed to produce sound.
/kaggle/input/datasets/bbeastboy/assamese-instrument-vlm-datasetqwen2-5-vl-3b/kaggle_dataset32/dataset_32images/pepa/test/pepa_test1.jpg,pepa,q9,description,"Give a description of this instrument including its cultural significance, and role in Assamese music.","The Pepa is a traditional Assamese wind instrument crafted from the horn of a male buffalo fitted with a small reed made from bamboo, cane, or wood. It is inseparable from Rongali Bihu celebrations and is recognized as one of the most iconic symbols of Assamese folk culture. Its sharp, nasal tone accompanies Bihu dance performances. It is traditionally played by young men during Bihu festivities.","The Pepa is a traditional Assamese wind instrument crafted from the horn of a male buffalo fitted with a small reed made from bamboo, cane, or wood. It is inseparable from Rongali Bihu celebrations and is recognized as one of the most iconic symbols of Assamese folk culture. Its sharp",Truncation,The response is cut off mid-sentence before completing the description of the instrument's role.,description,1.0,"The prediction provides a comprehensive overview of the instrument, covering its material, cultural significance, and role, which fits the definition of a general description."
/kaggle/input/datasets/bbeastboy/assamese-instrument-vlm-datasetqwen2-5-vl-3b/kaggle_dataset32/dataset_32images/pepa/test/pepa_test2.jpg,pepa,q1,festival,In which festival is this instrument played?,It is played during Rongali Bihu which is the spring festival of Assam.,This instrument is played during Rongali Bihu which is the spring festival of Assam. It is played by both men and women.,Correct,The prediction correctly identifies the festival and provides additional accurate context.,,,
/kaggle/input/datasets/bbeastboy/assamese-instrument-vlm-datasetqwen2-5-vl-3b/kaggle_dataset32/dataset_32images/pepa/test/pepa_test2.jpg,pepa,q2,origin,Where did this instrument originate?,It originated in the plains of Assam.,This instrument originated in the plains of Assam.,Correct,The prediction accurately states the origin of the instrument as provided in the ground truth.,,,
/kaggle/input/datasets/bbeastboy/assamese-instrument-vlm-datasetqwen2-5-vl-3b/kaggle_dataset32/dataset_32images/pepa/test/pepa_test2.jpg,pepa,q3,material,What material is this instrument made of?,This instrument is made of buffalo horn and bamboo.,This instrument is made of buffalo horn and bamboo.,Correct,The prediction matches the ground truth exactly.,,,
/kaggle/input/datasets/bbeastboy/assamese-instrument-vlm-datasetqwen2-5-vl-3b/kaggle_dataset32/dataset_32images/pepa/test/pepa_test2.jpg,pepa,q4,parts,Name the major parts of this instrument.,"The main parts of this instrument are buffalo horn body, reed and mouthpiece opening.","The main parts of this instrument are buffalo horn body, reed and mouthpiece opening.",Correct,The prediction accurately lists all the major parts of the instrument as stated in the ground truth.,,,
/kaggle/input/datasets/bbeastboy/assamese-instrument-vlm-datasetqwen2-5-vl-3b/kaggle_dataset32/dataset_32images/pepa/test/pepa_test2.jpg,pepa,q5,sound,What sound does this instrument produce?,"This instrument produces a sharp, nasal, piercing sound.","This instrument produces a sharp, nasal, piercing sound.",Correct,The prediction matches the ground truth exactly.,,,
/kaggle/input/datasets/bbeastboy/assamese-instrument-vlm-datasetqwen2-5-vl-3b/kaggle_dataset32/dataset_32images/pepa/test/pepa_test2.jpg,pepa,q6,traditional_player,Which gender traditionally plays this instrument?,This instrument is traditionally played by men.,This instrument is traditionally played by men.,Correct,The prediction matches the ground truth exactly.,,,
/kaggle/input/datasets/bbeastboy/assamese-instrument-vlm-datasetqwen2-5-vl-3b/kaggle_dataset32/dataset_32images/pepa/test/pepa_test2.jpg,pepa,q7,playing_method,How is this instrument played?,This instrument is played by blowing air through the mouthpiece.,This instrument is played by blowing air through the blow hole and covering the finger holes.,Mixed Attribute,The prediction includes the correct blowing action but adds extra details not present in the ground truth.,playing_method,1.0,The prediction explicitly describes the physical actions required to produce sound from the instrument.
/kaggle/input/datasets/bbeastboy/assamese-instrument-vlm-datasetqwen2-5-vl-3b/kaggle_dataset32/dataset_32images/pepa/test/pepa_test2.jpg,pepa,q8,instrument_type,What type of musical instrument is this?,This is a free-reed wind instrument made from buffalo horn and bamboo.,"During festivals, this instrument is played by both men and women. It is played by blowing air through the mouthpiece and plucking the reed to produce a sharp, piercing sound.",Question Misunderstanding,The prediction describes how the instrument is played rather than identifying the type of instrument as requested.,playing_method,0.95,The prediction primarily describes the physical actions of blowing and plucking used to produce sound.
/kaggle/input/datasets/bbeastboy/assamese-instrument-vlm-datasetqwen2-5-vl-3b/kaggle_dataset32/dataset_32images/pepa/test/pepa_test2.jpg,pepa,q9,description,"Give a description of this instrument including its cultural significance, and role in Assamese music.","The Pepa is a traditional Assamese wind instrument crafted from the horn of a male buffalo fitted with a small reed made from bamboo, cane, or wood. It is inseparable from Rongali Bihu celebrations and is recognized as one of the most iconic symbols of Assamese folk culture. Its sharp, nasal tone accompanies Bihu dance performances. It is traditionally played by young men during Bihu festivities.","The Pepa is a traditional Assamese wind instrument crafted from the horn of a male buffalo fitted with a small reed made from bamboo, cane, or wood. It is inseparable from Rongali Bihu celebrations and is recognized as one of the most iconic symbols of Assamese folk culture. Its sharp",Truncation,The response is cut off mid-sentence before completing the description of the instrument's role.,description,1.0,"The prediction provides a comprehensive overview of the instrument, covering its material, cultural significance, and role, which fits the definition of a general description."
/kaggle/input/datasets/bbeastboy/assamese-instrument-vlm-datasetqwen2-5-vl-3b/kaggle_dataset32/dataset_32images/pepa/test/pepa_test3.jpg,pepa,q1,festival,In which festival is this instrument played?,It is played during Rongali Bihu which is the spring festival of Assam.,This instrument is played during Rongali Bihu which is the spring festival of Assam. It is played by both men and women.,Correct,The prediction correctly identifies the festival and provides additional accurate context.,,,
/kaggle/input/datasets/bbeastboy/assamese-instrument-vlm-datasetqwen2-5-vl-3b/kaggle_dataset32/dataset_32images/pepa/test/pepa_test3.jpg,pepa,q2,origin,Where did this instrument originate?,It originated in the plains of Assam.,This instrument originated in the plains of Assam. It is played by blowing air through the blow hole and covering finger holes.,Correct,The prediction correctly identifies the origin and provides additional accurate information without contradicting the ground truth.,,,
/kaggle/input/datasets/bbeastboy/assamese-instrument-vlm-datasetqwen2-5-vl-3b/kaggle_dataset32/dataset_32images/pepa/test/pepa_test3.jpg,pepa,q3,material,What material is this instrument made of?,This instrument is made of buffalo horn and bamboo.,This instrument is made of buffalo horn and bamboo.,Correct,The prediction matches the ground truth exactly.,,,
/kaggle/input/datasets/bbeastboy/assamese-instrument-vlm-datasetqwen2-5-vl-3b/kaggle_dataset32/dataset_32images/pepa/test/pepa_test3.jpg,pepa,q4,parts,Name the major parts of this instrument.,"The main parts of this instrument are buffalo horn body, reed and mouthpiece opening.","The main parts of this instrument are buffalo horn body, reed and mouthpiece opening.",Correct,The prediction accurately lists all the major parts of the instrument as stated in the ground truth.,,,
/kaggle/input/datasets/bbeastboy/assamese-instrument-vlm-datasetqwen2-5-vl-3b/kaggle_dataset32/dataset_32images/pepa/test/pepa_test3.jpg,pepa,q5,sound,What sound does this instrument produce?,"This instrument produces a sharp, nasal, piercing sound.","This instrument produces a sharp, nasal, piercing high-pitched sound.",Correct,The prediction accurately describes the sound and includes an additional descriptive term that remains factually consistent.,,,
/kaggle/input/datasets/bbeastboy/assamese-instrument-vlm-datasetqwen2-5-vl-3b/kaggle_dataset32/dataset_32images/pepa/test/pepa_test3.jpg,pepa,q6,traditional_player,Which gender traditionally plays this instrument?,This instrument is traditionally played by men.,This instrument is traditionally played by men.,Correct,The prediction matches the ground truth exactly.,,,
/kaggle/input/datasets/bbeastboy/assamese-instrument-vlm-datasetqwen2-5-vl-3b/kaggle_dataset32/dataset_32images/pepa/test/pepa_test3.jpg,pepa,q7,playing_method,How is this instrument played?,This instrument is played by blowing air through the mouthpiece.,This instrument is played by blowing air through the blow hole and covering the finger holes.,Mixed Attribute,The prediction includes the correct blowing action but adds extra details not present in the ground truth.,playing_method,1.0,The prediction explicitly describes the physical actions required to produce sound from the instrument.
/kaggle/input/datasets/bbeastboy/assamese-instrument-vlm-datasetqwen2-5-vl-3b/kaggle_dataset32/dataset_32images/pepa/test/pepa_test3.jpg,pepa,q8,instrument_type,What type of musical instrument is this?,This is a free-reed wind instrument made from buffalo horn and bamboo.,"During performances, the player blows air through the mouthpiece and vibrates the reed to produce sound. This instrument is traditionally played by men during Rongali Bihu celebrations.",Question Misunderstanding,The model describes how the instrument is played and its cultural context instead of identifying the instrument type.,playing_method,0.95,The prediction primarily describes the physical action of blowing air and vibrating the reed to produce sound.
/kaggle/input/datasets/bbeastboy/assamese-instrument-vlm-datasetqwen2-5-vl-3b/kaggle_dataset32/dataset_32images/pepa/test/pepa_test3.jpg,pepa,q9,description,"Give a description of this instrument including its cultural significance, and role in Assamese music.","The Pepa is a traditional Assamese wind instrument crafted from the horn of a male buffalo fitted with a small reed made from bamboo, cane, or wood. It is inseparable from Rongali Bihu celebrations and is recognized as one of the most iconic symbols of Assamese folk culture. Its sharp, nasal tone accompanies Bihu dance performances. It is traditionally played by young men during Bihu festivities.","The Pepa is a traditional Assamese wind instrument crafted from the horn of a male buffalo fitted with a small reed made from bamboo, cane, or wood. It is inseparable from Rongali Bihu celebrations and is recognized as one of the most iconic symbols of Assamese folk culture. Its sharp",Truncation,The response is cut off mid-sentence before completing the description of the instrument's role.,description,1.0,"The prediction provides a comprehensive overview of the instrument, covering its material, cultural significance, and role, which fits the definition of a general description."
/kaggle/input/datasets/bbeastboy/assamese-instrument-vlm-datasetqwen2-5-vl-3b/kaggle_dataset32/dataset_32images/pepa/test/pepa_test4.jpg,pepa,q1,festival,In which festival is this instrument played?,It is played during Rongali Bihu which is the spring festival of Assam.,"This small conical wind instrument is blown from the bottom end and produces a sharp, piercing sound. It is played by both men and women.",Question Misunderstanding,The model describes the instrument's physical characteristics and usage instead of answering the question about the festival.,playing_method,0.95,"The prediction primarily describes how the instrument is played (blown from the bottom) and who plays it, rather than identifying the festival."
/kaggle/input/datasets/bbeastboy/assamese-instrument-vlm-datasetqwen2-5-vl-3b/kaggle_dataset32/dataset_32images/pepa/test/pepa_test4.jpg,pepa,q2,origin,Where did this instrument originate?,It originated in the plains of Assam.,This instrument is played by blowing air through the blow hole and covering finger holes.,Question Misunderstanding,The prediction describes how the instrument is played instead of answering the question about its origin.,playing_method,1.0,"The prediction describes the physical technique used to play the instrument, which corresponds to the playing_method attribute."
/kaggle/input/datasets/bbeastboy/assamese-instrument-vlm-datasetqwen2-5-vl-3b/kaggle_dataset32/dataset_32images/pepa/test/pepa_test4.jpg,pepa,q3,material,What material is this instrument made of?,This instrument is made of buffalo horn and bamboo.,This instrument is made of buffalo horn and bamboo.,Correct,The prediction matches the ground truth exactly.,,,
/kaggle/input/datasets/bbeastboy/assamese-instrument-vlm-datasetqwen2-5-vl-3b/kaggle_dataset32/dataset_32images/pepa/test/pepa_test4.jpg,pepa,q4,parts,Name the major parts of this instrument.,"The main parts of this instrument are buffalo horn body, reed and mouthpiece opening.","The main parts of this instrument are buffalo horn body, reed and mouthpiece opening.",Correct,The prediction accurately lists all the major parts of the instrument as stated in the ground truth.,,,
/kaggle/input/datasets/bbeastboy/assamese-instrument-vlm-datasetqwen2-5-vl-3b/kaggle_dataset32/dataset_32images/pepa/test/pepa_test4.jpg,pepa,q5,sound,What sound does this instrument produce?,"This instrument produces a sharp, nasal, piercing sound.","This instrument produces a sharp, nasal, piercing sound.",Correct,The prediction matches the ground truth exactly.,,,
/kaggle/input/datasets/bbeastboy/assamese-instrument-vlm-datasetqwen2-5-vl-3b/kaggle_dataset32/dataset_32images/pepa/test/pepa_test4.jpg,pepa,q6,traditional_player,Which gender traditionally plays this instrument?,This instrument is traditionally played by men.,This instrument is traditionally played by men.,Correct,The prediction matches the ground truth exactly.,,,
/kaggle/input/datasets/bbeastboy/assamese-instrument-vlm-datasetqwen2-5-vl-3b/kaggle_dataset32/dataset_32images/pepa/test/pepa_test4.jpg,pepa,q7,playing_method,How is this instrument played?,This instrument is played by blowing air through the mouthpiece.,This instrument is played by blowing air through the blow hole and covering finger holes.,Mixed Attribute,The prediction includes the correct blowing action but adds unverified finger hole details not in the ground truth.,playing_method,1.0,The prediction explicitly describes the physical actions required to produce sound from the instrument.
/kaggle/input/datasets/bbeastboy/assamese-instrument-vlm-datasetqwen2-5-vl-3b/kaggle_dataset32/dataset_32images/pepa/test/pepa_test4.jpg,pepa,q8,instrument_type,What type of musical instrument is this?,This is a free-reed wind instrument made from buffalo horn and bamboo.,This is a free-reed wind instrument made from buffalo horn and bamboo. It is played by blowing air through the narrow end while pressing the reed with the other hand.,Correct,The prediction accurately identifies the instrument and provides additional correct information without contradicting the ground truth.,,,
/kaggle/input/datasets/bbeastboy/assamese-instrument-vlm-datasetqwen2-5-vl-3b/kaggle_dataset32/dataset_32images/pepa/test/pepa_test4.jpg,pepa,q9,description,"Give a description of this instrument including its cultural significance, and role in Assamese music.","The Pepa is a traditional Assamese wind instrument crafted from the horn of a male buffalo fitted with a small reed made from bamboo, cane, or wood. It is inseparable from Rongali Bihu celebrations and is recognized as one of the most iconic symbols of Assamese folk culture. Its sharp, nasal tone accompanies Bihu dance performances. It is traditionally played by young men during Bihu festivities.","The Pepa is a traditional Assamese wind instrument crafted from the horn of a male buffalo fitted with a small reed made from bamboo, cane, or wood. It is inseparable from Rongali Bihu celebrations and is recognized as one of the most iconic symbols of Assamese folk culture. Its sharp",Truncation,The response is cut off mid-sentence before completing the description of the instrument's role.,description,1.0,"The prediction provides a comprehensive overview of the instrument, covering its material, cultural significance, and role, which fits the definition of a general description."
/kaggle/input/datasets/bbeastboy/assamese-instrument-vlm-datasetqwen2-5-vl-3b/kaggle_dataset32/dataset_32images/pepa/test/pepa_test5.jpg,pepa,q1,festival,In which festival is this instrument played?,It is played during Rongali Bihu which is the spring festival of Assam.,This instrument is played during Rongali Bihu which is the spring festival of Assam. It is played by both men and women.,Correct,The prediction correctly identifies the festival and provides additional accurate context.,,,
/kaggle/input/datasets/bbeastboy/assamese-instrument-vlm-datasetqwen2-5-vl-3b/kaggle_dataset32/dataset_32images/pepa/test/pepa_test5.jpg,pepa,q2,origin,Where did this instrument originate?,It originated in the plains of Assam.,This instrument is traditionally played during Rongali Bihu in the plains of Assam. It is played by both men and women.,Question Misunderstanding,The prediction answers about festival/tradition instead of origin.,origin,0.85,The prediction explicitly mentions the geographical origin of the instrument in the plains of Assam.
/kaggle/input/datasets/bbeastboy/assamese-instrument-vlm-datasetqwen2-5-vl-3b/kaggle_dataset32/dataset_32images/pepa/test/pepa_test5.jpg,pepa,q3,material,What material is this instrument made of?,This instrument is made of buffalo horn and bamboo.,This instrument is made of buffalo horn and bamboo.,Correct,The prediction matches the ground truth exactly.,,,
/kaggle/input/datasets/bbeastboy/assamese-instrument-vlm-datasetqwen2-5-vl-3b/kaggle_dataset32/dataset_32images/pepa/test/pepa_test5.jpg,pepa,q4,parts,Name the major parts of this instrument.,"The main parts of this instrument are buffalo horn body, reed and mouthpiece opening.","The main parts of this instrument are buffalo horn body, reed and mouthpiece opening.",Correct,The prediction accurately lists all the major parts of the instrument as stated in the ground truth.,,,
/kaggle/input/datasets/bbeastboy/assamese-instrument-vlm-datasetqwen2-5-vl-3b/kaggle_dataset32/dataset_32images/pepa/test/pepa_test5.jpg,pepa,q5,sound,What sound does this instrument produce?,"This instrument produces a sharp, nasal, piercing sound.","This instrument produces a sharp, nasal, piercing sound.",Correct,The prediction matches the ground truth exactly.,,,
/kaggle/input/datasets/bbeastboy/assamese-instrument-vlm-datasetqwen2-5-vl-3b/kaggle_dataset32/dataset_32images/pepa/test/pepa_test5.jpg,pepa,q6,traditional_player,Which gender traditionally plays this instrument?,This instrument is traditionally played by men.,This instrument is traditionally played by men.,Correct,The prediction matches the ground truth exactly.,,,
/kaggle/input/datasets/bbeastboy/assamese-instrument-vlm-datasetqwen2-5-vl-3b/kaggle_dataset32/dataset_32images/pepa/test/pepa_test5.jpg,pepa,q7,playing_method,How is this instrument played?,This instrument is played by blowing air through the mouthpiece.,This instrument is played by blowing air through the blow hole and covering the finger holes.,Mixed Attribute,The prediction includes the correct blowing action but adds extra details not present in the ground truth.,playing_method,1.0,The prediction explicitly describes the physical actions required to produce sound from the instrument.
/kaggle/input/datasets/bbeastboy/assamese-instrument-vlm-datasetqwen2-5-vl-3b/kaggle_dataset32/dataset_32images/pepa/test/pepa_test5.jpg,pepa,q8,instrument_type,What type of musical instrument is this?,This is a free-reed wind instrument made from buffalo horn and bamboo.,"This is a free-reed wind instrument made from buffalo horn and bamboo. It has two reeds that vibrate when blown into, producing a sharp, piercing sound.",Correct,The prediction accurately identifies the instrument and provides additional correct descriptive details.,,,
/kaggle/input/datasets/bbeastboy/assamese-instrument-vlm-datasetqwen2-5-vl-3b/kaggle_dataset32/dataset_32images/pepa/test/pepa_test5.jpg,pepa,q9,description,"Give a description of this instrument including its cultural significance, and role in Assamese music.","The Pepa is a traditional Assamese wind instrument crafted from the horn of a male buffalo fitted with a small reed made from bamboo, cane, or wood. It is inseparable from Rongali Bihu celebrations and is recognized as one of the most iconic symbols of Assamese folk culture. Its sharp, nasal tone accompanies Bihu dance performances. It is traditionally played by young men during Bihu festivities.","The Pepa is a traditional Assamese wind instrument crafted from the horn of a male buffalo fitted with a small reed made from bamboo, cane, or wood. It is inseparable from Rongali Bihu celebrations and is recognized as one of the most iconic symbols of Assamese folk culture. Its sharp",Truncation,The response is cut off mid-sentence before completing the description of the instrument's role.,description,1.0,"The prediction provides a comprehensive overview of the instrument, covering its material, cultural significance, and role, which fits the definition of a general description."
/kaggle/input/datasets/bbeastboy/assamese-instrument-vlm-datasetqwen2-5-vl-3b/kaggle_dataset32/dataset_32images/gogona/test/gogona_test1.jpg,gogona,q1,festival,In which festival is this instrument played?,It is played during Rongali Bihu which is the spring festival of Assam.,This instrument is played during Rongali Bihu which is the spring festival of Assam.,Correct,The prediction accurately identifies the festival and its cultural context as stated in the ground truth.,,,
/kaggle/input/datasets/bbeastboy/assamese-instrument-vlm-datasetqwen2-5-vl-3b/kaggle_dataset32/dataset_32images/gogona/test/gogona_test1.jpg,gogona,q2,origin,Where did this instrument originate?,It originated in the tribal communities of Assam.,This instrument is played by holding both ends and vibrating it while hitting one end with the other hand or a stick.,Question Misunderstanding,The prediction describes how the instrument is played instead of answering the question about its origin.,playing_method,1.0,The prediction describes the physical technique used to play the instrument rather than its geographical origin.
/kaggle/input/datasets/bbeastboy/assamese-instrument-vlm-datasetqwen2-5-vl-3b/kaggle_dataset32/dataset_32images/gogona/test/gogona_test1.jpg,gogona,q3,material,What material is this instrument made of?,This instrument is made of bamboo.,This instrument is made of bamboo.,Correct,"The prediction accurately identifies the material as bamboo, matching the ground truth.",,,
/kaggle/input/datasets/bbeastboy/assamese-instrument-vlm-datasetqwen2-5-vl-3b/kaggle_dataset32/dataset_32images/gogona/test/gogona_test1.jpg,gogona,q4,parts,Name the major parts of this instrument.,"The main parts of this instrument are frame, vibrating tongue, and plucking end.","The main parts of this instrument are the frame, vibrating tongue, and plucking end.",Correct,The prediction accurately lists all the major parts of the instrument as specified in the ground truth.,,,
/kaggle/input/datasets/bbeastboy/assamese-instrument-vlm-datasetqwen2-5-vl-3b/kaggle_dataset32/dataset_32images/gogona/test/gogona_test1.jpg,gogona,q5,sound,What sound does this instrument produce?,"This instrument produces a soft, twangy, vibrating sound.","This instrument produces a soft, vibrating, high-pitched sound.",Mixed Attribute,The prediction combines correct descriptors with an unverified high-pitched attribute not present in the ground truth.,sound,1.0,The prediction explicitly describes the auditory characteristics of the instrument.
/kaggle/input/datasets/bbeastboy/assamese-instrument-vlm-datasetqwen2-5-vl-3b/kaggle_dataset32/dataset_32images/gogona/test/gogona_test1.jpg,gogona,q6,traditional_player,Which gender traditionally plays this instrument?,This instrument is traditionally played by women.,This instrument is traditionally played by women.,Correct,The prediction matches the ground truth exactly.,,,
/kaggle/input/datasets/bbeastboy/assamese-instrument-vlm-datasetqwen2-5-vl-3b/kaggle_dataset32/dataset_32images/gogona/test/gogona_test1.jpg,gogona,q7,playing_method,How is this instrument played?,This instrument is played by plucking the vibrating tongue near the mouth.,This instrument is played by striking both ends of the vibrating tongue near the mouth.,Hallucination,The prediction correctly identifies the instrument part but incorrectly describes the playing method as striking instead of plucking.,playing_method,1.0,The prediction explicitly describes the physical action used to produce sound from the instrument.
/kaggle/input/datasets/bbeastboy/assamese-instrument-vlm-datasetqwen2-5-vl-3b/kaggle_dataset32/dataset_32images/gogona/test/gogona_test1.jpg,gogona,q8,instrument_type,What type of musical instrument is this?,This is a mouth-resonated plucked idiophone instrument.,This is a mouth-resonated plucked idiophone instrument made from bamboo. It is played by blowing air into the mouthpiece and plucking the vibrating tongue.,Mixed Attribute,The prediction correctly identifies the instrument type but incorrectly describes the playing method as involving blowing air.,instrument_type,0.9,"The prediction primarily identifies the instrument type, even though it includes additional details about material and playing method."
/kaggle/input/datasets/bbeastboy/assamese-instrument-vlm-datasetqwen2-5-vl-3b/kaggle_dataset32/dataset_32images/gogona/test/gogona_test1.jpg,gogona,q9,description,"Give a description of this instrument including its cultural significance, and role in Assamese music.","The Gogona is a small mouth-resonated plucked idiophone traditionally made from bamboo and associated with the tribal communities of Assam. It is played by holding the frame near the mouth and plucking the vibrating tongue, using the oral cavity as a resonance chamber to amplify and shape its soft, twangy sound. The Gogona is one of the few Assamese instruments traditionally played by young women during Rongali Bihu. Its unique playing technique makes it one of the most culturally distinctive instruments of Assam.","The Gogona is a small mouth-resonated plucked idiophone traditionally made from bamboo and associated with the tribal communities of Assam. It is played by holding the frame near the mouth and plucking the vibrating tongue, using the oral cavity as a resonance chamber to amplify and shape its soft, twangy",Truncation,The response is cut off mid-sentence before completing the description of the instrument's cultural significance and role.,description,1.0,"The prediction provides a comprehensive overview of the instrument's nature, construction, and usage rather than focusing on a single specific attribute."
/kaggle/input/datasets/bbeastboy/assamese-instrument-vlm-datasetqwen2-5-vl-3b/kaggle_dataset32/dataset_32images/gogona/test/gogona_test2.jpg,gogona,q1,festival,In which festival is this instrument played?,It is played during Rongali Bihu which is the spring festival of Assam.,This instrument is played during Rongali Bihu which is the spring festival of Assam. It is played by both men and women.,Correct,The prediction correctly identifies the festival and provides additional accurate context.,,,
/kaggle/input/datasets/bbeastboy/assamese-instrument-vlm-datasetqwen2-5-vl-3b/kaggle_dataset32/dataset_32images/gogona/test/gogona_test2.jpg,gogona,q2,origin,Where did this instrument originate?,It originated in the tribal communities of Assam.,This instrument originated in the tribal communities of Assam. It is played by blowing air through the blow hole and plucking the vibrating tongue.,Correct,The prediction correctly identifies the origin and provides additional accurate information.,,,
/kaggle/input/datasets/bbeastboy/assamese-instrument-vlm-datasetqwen2-5-vl-3b/kaggle_dataset32/dataset_32images/gogona/test/gogona_test2.jpg,gogona,q3,material,What material is this instrument made of?,This instrument is made of bamboo.,This instrument is made of bamboo.,Correct,"The prediction accurately identifies the material as bamboo, matching the ground truth.",,,
/kaggle/input/datasets/bbeastboy/assamese-instrument-vlm-datasetqwen2-5-vl-3b/kaggle_dataset32/dataset_32images/gogona/test/gogona_test2.jpg,gogona,q4,parts,Name the major parts of this instrument.,"The main parts of this instrument are frame, vibrating tongue, and plucking end.","The main parts of this instrument are the frame, vibrating tongue, and plucking end.",Correct,The prediction accurately lists all the major parts of the instrument as specified in the ground truth.,,,
/kaggle/input/datasets/bbeastboy/assamese-instrument-vlm-datasetqwen2-5-vl-3b/kaggle_dataset32/dataset_32images/gogona/test/gogona_test2.jpg,gogona,q5,sound,What sound does this instrument produce?,"This instrument produces a soft, twangy, vibrating sound.","This instrument produces a soft, vibrating, high-pitched sound.",Mixed Attribute,The prediction combines correct descriptors with an unverified high-pitched attribute not present in the ground truth.,sound,1.0,The prediction explicitly describes the auditory characteristics of the instrument.
/kaggle/input/datasets/bbeastboy/assamese-instrument-vlm-datasetqwen2-5-vl-3b/kaggle_dataset32/dataset_32images/gogona/test/gogona_test2.jpg,gogona,q6,traditional_player,Which gender traditionally plays this instrument?,This instrument is traditionally played by women.,This instrument is traditionally played by women.,Correct,The prediction matches the ground truth exactly.,,,
/kaggle/input/datasets/bbeastboy/assamese-instrument-vlm-datasetqwen2-5-vl-3b/kaggle_dataset32/dataset_32images/gogona/test/gogona_test2.jpg,gogona,q7,playing_method,How is this instrument played?,This instrument is played by plucking the vibrating tongue near the mouth.,This instrument is played by plucking the vibrating tongue near the mouth.,Correct,The prediction matches the ground truth exactly.,,,
/kaggle/input/datasets/bbeastboy/assamese-instrument-vlm-datasetqwen2-5-vl-3b/kaggle_dataset32/dataset_32images/gogona/test/gogona_test2.jpg,gogona,q8,instrument_type,What type of musical instrument is this?,This is a mouth-resonated plucked idiophone instrument.,"During performances, this instrument is played by clapping the two bamboo pieces together.",Question Misunderstanding,The model describes the playing method instead of identifying the type of musical instrument as requested.,playing_method,1.0,The prediction explicitly describes the physical action used to produce sound during a performance.
/kaggle/input/datasets/bbeastboy/assamese-instrument-vlm-datasetqwen2-5-vl-3b/kaggle_dataset32/dataset_32images/gogona/test/gogona_test2.jpg,gogona,q9,description,"Give a description of this instrument including its cultural significance, and role in Assamese music.","The Gogona is a small mouth-resonated plucked idiophone traditionally made from bamboo and associated with the tribal communities of Assam. It is played by holding the frame near the mouth and plucking the vibrating tongue, using the oral cavity as a resonance chamber to amplify and shape its soft, twangy sound. The Gogona is one of the few Assamese instruments traditionally played by young women during Rongali Bihu. Its unique playing technique makes it one of the most culturally distinctive instruments of Assam.","The Gogona is a small mouth-resonated plucked idiophone traditionally made from bamboo and associated with the tribal communities of Assam. It is played by holding the frame near the mouth and plucking the vibrating tongue, using the oral cavity as a resonance chamber to amplify and shape its soft, twangy",Truncation,The response is cut off mid-sentence before completing the description of the instrument's cultural significance and role.,description,1.0,"The prediction provides a comprehensive overview of the instrument's nature, construction, and usage rather than focusing on a single specific attribute."
/kaggle/input/datasets/bbeastboy/assamese-instrument-vlm-datasetqwen2-5-vl-3b/kaggle_dataset32/dataset_32images/gogona/test/gogona_test3.jpg,gogona,q1,festival,In which festival is this instrument played?,It is played during Rongali Bihu which is the spring festival of Assam.,This small mouthpiece percussion instrument is made from a thin strip of bamboo or wood. It is played by blowing air through the narrow end.,Question Misunderstanding,The model describes the instrument's construction and playing method instead of answering the question about the festival.,material,0.9,The prediction primarily describes the physical composition and construction of the instrument.
/kaggle/input/datasets/bbeastboy/assamese-instrument-vlm-datasetqwen2-5-vl-3b/kaggle_dataset32/dataset_32images/gogona/test/gogona_test3.jpg,gogona,q2,origin,Where did this instrument originate?,It originated in the tribal communities of Assam.,This instrument is played by holding both ends near the mouth and vibrating it to produce a buzzing sound.,Question Misunderstanding,The prediction describes how the instrument is played instead of answering the question about its origin.,playing_method,1.0,The prediction describes the physical technique used to play the instrument rather than its geographical origin.
/kaggle/input/datasets/bbeastboy/assamese-instrument-vlm-datasetqwen2-5-vl-3b/kaggle_dataset32/dataset_32images/gogona/test/gogona_test3.jpg,gogona,q3,material,What material is this instrument made of?,This instrument is made of bamboo.,This instrument is made of bamboo.,Correct,"The prediction accurately identifies the material as bamboo, matching the ground truth.",,,
/kaggle/input/datasets/bbeastboy/assamese-instrument-vlm-datasetqwen2-5-vl-3b/kaggle_dataset32/dataset_32images/gogona/test/gogona_test3.jpg,gogona,q4,parts,Name the major parts of this instrument.,"The main parts of this instrument are frame, vibrating tongue, and plucking end.","The main parts of this instrument are the frame, vibrating tongue, and plucking end.",Correct,The prediction accurately lists all the major parts of the instrument as specified in the ground truth.,,,
/kaggle/input/datasets/bbeastboy/assamese-instrument-vlm-datasetqwen2-5-vl-3b/kaggle_dataset32/dataset_32images/gogona/test/gogona_test3.jpg,gogona,q5,sound,What sound does this instrument produce?,"This instrument produces a soft, twangy, vibrating sound.","This instrument produces a soft, vibrating, clicking sound.",Mixed Attribute,The prediction correctly identifies soft and vibrating sounds but incorrectly adds a clicking sound.,sound,1.0,The prediction explicitly describes the auditory characteristics of the instrument.
/kaggle/input/datasets/bbeastboy/assamese-instrument-vlm-datasetqwen2-5-vl-3b/kaggle_dataset32/dataset_32images/gogona/test/gogona_test3.jpg,gogona,q6,traditional_player,Which gender traditionally plays this instrument?,This instrument is traditionally played by women.,This instrument is traditionally played by women.,Correct,The prediction matches the ground truth exactly.,,,
/kaggle/input/datasets/bbeastboy/assamese-instrument-vlm-datasetqwen2-5-vl-3b/kaggle_dataset32/dataset_32images/gogona/test/gogona_test3.jpg,gogona,q7,playing_method,How is this instrument played?,This instrument is played by plucking the vibrating tongue near the mouth.,This instrument is played by plucking the vibrating tongue near the mouth.,Correct,The prediction matches the ground truth exactly.,,,
/kaggle/input/datasets/bbeastboy/assamese-instrument-vlm-datasetqwen2-5-vl-3b/kaggle_dataset32/dataset_32images/gogona/test/gogona_test3.jpg,gogona,q8,instrument_type,What type of musical instrument is this?,This is a mouth-resonated plucked idiophone instrument.,This is a mouth-resonated plucked idiophone instrument made from bamboo or wood. It is played by blowing air through the mouthpiece and plucking the vibrating tongue with the right hand.,Mixed Attribute,The prediction correctly identifies the instrument type but incorrectly describes the playing method as involving blowing air.,instrument_type,0.95,"The prediction primarily identifies the instrument type, even though it includes additional details about material and playing method."
/kaggle/input/datasets/bbeastboy/assamese-instrument-vlm-datasetqwen2-5-vl-3b/kaggle_dataset32/dataset_32images/gogona/test/gogona_test3.jpg,gogona,q9,description,"Give a description of this instrument including its cultural significance, and role in Assamese music.","The Gogona is a small mouth-resonated plucked idiophone traditionally made from bamboo and associated with the tribal communities of Assam. It is played by holding the frame near the mouth and plucking the vibrating tongue, using the oral cavity as a resonance chamber to amplify and shape its soft, twangy sound. The Gogona is one of the few Assamese instruments traditionally played by young women during Rongali Bihu. Its unique playing technique makes it one of the most culturally distinctive instruments of Assam.","The Gogona is a small mouth-resonated plucked idiophone traditionally made from bamboo and associated with the tribal communities of Assam. It is played by holding the frame near the mouth and plucking the vibrating tongue, using the oral cavity as a resonance chamber to amplify and shape its soft, twangy",Truncation,The response is cut off mid-sentence before completing the description of the instrument's cultural significance and role.,description,1.0,"The prediction provides a comprehensive overview of the instrument's nature, construction, and usage rather than focusing on a single specific attribute."
/kaggle/input/datasets/bbeastboy/assamese-instrument-vlm-datasetqwen2-5-vl-3b/kaggle_dataset32/dataset_32images/gogona/test/gogona_test4.jpg,gogona,q1,festival,In which festival is this instrument played?,It is played during Rongali Bihu which is the spring festival of Assam.,This instrument is played during Rongali Bihu which is the spring festival of Assam. It is played by blowing air through the blow hole and plucking the vibrating tongue.,Mixed Attribute,The prediction correctly identifies the festival and provides additional inaccurate information about the instrument.,festival,0.9,"The prediction primarily identifies the festival associated with the instrument, even though it also mentions the playing method."
/kaggle/input/datasets/bbeastboy/assamese-instrument-vlm-datasetqwen2-5-vl-3b/kaggle_dataset32/dataset_32images/gogona/test/gogona_test4.jpg,gogona,q2,origin,Where did this instrument originate?,It originated in the tribal communities of Assam.,This instrument is played by holding both ends near the mouth and beating it with one hand while pulling the other end away from the mouth.,Question Misunderstanding,The prediction describes how to play the instrument instead of answering the question about its origin.,playing_method,1.0,The prediction describes the physical technique used to play the instrument rather than its geographical origin.
/kaggle/input/datasets/bbeastboy/assamese-instrument-vlm-datasetqwen2-5-vl-3b/kaggle_dataset32/dataset_32images/gogona/test/gogona_test4.jpg,gogona,q3,material,What material is this instrument made of?,This instrument is made of bamboo.,This instrument is made of bamboo.,Correct,"The prediction accurately identifies the material as bamboo, matching the ground truth.",,,
/kaggle/input/datasets/bbeastboy/assamese-instrument-vlm-datasetqwen2-5-vl-3b/kaggle_dataset32/dataset_32images/gogona/test/gogona_test4.jpg,gogona,q4,parts,Name the major parts of this instrument.,"The main parts of this instrument are frame, vibrating tongue, and plucking end.","The main parts of this instrument are the frame, vibrating tongue, and plucking end.",Correct,The prediction accurately lists all the major parts of the instrument as specified in the ground truth.,,,
/kaggle/input/datasets/bbeastboy/assamese-instrument-vlm-datasetqwen2-5-vl-3b/kaggle_dataset32/dataset_32images/gogona/test/gogona_test4.jpg,gogona,q5,sound,What sound does this instrument produce?,"This instrument produces a soft, twangy, vibrating sound.","This instrument produces a soft, vibrating, clicking sound.",Mixed Attribute,The prediction correctly identifies soft and vibrating sounds but incorrectly adds a clicking sound.,sound,1.0,The prediction explicitly describes the auditory characteristics of the instrument.
/kaggle/input/datasets/bbeastboy/assamese-instrument-vlm-datasetqwen2-5-vl-3b/kaggle_dataset32/dataset_32images/gogona/test/gogona_test4.jpg,gogona,q6,traditional_player,Which gender traditionally plays this instrument?,This instrument is traditionally played by women.,This instrument is traditionally played by women.,Correct,The prediction matches the ground truth exactly.,,,
/kaggle/input/datasets/bbeastboy/assamese-instrument-vlm-datasetqwen2-5-vl-3b/kaggle_dataset32/dataset_32images/gogona/test/gogona_test4.jpg,gogona,q7,playing_method,How is this instrument played?,This instrument is played by plucking the vibrating tongue near the mouth.,This instrument is played by plucking the vibrating tongue near the mouth.,Correct,The prediction matches the ground truth exactly.,,,
/kaggle/input/datasets/bbeastboy/assamese-instrument-vlm-datasetqwen2-5-vl-3b/kaggle_dataset32/dataset_32images/gogona/test/gogona_test4.jpg,gogona,q8,instrument_type,What type of musical instrument is this?,This is a mouth-resonated plucked idiophone instrument.,"During performances, this instrument is played by clapping the two bamboo pieces together near the mouth.",Question Misunderstanding,The model describes how the instrument is played instead of identifying the type of instrument as requested.,playing_method,1.0,The prediction explicitly describes the physical action used to produce sound from the instrument.
/kaggle/input/datasets/bbeastboy/assamese-instrument-vlm-datasetqwen2-5-vl-3b/kaggle_dataset32/dataset_32images/gogona/test/gogona_test4.jpg,gogona,q9,description,"Give a description of this instrument including its cultural significance, and role in Assamese music.","The Gogona is a small mouth-resonated plucked idiophone traditionally made from bamboo and associated with the tribal communities of Assam. It is played by holding the frame near the mouth and plucking the vibrating tongue, using the oral cavity as a resonance chamber to amplify and shape its soft, twangy sound. The Gogona is one of the few Assamese instruments traditionally played by young women during Rongali Bihu. Its unique playing technique makes it one of the most culturally distinctive instruments of Assam.","The Gogona is a small mouth-resonated plucked idiophone traditionally made from bamboo and associated with the tribal communities of Assam. It is played by holding the frame near the mouth and plucking the vibrating tongue, using the oral cavity as a resonance chamber to amplify and shape its soft, twangy",Truncation,The response is cut off mid-sentence before completing the description of the instrument's cultural significance and role.,description,1.0,"The prediction provides a comprehensive overview of the instrument's nature, construction, and usage rather than focusing on a single specific attribute."
/kaggle/input/datasets/bbeastboy/assamese-instrument-vlm-datasetqwen2-5-vl-3b/kaggle_dataset32/dataset_32images/gogona/test/gogona_test5.jpg,gogona,q1,festival,In which festival is this instrument played?,It is played during Rongali Bihu which is the spring festival of Assam.,This instrument is played during Rongali Bihu which is the spring festival of Assam. It is played by both men and women.,Mixed Attribute,The prediction correctly identifies the festival and provides additional inaccurate context.,festival,0.95,"The prediction primarily identifies the festival associated with the instrument, which matches the intent of the question."
/kaggle/input/datasets/bbeastboy/assamese-instrument-vlm-datasetqwen2-5-vl-3b/kaggle_dataset32/dataset_32images/gogona/test/gogona_test5.jpg,gogona,q2,origin,Where did this instrument originate?,It originated in the tribal communities of Assam.,This instrument originated in the tribal communities of Assam. It is made from bamboo and has two bamboo reed blowers attached to either end.,Mixed Attribute,The prediction correctly identifies the origin and provides additional inaccurate information.,origin,0.9,"The prediction begins by directly answering the origin question, which is the primary focus despite the additional information provided."
/kaggle/input/datasets/bbeastboy/assamese-instrument-vlm-datasetqwen2-5-vl-3b/kaggle_dataset32/dataset_32images/gogona/test/gogona_test5.jpg,gogona,q3,material,What material is this instrument made of?,This instrument is made of bamboo.,This instrument is made of bamboo.,Correct,"The prediction accurately identifies the material as bamboo, matching the ground truth.",,,
/kaggle/input/datasets/bbeastboy/assamese-instrument-vlm-datasetqwen2-5-vl-3b/kaggle_dataset32/dataset_32images/gogona/test/gogona_test5.jpg,gogona,q4,parts,Name the major parts of this instrument.,"The main parts of this instrument are frame, vibrating tongue, and plucking end.","The main parts of this instrument are the frame, vibrating tongue, and plucking end.",Correct,The prediction accurately lists all the major parts of the instrument as specified in the ground truth.,,,
/kaggle/input/datasets/bbeastboy/assamese-instrument-vlm-datasetqwen2-5-vl-3b/kaggle_dataset32/dataset_32images/gogona/test/gogona_test5.jpg,gogona,q5,sound,What sound does this instrument produce?,"This instrument produces a soft, twangy, vibrating sound.","This instrument produces a soft, vibrating, high-pitched sound.",Mixed Attribute,The prediction combines correct descriptors with an unverified high-pitched attribute not present in the ground truth.,sound,1.0,The prediction explicitly describes the auditory characteristics of the instrument.
/kaggle/input/datasets/bbeastboy/assamese-instrument-vlm-datasetqwen2-5-vl-3b/kaggle_dataset32/dataset_32images/gogona/test/gogona_test5.jpg,gogona,q6,traditional_player,Which gender traditionally plays this instrument?,This instrument is traditionally played by women.,This instrument is traditionally played by women.,Correct,The prediction matches the ground truth exactly.,,,
/kaggle/input/datasets/bbeastboy/assamese-instrument-vlm-datasetqwen2-5-vl-3b/kaggle_dataset32/dataset_32images/gogona/test/gogona_test5.jpg,gogona,q7,playing_method,How is this instrument played?,This instrument is played by plucking the vibrating tongue near the mouth.,This instrument is played by striking both ends of the vibrating tongue against each other.,Hallucination,The prediction answers the playing method but changes it to an incorrect one. It mixes the intended attribute with a false fact.,playing_method,1.0,The prediction explicitly describes the physical action used to produce sound from the instrument.
/kaggle/input/datasets/bbeastboy/assamese-instrument-vlm-datasetqwen2-5-vl-3b/kaggle_dataset32/dataset_32images/gogona/test/gogona_test5.jpg,gogona,q8,instrument_type,What type of musical instrument is this?,This is a mouth-resonated plucked idiophone instrument.,This is a mouth-resonated plucked idiophone instrument. It is made from bamboo and has two bamboo tongue pieces that are struck against each other to produce sound.,Mixed Attribute,The prediction correctly identifies the instrument type but includes incorrect details about its construction and sound production.,instrument_type,0.95,"The prediction primarily identifies the instrument type, even though it includes additional details about material and construction."
/kaggle/input/datasets/bbeastboy/assamese-instrument-vlm-datasetqwen2-5-vl-3b/kaggle_dataset32/dataset_32images/gogona/test/gogona_test5.jpg,gogona,q9,description,"Give a description of this instrument including its cultural significance, and role in Assamese music.","The Gogona is a small mouth-resonated plucked idiophone traditionally made from bamboo and associated with the tribal communities of Assam. It is played by holding the frame near the mouth and plucking the vibrating tongue, using the oral cavity as a resonance chamber to amplify and shape its soft, twangy sound. The Gogona is one of the few Assamese instruments traditionally played by young women during Rongali Bihu. Its unique playing technique makes it one of the most culturally distinctive instruments of Assam.","The Gogona is a small mouth-resonated plucked idiophone traditionally made from bamboo and associated with the tribal communities of Assam. It is played by holding the frame near the mouth and plucking the vibrating tongue, using the oral cavity as a resonance chamber to amplify and shape its soft, twangy",Truncation,The response is cut off mid-sentence before completing the description of the instrument's cultural significance and role.,description,1.0,"The prediction provides a comprehensive overview of the instrument's nature, construction, and usage rather than focusing on a single specific attribute."
