image_name,instrument,split,concept,question_id,phrase_used,question,answer
bahi_train1.jpg,bahi,train,festival,q1,phrase_2,During which festival is this instrument played?,It is played during Rongali Bihu which is the spring festival of Assam.
bahi_train1.jpg,bahi,train,origin,q2,phrase_2,From which place does this instrument originate?,It originated in the rural communities of Assam.
bahi_train1.jpg,bahi,train,material,q3,phrase_2,Which material is used to make this instrument?,This instrument is made of bamboo.
bahi_train1.jpg,bahi,train,parts,q4,phrase_1,What are the parts of this instrument?,"The main parts of this instrument are bamboo tube body, blow hole and finger holes."
bahi_train1.jpg,bahi,train,sound,q5,phrase_1,What kind of sound does this instrument make?,"This instrument produces a soft, melodic, flute-like sound."
bahi_train1.jpg,bahi,train,traditional_player,q6,phrase_2,Which gender plays this instrument traditionally?,This instrument is traditionally played by men.
bahi_train1.jpg,bahi,train,playing_method,q7,phrase_1,How do you play this instrument?,This instrument is played by blowing air across the blow hole and covering finger holes.
bahi_train1.jpg,bahi,train,instrument_type,q8,phrase_1,Which type of musical instrument does this belong to?,This is a transverse bamboo flute instrument.
bahi_train1.jpg,bahi,train,description,q9,phrase_2,"Explain this instrument's cultural importance, and musical role.","The Bahi is a traditional Assamese transverse flute made entirely from bamboo, played by blowing air across a side blow hole while controlling pitch through finger holes along the tube. It is one of the oldest melodic instruments in Assamese folk music and is prominently used during Rongali Bihu celebrations. Unlike the rhythm-keeping instruments of the Bihu ensemble, the Bahi carries the melodic layer with its soft, flute-like tone. It is traditionally played by men and is closely associated with pastoral and folk music traditions of Assam."
bahi_train10.jpg,bahi,train,festival,q1,phrase_1,What festival is this instrument played in?,It is played during Rongali Bihu which is the spring festival of Assam.
bahi_train10.jpg,bahi,train,origin,q2,phrase_1,What is the origin place of this instrument?,It originated in the rural communities of Assam.
bahi_train10.jpg,bahi,train,material,q3,phrase_1,What is this instrument made from?,This instrument is made of bamboo.
bahi_train10.jpg,bahi,train,parts,q4,phrase_2,List the main parts of this instrument.,"The main parts of this instrument are bamboo tube body, blow hole and finger holes."
bahi_train10.jpg,bahi,train,sound,q5,phrase_2,What type of sound is produced by this instrument?,"This instrument produces a soft, melodic, flute-like sound."
bahi_train10.jpg,bahi,train,traditional_player,q6,phrase_1,Who traditionally plays this instrument?,This instrument is traditionally played by men.
bahi_train10.jpg,bahi,train,playing_method,q7,phrase_2,What is the method of playing this instrument?,This instrument is played by blowing air across the blow hole and covering finger holes.
bahi_train10.jpg,bahi,train,instrument_type,q8,phrase_2,What type of musical instrument can this be classified as?,This is a transverse bamboo flute instrument.
bahi_train10.jpg,bahi,train,description,q9,phrase_1,"Describe this instrument—its cultural significance, and use in Assamese music.","The Bahi is a traditional Assamese transverse flute made entirely from bamboo, played by blowing air across a side blow hole while controlling pitch through finger holes along the tube. It is one of the oldest melodic instruments in Assamese folk music and is prominently used during Rongali Bihu celebrations. Unlike the rhythm-keeping instruments of the Bihu ensemble, the Bahi carries the melodic layer with its soft, flute-like tone. It is traditionally played by men and is closely associated with pastoral and folk music traditions of Assam."
bahi_train11.jpg,bahi,train,festival,q1,phrase_2,During which festival is this instrument played?,It is played during Rongali Bihu which is the spring festival of Assam.
bahi_train11.jpg,bahi,train,origin,q2,phrase_2,From which place does this instrument originate?,It originated in the rural communities of Assam.
bahi_train11.jpg,bahi,train,material,q3,phrase_1,What is this instrument made from?,This instrument is made of bamboo.
bahi_train11.jpg,bahi,train,parts,q4,phrase_2,List the main parts of this instrument.,"The main parts of this instrument are bamboo tube body, blow hole and finger holes."
bahi_train11.jpg,bahi,train,sound,q5,phrase_2,What type of sound is produced by this instrument?,"This instrument produces a soft, melodic, flute-like sound."
bahi_train11.jpg,bahi,train,traditional_player,q6,phrase_1,Who traditionally plays this instrument?,This instrument is traditionally played by men.
bahi_train11.jpg,bahi,train,playing_method,q7,phrase_1,How do you play this instrument?,This instrument is played by blowing air across the blow hole and covering finger holes.
bahi_train11.jpg,bahi,train,instrument_type,q8,phrase_1,Which type of musical instrument does this belong to?,This is a transverse bamboo flute instrument.
bahi_train11.jpg,bahi,train,description,q9,phrase_2,"Explain this instrument's cultural importance, and musical role.","The Bahi is a traditional Assamese transverse flute made entirely from bamboo, played by blowing air across a side blow hole while controlling pitch through finger holes along the tube. It is one of the oldest melodic instruments in Assamese folk music and is prominently used during Rongali Bihu celebrations. Unlike the rhythm-keeping instruments of the Bihu ensemble, the Bahi carries the melodic layer with its soft, flute-like tone. It is traditionally played by men and is closely associated with pastoral and folk music traditions of Assam."
bahi_train12.jpg,bahi,train,festival,q1,phrase_1,What festival is this instrument played in?,It is played during Rongali Bihu which is the spring festival of Assam.
bahi_train12.jpg,bahi,train,origin,q2,phrase_1,What is the origin place of this instrument?,It originated in the rural communities of Assam.
bahi_train12.jpg,bahi,train,material,q3,phrase_2,Which material is used to make this instrument?,This instrument is made of bamboo.
bahi_train12.jpg,bahi,train,parts,q4,phrase_1,What are the parts of this instrument?,"The main parts of this instrument are bamboo tube body, blow hole and finger holes."
bahi_train12.jpg,bahi,train,sound,q5,phrase_1,What kind of sound does this instrument make?,"This instrument produces a soft, melodic, flute-like sound."
bahi_train12.jpg,bahi,train,traditional_player,q6,phrase_2,Which gender plays this instrument traditionally?,This instrument is traditionally played by men.
bahi_train12.jpg,bahi,train,playing_method,q7,phrase_2,What is the method of playing this instrument?,This instrument is played by blowing air across the blow hole and covering finger holes.
bahi_train12.jpg,bahi,train,instrument_type,q8,phrase_2,What type of musical instrument can this be classified as?,This is a transverse bamboo flute instrument.
bahi_train12.jpg,bahi,train,description,q9,phrase_1,"Describe this instrument—its cultural significance, and use in Assamese music.","The Bahi is a traditional Assamese transverse flute made entirely from bamboo, played by blowing air across a side blow hole while controlling pitch through finger holes along the tube. It is one of the oldest melodic instruments in Assamese folk music and is prominently used during Rongali Bihu celebrations. Unlike the rhythm-keeping instruments of the Bihu ensemble, the Bahi carries the melodic layer with its soft, flute-like tone. It is traditionally played by men and is closely associated with pastoral and folk music traditions of Assam."
bahi_train13.jpg,bahi,train,festival,q1,phrase_2,During which festival is this instrument played?,It is played during Rongali Bihu which is the spring festival of Assam.
bahi_train13.jpg,bahi,train,origin,q2,phrase_2,From which place does this instrument originate?,It originated in the rural communities of Assam.
bahi_train13.jpg,bahi,train,material,q3,phrase_1,What is this instrument made from?,This instrument is made of bamboo.
bahi_train13.jpg,bahi,train,parts,q4,phrase_2,List the main parts of this instrument.,"The main parts of this instrument are bamboo tube body, blow hole and finger holes."
bahi_train13.jpg,bahi,train,sound,q5,phrase_2,What type of sound is produced by this instrument?,"This instrument produces a soft, melodic, flute-like sound."
bahi_train13.jpg,bahi,train,traditional_player,q6,phrase_1,Who traditionally plays this instrument?,This instrument is traditionally played by men.
bahi_train13.jpg,bahi,train,playing_method,q7,phrase_2,What is the method of playing this instrument?,This instrument is played by blowing air across the blow hole and covering finger holes.
bahi_train13.jpg,bahi,train,instrument_type,q8,phrase_1,Which type of musical instrument does this belong to?,This is a transverse bamboo flute instrument.
bahi_train13.jpg,bahi,train,description,q9,phrase_1,"Describe this instrument—its cultural significance, and use in Assamese music.","The Bahi is a traditional Assamese transverse flute made entirely from bamboo, played by blowing air across a side blow hole while controlling pitch through finger holes along the tube. It is one of the oldest melodic instruments in Assamese folk music and is prominently used during Rongali Bihu celebrations. Unlike the rhythm-keeping instruments of the Bihu ensemble, the Bahi carries the melodic layer with its soft, flute-like tone. It is traditionally played by men and is closely associated with pastoral and folk music traditions of Assam."
bahi_train14.jpg,bahi,train,festival,q1,phrase_1,What festival is this instrument played in?,It is played during Rongali Bihu which is the spring festival of Assam.
bahi_train14.jpg,bahi,train,origin,q2,phrase_1,What is the origin place of this instrument?,It originated in the rural communities of Assam.
bahi_train14.jpg,bahi,train,material,q3,phrase_2,Which material is used to make this instrument?,This instrument is made of bamboo.
bahi_train14.jpg,bahi,train,parts,q4,phrase_1,What are the parts of this instrument?,"The main parts of this instrument are bamboo tube body, blow hole and finger holes."
bahi_train14.jpg,bahi,train,sound,q5,phrase_1,What kind of sound does this instrument make?,"This instrument produces a soft, melodic, flute-like sound."
bahi_train14.jpg,bahi,train,traditional_player,q6,phrase_2,Which gender plays this instrument traditionally?,This instrument is traditionally played by men.
bahi_train14.jpg,bahi,train,playing_method,q7,phrase_1,How do you play this instrument?,This instrument is played by blowing air across the blow hole and covering finger holes.
bahi_train14.jpg,bahi,train,instrument_type,q8,phrase_2,What type of musical instrument can this be classified as?,This is a transverse bamboo flute instrument.
bahi_train14.jpg,bahi,train,description,q9,phrase_2,"Explain this instrument's cultural importance, and musical role.","The Bahi is a traditional Assamese transverse flute made entirely from bamboo, played by blowing air across a side blow hole while controlling pitch through finger holes along the tube. It is one of the oldest melodic instruments in Assamese folk music and is prominently used during Rongali Bihu celebrations. Unlike the rhythm-keeping instruments of the Bihu ensemble, the Bahi carries the melodic layer with its soft, flute-like tone. It is traditionally played by men and is closely associated with pastoral and folk music traditions of Assam."
bahi_train15.jpg,bahi,train,festival,q1,phrase_2,During which festival is this instrument played?,It is played during Rongali Bihu which is the spring festival of Assam.
bahi_train15.jpg,bahi,train,origin,q2,phrase_2,From which place does this instrument originate?,It originated in the rural communities of Assam.
bahi_train15.jpg,bahi,train,material,q3,phrase_1,What is this instrument made from?,This instrument is made of bamboo.
bahi_train15.jpg,bahi,train,parts,q4,phrase_2,List the main parts of this instrument.,"The main parts of this instrument are bamboo tube body, blow hole and finger holes."
bahi_train15.jpg,bahi,train,sound,q5,phrase_2,What type of sound is produced by this instrument?,"This instrument produces a soft, melodic, flute-like sound."
bahi_train15.jpg,bahi,train,traditional_player,q6,phrase_1,Who traditionally plays this instrument?,This instrument is traditionally played by men.
bahi_train15.jpg,bahi,train,playing_method,q7,phrase_2,What is the method of playing this instrument?,This instrument is played by blowing air across the blow hole and covering finger holes.
bahi_train15.jpg,bahi,train,instrument_type,q8,phrase_1,Which type of musical instrument does this belong to?,This is a transverse bamboo flute instrument.
bahi_train15.jpg,bahi,train,description,q9,phrase_1,"Describe this instrument—its cultural significance, and use in Assamese music.","The Bahi is a traditional Assamese transverse flute made entirely from bamboo, played by blowing air across a side blow hole while controlling pitch through finger holes along the tube. It is one of the oldest melodic instruments in Assamese folk music and is prominently used during Rongali Bihu celebrations. Unlike the rhythm-keeping instruments of the Bihu ensemble, the Bahi carries the melodic layer with its soft, flute-like tone. It is traditionally played by men and is closely associated with pastoral and folk music traditions of Assam."
bahi_train16.jpg,bahi,train,festival,q1,phrase_1,What festival is this instrument played in?,It is played during Rongali Bihu which is the spring festival of Assam.
bahi_train16.jpg,bahi,train,origin,q2,phrase_1,What is the origin place of this instrument?,It originated in the rural communities of Assam.
bahi_train16.jpg,bahi,train,material,q3,phrase_2,Which material is used to make this instrument?,This instrument is made of bamboo.
bahi_train16.jpg,bahi,train,parts,q4,phrase_1,What are the parts of this instrument?,"The main parts of this instrument are bamboo tube body, blow hole and finger holes."
bahi_train16.jpg,bahi,train,sound,q5,phrase_1,What kind of sound does this instrument make?,"This instrument produces a soft, melodic, flute-like sound."
bahi_train16.jpg,bahi,train,traditional_player,q6,phrase_2,Which gender plays this instrument traditionally?,This instrument is traditionally played by men.
bahi_train16.jpg,bahi,train,playing_method,q7,phrase_1,How do you play this instrument?,This instrument is played by blowing air across the blow hole and covering finger holes.
bahi_train16.jpg,bahi,train,instrument_type,q8,phrase_2,What type of musical instrument can this be classified as?,This is a transverse bamboo flute instrument.
bahi_train16.jpg,bahi,train,description,q9,phrase_2,"Explain this instrument's cultural importance, and musical role.","The Bahi is a traditional Assamese transverse flute made entirely from bamboo, played by blowing air across a side blow hole while controlling pitch through finger holes along the tube. It is one of the oldest melodic instruments in Assamese folk music and is prominently used during Rongali Bihu celebrations. Unlike the rhythm-keeping instruments of the Bihu ensemble, the Bahi carries the melodic layer with its soft, flute-like tone. It is traditionally played by men and is closely associated with pastoral and folk music traditions of Assam."
bahi_train17.jpg,bahi,train,festival,q1,phrase_2,During which festival is this instrument played?,It is played during Rongali Bihu which is the spring festival of Assam.
bahi_train17.jpg,bahi,train,origin,q2,phrase_1,What is the origin place of this instrument?,It originated in the rural communities of Assam.
bahi_train17.jpg,bahi,train,material,q3,phrase_1,What is this instrument made from?,This instrument is made of bamboo.
bahi_train17.jpg,bahi,train,parts,q4,phrase_2,List the main parts of this instrument.,"The main parts of this instrument are bamboo tube body, blow hole and finger holes."
bahi_train17.jpg,bahi,train,sound,q5,phrase_1,What kind of sound does this instrument make?,"This instrument produces a soft, melodic, flute-like sound."
bahi_train17.jpg,bahi,train,traditional_player,q6,phrase_2,Which gender plays this instrument traditionally?,This instrument is traditionally played by men.
bahi_train17.jpg,bahi,train,playing_method,q7,phrase_2,What is the method of playing this instrument?,This instrument is played by blowing air across the blow hole and covering finger holes.
bahi_train17.jpg,bahi,train,instrument_type,q8,phrase_1,Which type of musical instrument does this belong to?,This is a transverse bamboo flute instrument.
bahi_train17.jpg,bahi,train,description,q9,phrase_2,"Explain this instrument's cultural importance, and musical role.","The Bahi is a traditional Assamese transverse flute made entirely from bamboo, played by blowing air across a side blow hole while controlling pitch through finger holes along the tube. It is one of the oldest melodic instruments in Assamese folk music and is prominently used during Rongali Bihu celebrations. Unlike the rhythm-keeping instruments of the Bihu ensemble, the Bahi carries the melodic layer with its soft, flute-like tone. It is traditionally played by men and is closely associated with pastoral and folk music traditions of Assam."
bahi_train18.jpg,bahi,train,festival,q1,phrase_1,What festival is this instrument played in?,It is played during Rongali Bihu which is the spring festival of Assam.
bahi_train18.jpg,bahi,train,origin,q2,phrase_2,From which place does this instrument originate?,It originated in the rural communities of Assam.
bahi_train18.jpg,bahi,train,material,q3,phrase_2,Which material is used to make this instrument?,This instrument is made of bamboo.
bahi_train18.jpg,bahi,train,parts,q4,phrase_1,What are the parts of this instrument?,"The main parts of this instrument are bamboo tube body, blow hole and finger holes."
bahi_train18.jpg,bahi,train,sound,q5,phrase_2,What type of sound is produced by this instrument?,"This instrument produces a soft, melodic, flute-like sound."
bahi_train18.jpg,bahi,train,traditional_player,q6,phrase_1,Who traditionally plays this instrument?,This instrument is traditionally played by men.
bahi_train18.jpg,bahi,train,playing_method,q7,phrase_1,How do you play this instrument?,This instrument is played by blowing air across the blow hole and covering finger holes.
bahi_train18.jpg,bahi,train,instrument_type,q8,phrase_2,What type of musical instrument can this be classified as?,This is a transverse bamboo flute instrument.
bahi_train18.jpg,bahi,train,description,q9,phrase_1,"Describe this instrument—its cultural significance, and use in Assamese music.","The Bahi is a traditional Assamese transverse flute made entirely from bamboo, played by blowing air across a side blow hole while controlling pitch through finger holes along the tube. It is one of the oldest melodic instruments in Assamese folk music and is prominently used during Rongali Bihu celebrations. Unlike the rhythm-keeping instruments of the Bihu ensemble, the Bahi carries the melodic layer with its soft, flute-like tone. It is traditionally played by men and is closely associated with pastoral and folk music traditions of Assam."
bahi_train19.jpg,bahi,train,festival,q1,phrase_2,During which festival is this instrument played?,It is played during Rongali Bihu which is the spring festival of Assam.
bahi_train19.jpg,bahi,train,origin,q2,phrase_1,What is the origin place of this instrument?,It originated in the rural communities of Assam.
bahi_train19.jpg,bahi,train,material,q3,phrase_1,What is this instrument made from?,This instrument is made of bamboo.
bahi_train19.jpg,bahi,train,parts,q4,phrase_2,List the main parts of this instrument.,"The main parts of this instrument are bamboo tube body, blow hole and finger holes."
bahi_train19.jpg,bahi,train,sound,q5,phrase_2,What type of sound is produced by this instrument?,"This instrument produces a soft, melodic, flute-like sound."
bahi_train19.jpg,bahi,train,traditional_player,q6,phrase_2,Which gender plays this instrument traditionally?,This instrument is traditionally played by men.
bahi_train19.jpg,bahi,train,playing_method,q7,phrase_1,How do you play this instrument?,This instrument is played by blowing air across the blow hole and covering finger holes.
bahi_train19.jpg,bahi,train,instrument_type,q8,phrase_1,Which type of musical instrument does this belong to?,This is a transverse bamboo flute instrument.
bahi_train19.jpg,bahi,train,description,q9,phrase_2,"Explain this instrument's cultural importance, and musical role.","The Bahi is a traditional Assamese transverse flute made entirely from bamboo, played by blowing air across a side blow hole while controlling pitch through finger holes along the tube. It is one of the oldest melodic instruments in Assamese folk music and is prominently used during Rongali Bihu celebrations. Unlike the rhythm-keeping instruments of the Bihu ensemble, the Bahi carries the melodic layer with its soft, flute-like tone. It is traditionally played by men and is closely associated with pastoral and folk music traditions of Assam."
bahi_train2.jpg,bahi,train,festival,q1,phrase_1,What festival is this instrument played in?,It is played during Rongali Bihu which is the spring festival of Assam.
bahi_train2.jpg,bahi,train,origin,q2,phrase_2,From which place does this instrument originate?,It originated in the rural communities of Assam.
bahi_train2.jpg,bahi,train,material,q3,phrase_2,Which material is used to make this instrument?,This instrument is made of bamboo.
bahi_train2.jpg,bahi,train,parts,q4,phrase_1,What are the parts of this instrument?,"The main parts of this instrument are bamboo tube body, blow hole and finger holes."
bahi_train2.jpg,bahi,train,sound,q5,phrase_1,What kind of sound does this instrument make?,"This instrument produces a soft, melodic, flute-like sound."
bahi_train2.jpg,bahi,train,traditional_player,q6,phrase_1,Who traditionally plays this instrument?,This instrument is traditionally played by men.
bahi_train2.jpg,bahi,train,playing_method,q7,phrase_2,What is the method of playing this instrument?,This instrument is played by blowing air across the blow hole and covering finger holes.
bahi_train2.jpg,bahi,train,instrument_type,q8,phrase_2,What type of musical instrument can this be classified as?,This is a transverse bamboo flute instrument.
bahi_train2.jpg,bahi,train,description,q9,phrase_1,"Describe this instrument—its cultural significance, and use in Assamese music.","The Bahi is a traditional Assamese transverse flute made entirely from bamboo, played by blowing air across a side blow hole while controlling pitch through finger holes along the tube. It is one of the oldest melodic instruments in Assamese folk music and is prominently used during Rongali Bihu celebrations. Unlike the rhythm-keeping instruments of the Bihu ensemble, the Bahi carries the melodic layer with its soft, flute-like tone. It is traditionally played by men and is closely associated with pastoral and folk music traditions of Assam."
bahi_train20.jpg,bahi,train,festival,q1,phrase_1,What festival is this instrument played in?,It is played during Rongali Bihu which is the spring festival of Assam.
bahi_train20.jpg,bahi,train,origin,q2,phrase_1,What is the origin place of this instrument?,It originated in the rural communities of Assam.
bahi_train20.jpg,bahi,train,material,q3,phrase_1,What is this instrument made from?,This instrument is made of bamboo.
bahi_train20.jpg,bahi,train,parts,q4,phrase_1,What are the parts of this instrument?,"The main parts of this instrument are bamboo tube body, blow hole and finger holes."
bahi_train20.jpg,bahi,train,sound,q5,phrase_2,What type of sound is produced by this instrument?,"This instrument produces a soft, melodic, flute-like sound."
bahi_train20.jpg,bahi,train,traditional_player,q6,phrase_2,Which gender plays this instrument traditionally?,This instrument is traditionally played by men.
bahi_train20.jpg,bahi,train,playing_method,q7,phrase_2,What is the method of playing this instrument?,This instrument is played by blowing air across the blow hole and covering finger holes.
bahi_train20.jpg,bahi,train,instrument_type,q8,phrase_2,What type of musical instrument can this be classified as?,This is a transverse bamboo flute instrument.
bahi_train20.jpg,bahi,train,description,q9,phrase_2,"Explain this instrument's cultural importance, and musical role.","The Bahi is a traditional Assamese transverse flute made entirely from bamboo, played by blowing air across a side blow hole while controlling pitch through finger holes along the tube. It is one of the oldest melodic instruments in Assamese folk music and is prominently used during Rongali Bihu celebrations. Unlike the rhythm-keeping instruments of the Bihu ensemble, the Bahi carries the melodic layer with its soft, flute-like tone. It is traditionally played by men and is closely associated with pastoral and folk music traditions of Assam."
bahi_train21.jpg,bahi,train,festival,q1,phrase_2,During which festival is this instrument played?,It is played during Rongali Bihu which is the spring festival of Assam.
bahi_train21.jpg,bahi,train,origin,q2,phrase_2,From which place does this instrument originate?,It originated in the rural communities of Assam.
bahi_train21.jpg,bahi,train,material,q3,phrase_2,Which material is used to make this instrument?,This instrument is made of bamboo.
bahi_train21.jpg,bahi,train,parts,q4,phrase_2,List the main parts of this instrument.,"The main parts of this instrument are bamboo tube body, blow hole and finger holes."
bahi_train21.jpg,bahi,train,sound,q5,phrase_1,What kind of sound does this instrument make?,"This instrument produces a soft, melodic, flute-like sound."
bahi_train21.jpg,bahi,train,traditional_player,q6,phrase_1,Who traditionally plays this instrument?,This instrument is traditionally played by men.
bahi_train21.jpg,bahi,train,playing_method,q7,phrase_1,How do you play this instrument?,This instrument is played by blowing air across the blow hole and covering finger holes.
bahi_train21.jpg,bahi,train,instrument_type,q8,phrase_1,Which type of musical instrument does this belong to?,This is a transverse bamboo flute instrument.
bahi_train21.jpg,bahi,train,description,q9,phrase_1,"Describe this instrument—its cultural significance, and use in Assamese music.","The Bahi is a traditional Assamese transverse flute made entirely from bamboo, played by blowing air across a side blow hole while controlling pitch through finger holes along the tube. It is one of the oldest melodic instruments in Assamese folk music and is prominently used during Rongali Bihu celebrations. Unlike the rhythm-keeping instruments of the Bihu ensemble, the Bahi carries the melodic layer with its soft, flute-like tone. It is traditionally played by men and is closely associated with pastoral and folk music traditions of Assam."
bahi_train22.jpg,bahi,train,festival,q1,phrase_2,During which festival is this instrument played?,It is played during Rongali Bihu which is the spring festival of Assam.
bahi_train22.jpg,bahi,train,origin,q2,phrase_2,From which place does this instrument originate?,It originated in the rural communities of Assam.
bahi_train22.jpg,bahi,train,material,q3,phrase_2,Which material is used to make this instrument?,This instrument is made of bamboo.
bahi_train22.jpg,bahi,train,parts,q4,phrase_1,What are the parts of this instrument?,"The main parts of this instrument are bamboo tube body, blow hole and finger holes."
bahi_train22.jpg,bahi,train,sound,q5,phrase_1,What kind of sound does this instrument make?,"This instrument produces a soft, melodic, flute-like sound."
bahi_train22.jpg,bahi,train,traditional_player,q6,phrase_2,Which gender plays this instrument traditionally?,This instrument is traditionally played by men.
bahi_train22.jpg,bahi,train,playing_method,q7,phrase_1,How do you play this instrument?,This instrument is played by blowing air across the blow hole and covering finger holes.
bahi_train22.jpg,bahi,train,instrument_type,q8,phrase_1,Which type of musical instrument does this belong to?,This is a transverse bamboo flute instrument.
bahi_train22.jpg,bahi,train,description,q9,phrase_2,"Explain this instrument's cultural importance, and musical role.","The Bahi is a traditional Assamese transverse flute made entirely from bamboo, played by blowing air across a side blow hole while controlling pitch through finger holes along the tube. It is one of the oldest melodic instruments in Assamese folk music and is prominently used during Rongali Bihu celebrations. Unlike the rhythm-keeping instruments of the Bihu ensemble, the Bahi carries the melodic layer with its soft, flute-like tone. It is traditionally played by men and is closely associated with pastoral and folk music traditions of Assam."
bahi_train3.jpg,bahi,train,festival,q1,phrase_1,What festival is this instrument played in?,It is played during Rongali Bihu which is the spring festival of Assam.
bahi_train3.jpg,bahi,train,origin,q2,phrase_1,What is the origin place of this instrument?,It originated in the rural communities of Assam.
bahi_train3.jpg,bahi,train,material,q3,phrase_1,What is this instrument made from?,This instrument is made of bamboo.
bahi_train3.jpg,bahi,train,parts,q4,phrase_2,List the main parts of this instrument.,"The main parts of this instrument are bamboo tube body, blow hole and finger holes."
bahi_train3.jpg,bahi,train,sound,q5,phrase_2,What type of sound is produced by this instrument?,"This instrument produces a soft, melodic, flute-like sound."
bahi_train3.jpg,bahi,train,traditional_player,q6,phrase_1,Who traditionally plays this instrument?,This instrument is traditionally played by men.
bahi_train3.jpg,bahi,train,playing_method,q7,phrase_2,What is the method of playing this instrument?,This instrument is played by blowing air across the blow hole and covering finger holes.
bahi_train3.jpg,bahi,train,instrument_type,q8,phrase_2,What type of musical instrument can this be classified as?,This is a transverse bamboo flute instrument.
bahi_train3.jpg,bahi,train,description,q9,phrase_1,"Describe this instrument—its cultural significance, and use in Assamese music.","The Bahi is a traditional Assamese transverse flute made entirely from bamboo, played by blowing air across a side blow hole while controlling pitch through finger holes along the tube. It is one of the oldest melodic instruments in Assamese folk music and is prominently used during Rongali Bihu celebrations. Unlike the rhythm-keeping instruments of the Bihu ensemble, the Bahi carries the melodic layer with its soft, flute-like tone. It is traditionally played by men and is closely associated with pastoral and folk music traditions of Assam."
bahi_train4.jpg,bahi,train,festival,q1,phrase_1,What festival is this instrument played in?,It is played during Rongali Bihu which is the spring festival of Assam.
bahi_train4.jpg,bahi,train,origin,q2,phrase_1,What is the origin place of this instrument?,It originated in the rural communities of Assam.
bahi_train4.jpg,bahi,train,material,q3,phrase_2,Which material is used to make this instrument?,This instrument is made of bamboo.
bahi_train4.jpg,bahi,train,parts,q4,phrase_2,List the main parts of this instrument.,"The main parts of this instrument are bamboo tube body, blow hole and finger holes."
bahi_train4.jpg,bahi,train,sound,q5,phrase_2,What type of sound is produced by this instrument?,"This instrument produces a soft, melodic, flute-like sound."
bahi_train4.jpg,bahi,train,traditional_player,q6,phrase_2,Which gender plays this instrument traditionally?,This instrument is traditionally played by men.
bahi_train4.jpg,bahi,train,playing_method,q7,phrase_2,What is the method of playing this instrument?,This instrument is played by blowing air across the blow hole and covering finger holes.
bahi_train4.jpg,bahi,train,instrument_type,q8,phrase_1,Which type of musical instrument does this belong to?,This is a transverse bamboo flute instrument.
bahi_train4.jpg,bahi,train,description,q9,phrase_1,"Describe this instrument—its cultural significance, and use in Assamese music.","The Bahi is a traditional Assamese transverse flute made entirely from bamboo, played by blowing air across a side blow hole while controlling pitch through finger holes along the tube. It is one of the oldest melodic instruments in Assamese folk music and is prominently used during Rongali Bihu celebrations. Unlike the rhythm-keeping instruments of the Bihu ensemble, the Bahi carries the melodic layer with its soft, flute-like tone. It is traditionally played by men and is closely associated with pastoral and folk music traditions of Assam."
bahi_train5.jpg,bahi,train,festival,q1,phrase_2,During which festival is this instrument played?,It is played during Rongali Bihu which is the spring festival of Assam.
bahi_train5.jpg,bahi,train,origin,q2,phrase_2,From which place does this instrument originate?,It originated in the rural communities of Assam.
bahi_train5.jpg,bahi,train,material,q3,phrase_1,What is this instrument made from?,This instrument is made of bamboo.
bahi_train5.jpg,bahi,train,parts,q4,phrase_1,What are the parts of this instrument?,"The main parts of this instrument are bamboo tube body, blow hole and finger holes."
bahi_train5.jpg,bahi,train,sound,q5,phrase_1,What kind of sound does this instrument make?,"This instrument produces a soft, melodic, flute-like sound."
bahi_train5.jpg,bahi,train,traditional_player,q6,phrase_1,Who traditionally plays this instrument?,This instrument is traditionally played by men.
bahi_train5.jpg,bahi,train,playing_method,q7,phrase_1,How do you play this instrument?,This instrument is played by blowing air across the blow hole and covering finger holes.
bahi_train5.jpg,bahi,train,instrument_type,q8,phrase_2,What type of musical instrument can this be classified as?,This is a transverse bamboo flute instrument.
bahi_train5.jpg,bahi,train,description,q9,phrase_2,"Explain this instrument's cultural importance, and musical role.","The Bahi is a traditional Assamese transverse flute made entirely from bamboo, played by blowing air across a side blow hole while controlling pitch through finger holes along the tube. It is one of the oldest melodic instruments in Assamese folk music and is prominently used during Rongali Bihu celebrations. Unlike the rhythm-keeping instruments of the Bihu ensemble, the Bahi carries the melodic layer with its soft, flute-like tone. It is traditionally played by men and is closely associated with pastoral and folk music traditions of Assam."
bahi_train6.jpg,bahi,train,festival,q1,phrase_2,During which festival is this instrument played?,It is played during Rongali Bihu which is the spring festival of Assam.
bahi_train6.jpg,bahi,train,origin,q2,phrase_1,What is the origin place of this instrument?,It originated in the rural communities of Assam.
bahi_train6.jpg,bahi,train,material,q3,phrase_1,What is this instrument made from?,This instrument is made of bamboo.
bahi_train6.jpg,bahi,train,parts,q4,phrase_2,List the main parts of this instrument.,"The main parts of this instrument are bamboo tube body, blow hole and finger holes."
bahi_train6.jpg,bahi,train,sound,q5,phrase_2,What type of sound is produced by this instrument?,"This instrument produces a soft, melodic, flute-like sound."
bahi_train6.jpg,bahi,train,traditional_player,q6,phrase_2,Which gender plays this instrument traditionally?,This instrument is traditionally played by men.
bahi_train6.jpg,bahi,train,playing_method,q7,phrase_2,What is the method of playing this instrument?,This instrument is played by blowing air across the blow hole and covering finger holes.
bahi_train6.jpg,bahi,train,instrument_type,q8,phrase_1,Which type of musical instrument does this belong to?,This is a transverse bamboo flute instrument.
bahi_train6.jpg,bahi,train,description,q9,phrase_1,"Describe this instrument—its cultural significance, and use in Assamese music.","The Bahi is a traditional Assamese transverse flute made entirely from bamboo, played by blowing air across a side blow hole while controlling pitch through finger holes along the tube. It is one of the oldest melodic instruments in Assamese folk music and is prominently used during Rongali Bihu celebrations. Unlike the rhythm-keeping instruments of the Bihu ensemble, the Bahi carries the melodic layer with its soft, flute-like tone. It is traditionally played by men and is closely associated with pastoral and folk music traditions of Assam."
bahi_train7.jpg,bahi,train,festival,q1,phrase_1,What festival is this instrument played in?,It is played during Rongali Bihu which is the spring festival of Assam.
bahi_train7.jpg,bahi,train,origin,q2,phrase_2,From which place does this instrument originate?,It originated in the rural communities of Assam.
bahi_train7.jpg,bahi,train,material,q3,phrase_2,Which material is used to make this instrument?,This instrument is made of bamboo.
bahi_train7.jpg,bahi,train,parts,q4,phrase_1,What are the parts of this instrument?,"The main parts of this instrument are bamboo tube body, blow hole and finger holes."
bahi_train7.jpg,bahi,train,sound,q5,phrase_1,What kind of sound does this instrument make?,"This instrument produces a soft, melodic, flute-like sound."
bahi_train7.jpg,bahi,train,traditional_player,q6,phrase_1,Who traditionally plays this instrument?,This instrument is traditionally played by men.
bahi_train7.jpg,bahi,train,playing_method,q7,phrase_1,How do you play this instrument?,This instrument is played by blowing air across the blow hole and covering finger holes.
bahi_train7.jpg,bahi,train,instrument_type,q8,phrase_2,What type of musical instrument can this be classified as?,This is a transverse bamboo flute instrument.
bahi_train7.jpg,bahi,train,description,q9,phrase_2,"Explain this instrument's cultural importance, and musical role.","The Bahi is a traditional Assamese transverse flute made entirely from bamboo, played by blowing air across a side blow hole while controlling pitch through finger holes along the tube. It is one of the oldest melodic instruments in Assamese folk music and is prominently used during Rongali Bihu celebrations. Unlike the rhythm-keeping instruments of the Bihu ensemble, the Bahi carries the melodic layer with its soft, flute-like tone. It is traditionally played by men and is closely associated with pastoral and folk music traditions of Assam."
bahi_train8.jpg,bahi,train,festival,q1,phrase_1,What festival is this instrument played in?,It is played during Rongali Bihu which is the spring festival of Assam.
bahi_train8.jpg,bahi,train,origin,q2,phrase_1,What is the origin place of this instrument?,It originated in the rural communities of Assam.
bahi_train8.jpg,bahi,train,material,q3,phrase_2,Which material is used to make this instrument?,This instrument is made of bamboo.
bahi_train8.jpg,bahi,train,parts,q4,phrase_2,List the main parts of this instrument.,"The main parts of this instrument are bamboo tube body, blow hole and finger holes."
bahi_train8.jpg,bahi,train,sound,q5,phrase_2,What type of sound is produced by this instrument?,"This instrument produces a soft, melodic, flute-like sound."
bahi_train8.jpg,bahi,train,traditional_player,q6,phrase_1,Who traditionally plays this instrument?,This instrument is traditionally played by men.
bahi_train8.jpg,bahi,train,playing_method,q7,phrase_1,How do you play this instrument?,This instrument is played by blowing air across the blow hole and covering finger holes.
bahi_train8.jpg,bahi,train,instrument_type,q8,phrase_2,What type of musical instrument can this be classified as?,This is a transverse bamboo flute instrument.
bahi_train8.jpg,bahi,train,description,q9,phrase_2,"Explain this instrument's cultural importance, and musical role.","The Bahi is a traditional Assamese transverse flute made entirely from bamboo, played by blowing air across a side blow hole while controlling pitch through finger holes along the tube. It is one of the oldest melodic instruments in Assamese folk music and is prominently used during Rongali Bihu celebrations. Unlike the rhythm-keeping instruments of the Bihu ensemble, the Bahi carries the melodic layer with its soft, flute-like tone. It is traditionally played by men and is closely associated with pastoral and folk music traditions of Assam."
bahi_train9.jpg,bahi,train,festival,q1,phrase_2,During which festival is this instrument played?,It is played during Rongali Bihu which is the spring festival of Assam.
bahi_train9.jpg,bahi,train,origin,q2,phrase_2,From which place does this instrument originate?,It originated in the rural communities of Assam.
bahi_train9.jpg,bahi,train,material,q3,phrase_1,What is this instrument made from?,This instrument is made of bamboo.
bahi_train9.jpg,bahi,train,parts,q4,phrase_1,What are the parts of this instrument?,"The main parts of this instrument are bamboo tube body, blow hole and finger holes."
bahi_train9.jpg,bahi,train,sound,q5,phrase_1,What kind of sound does this instrument make?,"This instrument produces a soft, melodic, flute-like sound."
bahi_train9.jpg,bahi,train,traditional_player,q6,phrase_2,Which gender plays this instrument traditionally?,This instrument is traditionally played by men.
bahi_train9.jpg,bahi,train,playing_method,q7,phrase_2,What is the method of playing this instrument?,This instrument is played by blowing air across the blow hole and covering finger holes.
bahi_train9.jpg,bahi,train,instrument_type,q8,phrase_1,Which type of musical instrument does this belong to?,This is a transverse bamboo flute instrument.
bahi_train9.jpg,bahi,train,description,q9,phrase_1,"Describe this instrument—its cultural significance, and use in Assamese music.","The Bahi is a traditional Assamese transverse flute made entirely from bamboo, played by blowing air across a side blow hole while controlling pitch through finger holes along the tube. It is one of the oldest melodic instruments in Assamese folk music and is prominently used during Rongali Bihu celebrations. Unlike the rhythm-keeping instruments of the Bihu ensemble, the Bahi carries the melodic layer with its soft, flute-like tone. It is traditionally played by men and is closely associated with pastoral and folk music traditions of Assam."
bahi_val1.jpg,bahi,validation,festival,q1,phrase_3,In which festival is this instrument played?,It is played during Rongali Bihu which is the spring festival of Assam.
bahi_val1.jpg,bahi,validation,origin,q2,phrase_3,Where did this instrument originate?,It originated in the rural communities of Assam.
bahi_val1.jpg,bahi,validation,material,q3,phrase_3,What material is this instrument made of?,This instrument is made of bamboo.
bahi_val1.jpg,bahi,validation,parts,q4,phrase_3,Name the major parts of this instrument.,"The main parts of this instrument are bamboo tube body, blow hole and finger holes."
bahi_val1.jpg,bahi,validation,sound,q5,phrase_3,What sound does this instrument produce?,"This instrument produces a soft, melodic, flute-like sound."
bahi_val1.jpg,bahi,validation,traditional_player,q6,phrase_3,Which gender traditionally plays this instrument?,This instrument is traditionally played by men.
bahi_val1.jpg,bahi,validation,playing_method,q7,phrase_3,How is this instrument played?,This instrument is played by blowing air across the blow hole and covering finger holes.
bahi_val1.jpg,bahi,validation,instrument_type,q8,phrase_3,What type of musical instrument is this?,This is a transverse bamboo flute instrument.
bahi_val1.jpg,bahi,validation,description,q9,phrase_3,"Give a description of this instrument including its cultural significance, and role in Assamese music.","The Bahi is a traditional Assamese transverse flute made entirely from bamboo, played by blowing air across a side blow hole while controlling pitch through finger holes along the tube. It is one of the oldest melodic instruments in Assamese folk music and is prominently used during Rongali Bihu celebrations. Unlike the rhythm-keeping instruments of the Bihu ensemble, the Bahi carries the melodic layer with its soft, flute-like tone. It is traditionally played by men and is closely associated with pastoral and folk music traditions of Assam."
bahi_val2.jpg,bahi,validation,festival,q1,phrase_3,In which festival is this instrument played?,It is played during Rongali Bihu which is the spring festival of Assam.
bahi_val2.jpg,bahi,validation,origin,q2,phrase_3,Where did this instrument originate?,It originated in the rural communities of Assam.
bahi_val2.jpg,bahi,validation,material,q3,phrase_3,What material is this instrument made of?,This instrument is made of bamboo.
bahi_val2.jpg,bahi,validation,parts,q4,phrase_3,Name the major parts of this instrument.,"The main parts of this instrument are bamboo tube body, blow hole and finger holes."
bahi_val2.jpg,bahi,validation,sound,q5,phrase_3,What sound does this instrument produce?,"This instrument produces a soft, melodic, flute-like sound."
bahi_val2.jpg,bahi,validation,traditional_player,q6,phrase_3,Which gender traditionally plays this instrument?,This instrument is traditionally played by men.
bahi_val2.jpg,bahi,validation,playing_method,q7,phrase_3,How is this instrument played?,This instrument is played by blowing air across the blow hole and covering finger holes.
bahi_val2.jpg,bahi,validation,instrument_type,q8,phrase_3,What type of musical instrument is this?,This is a transverse bamboo flute instrument.
bahi_val2.jpg,bahi,validation,description,q9,phrase_3,"Give a description of this instrument including its cultural significance, and role in Assamese music.","The Bahi is a traditional Assamese transverse flute made entirely from bamboo, played by blowing air across a side blow hole while controlling pitch through finger holes along the tube. It is one of the oldest melodic instruments in Assamese folk music and is prominently used during Rongali Bihu celebrations. Unlike the rhythm-keeping instruments of the Bihu ensemble, the Bahi carries the melodic layer with its soft, flute-like tone. It is traditionally played by men and is closely associated with pastoral and folk music traditions of Assam."
bahi_val3.jpg,bahi,validation,festival,q1,phrase_3,In which festival is this instrument played?,It is played during Rongali Bihu which is the spring festival of Assam.
bahi_val3.jpg,bahi,validation,origin,q2,phrase_3,Where did this instrument originate?,It originated in the rural communities of Assam.
bahi_val3.jpg,bahi,validation,material,q3,phrase_3,What material is this instrument made of?,This instrument is made of bamboo.
bahi_val3.jpg,bahi,validation,parts,q4,phrase_3,Name the major parts of this instrument.,"The main parts of this instrument are bamboo tube body, blow hole and finger holes."
bahi_val3.jpg,bahi,validation,sound,q5,phrase_3,What sound does this instrument produce?,"This instrument produces a soft, melodic, flute-like sound."
bahi_val3.jpg,bahi,validation,traditional_player,q6,phrase_3,Which gender traditionally plays this instrument?,This instrument is traditionally played by men.
bahi_val3.jpg,bahi,validation,playing_method,q7,phrase_3,How is this instrument played?,This instrument is played by blowing air across the blow hole and covering finger holes.
bahi_val3.jpg,bahi,validation,instrument_type,q8,phrase_3,What type of musical instrument is this?,This is a transverse bamboo flute instrument.
bahi_val3.jpg,bahi,validation,description,q9,phrase_3,"Give a description of this instrument including its cultural significance, and role in Assamese music.","The Bahi is a traditional Assamese transverse flute made entirely from bamboo, played by blowing air across a side blow hole while controlling pitch through finger holes along the tube. It is one of the oldest melodic instruments in Assamese folk music and is prominently used during Rongali Bihu celebrations. Unlike the rhythm-keeping instruments of the Bihu ensemble, the Bahi carries the melodic layer with its soft, flute-like tone. It is traditionally played by men and is closely associated with pastoral and folk music traditions of Assam."
bahi_val4.jpg,bahi,validation,festival,q1,phrase_3,In which festival is this instrument played?,It is played during Rongali Bihu which is the spring festival of Assam.
bahi_val4.jpg,bahi,validation,origin,q2,phrase_3,Where did this instrument originate?,It originated in the rural communities of Assam.
bahi_val4.jpg,bahi,validation,material,q3,phrase_3,What material is this instrument made of?,This instrument is made of bamboo.
bahi_val4.jpg,bahi,validation,parts,q4,phrase_3,Name the major parts of this instrument.,"The main parts of this instrument are bamboo tube body, blow hole and finger holes."
bahi_val4.jpg,bahi,validation,sound,q5,phrase_3,What sound does this instrument produce?,"This instrument produces a soft, melodic, flute-like sound."
bahi_val4.jpg,bahi,validation,traditional_player,q6,phrase_3,Which gender traditionally plays this instrument?,This instrument is traditionally played by men.
bahi_val4.jpg,bahi,validation,playing_method,q7,phrase_3,How is this instrument played?,This instrument is played by blowing air across the blow hole and covering finger holes.
bahi_val4.jpg,bahi,validation,instrument_type,q8,phrase_3,What type of musical instrument is this?,This is a transverse bamboo flute instrument.
bahi_val4.jpg,bahi,validation,description,q9,phrase_3,"Give a description of this instrument including its cultural significance, and role in Assamese music.","The Bahi is a traditional Assamese transverse flute made entirely from bamboo, played by blowing air across a side blow hole while controlling pitch through finger holes along the tube. It is one of the oldest melodic instruments in Assamese folk music and is prominently used during Rongali Bihu celebrations. Unlike the rhythm-keeping instruments of the Bihu ensemble, the Bahi carries the melodic layer with its soft, flute-like tone. It is traditionally played by men and is closely associated with pastoral and folk music traditions of Assam."
bahi_val5.jpg,bahi,validation,festival,q1,phrase_3,In which festival is this instrument played?,It is played during Rongali Bihu which is the spring festival of Assam.
bahi_val5.jpg,bahi,validation,origin,q2,phrase_3,Where did this instrument originate?,It originated in the rural communities of Assam.
bahi_val5.jpg,bahi,validation,material,q3,phrase_3,What material is this instrument made of?,This instrument is made of bamboo.
bahi_val5.jpg,bahi,validation,parts,q4,phrase_3,Name the major parts of this instrument.,"The main parts of this instrument are bamboo tube body, blow hole and finger holes."
bahi_val5.jpg,bahi,validation,sound,q5,phrase_3,What sound does this instrument produce?,"This instrument produces a soft, melodic, flute-like sound."
bahi_val5.jpg,bahi,validation,traditional_player,q6,phrase_3,Which gender traditionally plays this instrument?,This instrument is traditionally played by men.
bahi_val5.jpg,bahi,validation,playing_method,q7,phrase_3,How is this instrument played?,This instrument is played by blowing air across the blow hole and covering finger holes.
bahi_val5.jpg,bahi,validation,instrument_type,q8,phrase_3,What type of musical instrument is this?,This is a transverse bamboo flute instrument.
bahi_val5.jpg,bahi,validation,description,q9,phrase_3,"Give a description of this instrument including its cultural significance, and role in Assamese music.","The Bahi is a traditional Assamese transverse flute made entirely from bamboo, played by blowing air across a side blow hole while controlling pitch through finger holes along the tube. It is one of the oldest melodic instruments in Assamese folk music and is prominently used during Rongali Bihu celebrations. Unlike the rhythm-keeping instruments of the Bihu ensemble, the Bahi carries the melodic layer with its soft, flute-like tone. It is traditionally played by men and is closely associated with pastoral and folk music traditions of Assam."
bahi_test1.jpg,bahi,test,festival,q1,phrase_3,In which festival is this instrument played?,It is played during Rongali Bihu which is the spring festival of Assam.
bahi_test1.jpg,bahi,test,origin,q2,phrase_3,Where did this instrument originate?,It originated in the rural communities of Assam.
bahi_test1.jpg,bahi,test,material,q3,phrase_3,What material is this instrument made of?,This instrument is made of bamboo.
bahi_test1.jpg,bahi,test,parts,q4,phrase_3,Name the major parts of this instrument.,"The main parts of this instrument are bamboo tube body, blow hole and finger holes."
bahi_test1.jpg,bahi,test,sound,q5,phrase_3,What sound does this instrument produce?,"This instrument produces a soft, melodic, flute-like sound."
bahi_test1.jpg,bahi,test,traditional_player,q6,phrase_3,Which gender traditionally plays this instrument?,This instrument is traditionally played by men.
bahi_test1.jpg,bahi,test,playing_method,q7,phrase_3,How is this instrument played?,This instrument is played by blowing air across the blow hole and covering finger holes.
bahi_test1.jpg,bahi,test,instrument_type,q8,phrase_3,What type of musical instrument is this?,This is a transverse bamboo flute instrument.
bahi_test1.jpg,bahi,test,description,q9,phrase_3,"Give a description of this instrument including its cultural significance, and role in Assamese music.","The Bahi is a traditional Assamese transverse flute made entirely from bamboo, played by blowing air across a side blow hole while controlling pitch through finger holes along the tube. It is one of the oldest melodic instruments in Assamese folk music and is prominently used during Rongali Bihu celebrations. Unlike the rhythm-keeping instruments of the Bihu ensemble, the Bahi carries the melodic layer with its soft, flute-like tone. It is traditionally played by men and is closely associated with pastoral and folk music traditions of Assam."
bahi_test2.jpg,bahi,test,festival,q1,phrase_3,In which festival is this instrument played?,It is played during Rongali Bihu which is the spring festival of Assam.
bahi_test2.jpg,bahi,test,origin,q2,phrase_3,Where did this instrument originate?,It originated in the rural communities of Assam.
bahi_test2.jpg,bahi,test,material,q3,phrase_3,What material is this instrument made of?,This instrument is made of bamboo.
bahi_test2.jpg,bahi,test,parts,q4,phrase_3,Name the major parts of this instrument.,"The main parts of this instrument are bamboo tube body, blow hole and finger holes."
bahi_test2.jpg,bahi,test,sound,q5,phrase_3,What sound does this instrument produce?,"This instrument produces a soft, melodic, flute-like sound."
bahi_test2.jpg,bahi,test,traditional_player,q6,phrase_3,Which gender traditionally plays this instrument?,This instrument is traditionally played by men.
bahi_test2.jpg,bahi,test,playing_method,q7,phrase_3,How is this instrument played?,This instrument is played by blowing air across the blow hole and covering finger holes.
bahi_test2.jpg,bahi,test,instrument_type,q8,phrase_3,What type of musical instrument is this?,This is a transverse bamboo flute instrument.
bahi_test2.jpg,bahi,test,description,q9,phrase_3,"Give a description of this instrument including its cultural significance, and role in Assamese music.","The Bahi is a traditional Assamese transverse flute made entirely from bamboo, played by blowing air across a side blow hole while controlling pitch through finger holes along the tube. It is one of the oldest melodic instruments in Assamese folk music and is prominently used during Rongali Bihu celebrations. Unlike the rhythm-keeping instruments of the Bihu ensemble, the Bahi carries the melodic layer with its soft, flute-like tone. It is traditionally played by men and is closely associated with pastoral and folk music traditions of Assam."
bahi_test3.jpg,bahi,test,festival,q1,phrase_3,In which festival is this instrument played?,It is played during Rongali Bihu which is the spring festival of Assam.
bahi_test3.jpg,bahi,test,origin,q2,phrase_3,Where did this instrument originate?,It originated in the rural communities of Assam.
bahi_test3.jpg,bahi,test,material,q3,phrase_3,What material is this instrument made of?,This instrument is made of bamboo.
bahi_test3.jpg,bahi,test,parts,q4,phrase_3,Name the major parts of this instrument.,"The main parts of this instrument are bamboo tube body, blow hole and finger holes."
bahi_test3.jpg,bahi,test,sound,q5,phrase_3,What sound does this instrument produce?,"This instrument produces a soft, melodic, flute-like sound."
bahi_test3.jpg,bahi,test,traditional_player,q6,phrase_3,Which gender traditionally plays this instrument?,This instrument is traditionally played by men.
bahi_test3.jpg,bahi,test,playing_method,q7,phrase_3,How is this instrument played?,This instrument is played by blowing air across the blow hole and covering finger holes.
bahi_test3.jpg,bahi,test,instrument_type,q8,phrase_3,What type of musical instrument is this?,This is a transverse bamboo flute instrument.
bahi_test3.jpg,bahi,test,description,q9,phrase_3,"Give a description of this instrument including its cultural significance, and role in Assamese music.","The Bahi is a traditional Assamese transverse flute made entirely from bamboo, played by blowing air across a side blow hole while controlling pitch through finger holes along the tube. It is one of the oldest melodic instruments in Assamese folk music and is prominently used during Rongali Bihu celebrations. Unlike the rhythm-keeping instruments of the Bihu ensemble, the Bahi carries the melodic layer with its soft, flute-like tone. It is traditionally played by men and is closely associated with pastoral and folk music traditions of Assam."
bahi_test4.jpg,bahi,test,festival,q1,phrase_3,In which festival is this instrument played?,It is played during Rongali Bihu which is the spring festival of Assam.
bahi_test4.jpg,bahi,test,origin,q2,phrase_3,Where did this instrument originate?,It originated in the rural communities of Assam.
bahi_test4.jpg,bahi,test,material,q3,phrase_3,What material is this instrument made of?,This instrument is made of bamboo.
bahi_test4.jpg,bahi,test,parts,q4,phrase_3,Name the major parts of this instrument.,"The main parts of this instrument are bamboo tube body, blow hole and finger holes."
bahi_test4.jpg,bahi,test,sound,q5,phrase_3,What sound does this instrument produce?,"This instrument produces a soft, melodic, flute-like sound."
bahi_test4.jpg,bahi,test,traditional_player,q6,phrase_3,Which gender traditionally plays this instrument?,This instrument is traditionally played by men.
bahi_test4.jpg,bahi,test,playing_method,q7,phrase_3,How is this instrument played?,This instrument is played by blowing air across the blow hole and covering finger holes.
bahi_test4.jpg,bahi,test,instrument_type,q8,phrase_3,What type of musical instrument is this?,This is a transverse bamboo flute instrument.
bahi_test4.jpg,bahi,test,description,q9,phrase_3,"Give a description of this instrument including its cultural significance, and role in Assamese music.","The Bahi is a traditional Assamese transverse flute made entirely from bamboo, played by blowing air across a side blow hole while controlling pitch through finger holes along the tube. It is one of the oldest melodic instruments in Assamese folk music and is prominently used during Rongali Bihu celebrations. Unlike the rhythm-keeping instruments of the Bihu ensemble, the Bahi carries the melodic layer with its soft, flute-like tone. It is traditionally played by men and is closely associated with pastoral and folk music traditions of Assam."
bahi_test5.jpg,bahi,test,festival,q1,phrase_3,In which festival is this instrument played?,It is played during Rongali Bihu which is the spring festival of Assam.
bahi_test5.jpg,bahi,test,origin,q2,phrase_3,Where did this instrument originate?,It originated in the rural communities of Assam.
bahi_test5.jpg,bahi,test,material,q3,phrase_3,What material is this instrument made of?,This instrument is made of bamboo.
bahi_test5.jpg,bahi,test,parts,q4,phrase_3,Name the major parts of this instrument.,"The main parts of this instrument are bamboo tube body, blow hole and finger holes."
bahi_test5.jpg,bahi,test,sound,q5,phrase_3,What sound does this instrument produce?,"This instrument produces a soft, melodic, flute-like sound."
bahi_test5.jpg,bahi,test,traditional_player,q6,phrase_3,Which gender traditionally plays this instrument?,This instrument is traditionally played by men.
bahi_test5.jpg,bahi,test,playing_method,q7,phrase_3,How is this instrument played?,This instrument is played by blowing air across the blow hole and covering finger holes.
bahi_test5.jpg,bahi,test,instrument_type,q8,phrase_3,What type of musical instrument is this?,This is a transverse bamboo flute instrument.
bahi_test5.jpg,bahi,test,description,q9,phrase_3,"Give a description of this instrument including its cultural significance, and role in Assamese music.","The Bahi is a traditional Assamese transverse flute made entirely from bamboo, played by blowing air across a side blow hole while controlling pitch through finger holes along the tube. It is one of the oldest melodic instruments in Assamese folk music and is prominently used during Rongali Bihu celebrations. Unlike the rhythm-keeping instruments of the Bihu ensemble, the Bahi carries the melodic layer with its soft, flute-like tone. It is traditionally played by men and is closely associated with pastoral and folk music traditions of Assam."
toka_train1.jpg,toka,train,festival,q1,phrase_2,During which festival is this instrument played?,It is played during Rongali Bihu which is the spring festival of Assam.
toka_train1.jpg,toka,train,origin,q2,phrase_1,What is the origin place of this instrument?,It originated in the rural communities of Assam.
toka_train1.jpg,toka,train,material,q3,phrase_2,Which material is used to make this instrument?,This instrument is made of bamboo.
toka_train1.jpg,toka,train,parts,q4,phrase_2,List the main parts of this instrument.,"The main parts of this instrument are two bamboo pieces, hinged joint, and striking ends."
toka_train1.jpg,toka,train,sound,q5,phrase_1,What kind of sound does this instrument make?,"This instrument produces a sharp, dry clicking sound."
toka_train1.jpg,toka,train,traditional_player,q6,phrase_1,Who traditionally plays this instrument?,This instrument is traditionally played by both men and women.
toka_train1.jpg,toka,train,playing_method,q7,phrase_2,What is the method of playing this instrument?,This instrument is played by clapping the two bamboo pieces against each other.
toka_train1.jpg,toka,train,instrument_type,q8,phrase_1,Which type of musical instrument does this belong to?,This is a bamboo clapper percussion instrument.
toka_train1.jpg,toka,train,description,q9,phrase_2,"Explain this instrument's cultural importance, and musical role.","The Toka is a traditional Assamese percussion instrument made entirely from bamboo, consisting of two pieces joined and clapped together rhythmically. Its sharp, dry clicking sound provides rhythmic accompaniment that complements heavier instruments like the Dhol. Toka is played by both men and women, making it an inclusive instrument in Assamese folk music."
toka_train10.jpg,toka,train,festival,q1,phrase_1,What festival is this instrument played in?,It is played during Rongali Bihu which is the spring festival of Assam.
toka_train10.jpg,toka,train,origin,q2,phrase_2,From which place does this instrument originate?,It originated in the rural communities of Assam.
toka_train10.jpg,toka,train,material,q3,phrase_1,What is this instrument made from?,This instrument is made of bamboo.
toka_train10.jpg,toka,train,parts,q4,phrase_1,What are the parts of this instrument?,"The main parts of this instrument are two bamboo pieces, hinged joint, and striking ends."
toka_train10.jpg,toka,train,sound,q5,phrase_2,What type of sound is produced by this instrument?,"This instrument produces a sharp, dry clicking sound."
toka_train10.jpg,toka,train,traditional_player,q6,phrase_2,Which gender plays this instrument traditionally?,This instrument is traditionally played by both men and women.
toka_train10.jpg,toka,train,playing_method,q7,phrase_1,How do you play this instrument?,This instrument is played by clapping the two bamboo pieces against each other.
toka_train10.jpg,toka,train,instrument_type,q8,phrase_2,What type of musical instrument can this be classified as?,This is a bamboo clapper percussion instrument.
toka_train10.jpg,toka,train,description,q9,phrase_1,"Describe this instrument—its cultural significance, and use in Assamese music.","The Toka is a traditional Assamese percussion instrument made entirely from bamboo, consisting of two pieces joined and clapped together rhythmically. Its sharp, dry clicking sound provides rhythmic accompaniment that complements heavier instruments like the Dhol. Toka is played by both men and women, making it an inclusive instrument in Assamese folk music."
toka_train11.jpg,toka,train,festival,q1,phrase_1,What festival is this instrument played in?,It is played during Rongali Bihu which is the spring festival of Assam.
toka_train11.jpg,toka,train,origin,q2,phrase_2,From which place does this instrument originate?,It originated in the rural communities of Assam.
toka_train11.jpg,toka,train,material,q3,phrase_1,What is this instrument made from?,This instrument is made of bamboo.
toka_train11.jpg,toka,train,parts,q4,phrase_2,List the main parts of this instrument.,"The main parts of this instrument are two bamboo pieces, hinged joint, and striking ends."
toka_train11.jpg,toka,train,sound,q5,phrase_1,What kind of sound does this instrument make?,"This instrument produces a sharp, dry clicking sound."
toka_train11.jpg,toka,train,traditional_player,q6,phrase_2,Which gender plays this instrument traditionally?,This instrument is traditionally played by both men and women.
toka_train11.jpg,toka,train,playing_method,q7,phrase_1,How do you play this instrument?,This instrument is played by clapping the two bamboo pieces against each other.
toka_train11.jpg,toka,train,instrument_type,q8,phrase_2,What type of musical instrument can this be classified as?,This is a bamboo clapper percussion instrument.
toka_train11.jpg,toka,train,description,q9,phrase_2,"Explain this instrument's cultural importance, and musical role.","The Toka is a traditional Assamese percussion instrument made entirely from bamboo, consisting of two pieces joined and clapped together rhythmically. Its sharp, dry clicking sound provides rhythmic accompaniment that complements heavier instruments like the Dhol. Toka is played by both men and women, making it an inclusive instrument in Assamese folk music."
toka_train12.jpg,toka,train,festival,q1,phrase_2,During which festival is this instrument played?,It is played during Rongali Bihu which is the spring festival of Assam.
toka_train12.jpg,toka,train,origin,q2,phrase_1,What is the origin place of this instrument?,It originated in the rural communities of Assam.
toka_train12.jpg,toka,train,material,q3,phrase_2,Which material is used to make this instrument?,This instrument is made of bamboo.
toka_train12.jpg,toka,train,parts,q4,phrase_1,What are the parts of this instrument?,"The main parts of this instrument are two bamboo pieces, hinged joint, and striking ends."
toka_train12.jpg,toka,train,sound,q5,phrase_2,What type of sound is produced by this instrument?,"This instrument produces a sharp, dry clicking sound."
toka_train12.jpg,toka,train,traditional_player,q6,phrase_1,Who traditionally plays this instrument?,This instrument is traditionally played by both men and women.
toka_train12.jpg,toka,train,playing_method,q7,phrase_2,What is the method of playing this instrument?,This instrument is played by clapping the two bamboo pieces against each other.
toka_train12.jpg,toka,train,instrument_type,q8,phrase_1,Which type of musical instrument does this belong to?,This is a bamboo clapper percussion instrument.
toka_train12.jpg,toka,train,description,q9,phrase_1,"Describe this instrument—its cultural significance, and use in Assamese music.","The Toka is a traditional Assamese percussion instrument made entirely from bamboo, consisting of two pieces joined and clapped together rhythmically. Its sharp, dry clicking sound provides rhythmic accompaniment that complements heavier instruments like the Dhol. Toka is played by both men and women, making it an inclusive instrument in Assamese folk music."
toka_train13.jpg,toka,train,festival,q1,phrase_1,What festival is this instrument played in?,It is played during Rongali Bihu which is the spring festival of Assam.
toka_train13.jpg,toka,train,origin,q2,phrase_2,From which place does this instrument originate?,It originated in the rural communities of Assam.
toka_train13.jpg,toka,train,material,q3,phrase_2,Which material is used to make this instrument?,This instrument is made of bamboo.
toka_train13.jpg,toka,train,parts,q4,phrase_1,What are the parts of this instrument?,"The main parts of this instrument are two bamboo pieces, hinged joint, and striking ends."
toka_train13.jpg,toka,train,sound,q5,phrase_2,What type of sound is produced by this instrument?,"This instrument produces a sharp, dry clicking sound."
toka_train13.jpg,toka,train,traditional_player,q6,phrase_1,Who traditionally plays this instrument?,This instrument is traditionally played by both men and women.
toka_train13.jpg,toka,train,playing_method,q7,phrase_2,What is the method of playing this instrument?,This instrument is played by clapping the two bamboo pieces against each other.
toka_train13.jpg,toka,train,instrument_type,q8,phrase_2,What type of musical instrument can this be classified as?,This is a bamboo clapper percussion instrument.
toka_train13.jpg,toka,train,description,q9,phrase_1,"Describe this instrument—its cultural significance, and use in Assamese music.","The Toka is a traditional Assamese percussion instrument made entirely from bamboo, consisting of two pieces joined and clapped together rhythmically. Its sharp, dry clicking sound provides rhythmic accompaniment that complements heavier instruments like the Dhol. Toka is played by both men and women, making it an inclusive instrument in Assamese folk music."
toka_train14.jpg,toka,train,festival,q1,phrase_2,During which festival is this instrument played?,It is played during Rongali Bihu which is the spring festival of Assam.
toka_train14.jpg,toka,train,origin,q2,phrase_1,What is the origin place of this instrument?,It originated in the rural communities of Assam.
toka_train14.jpg,toka,train,material,q3,phrase_1,What is this instrument made from?,This instrument is made of bamboo.
toka_train14.jpg,toka,train,parts,q4,phrase_2,List the main parts of this instrument.,"The main parts of this instrument are two bamboo pieces, hinged joint, and striking ends."
toka_train14.jpg,toka,train,sound,q5,phrase_1,What kind of sound does this instrument make?,"This instrument produces a sharp, dry clicking sound."
toka_train14.jpg,toka,train,traditional_player,q6,phrase_2,Which gender plays this instrument traditionally?,This instrument is traditionally played by both men and women.
toka_train14.jpg,toka,train,playing_method,q7,phrase_1,How do you play this instrument?,This instrument is played by clapping the two bamboo pieces against each other.
toka_train14.jpg,toka,train,instrument_type,q8,phrase_1,Which type of musical instrument does this belong to?,This is a bamboo clapper percussion instrument.
toka_train14.jpg,toka,train,description,q9,phrase_2,"Explain this instrument's cultural importance, and musical role.","The Toka is a traditional Assamese percussion instrument made entirely from bamboo, consisting of two pieces joined and clapped together rhythmically. Its sharp, dry clicking sound provides rhythmic accompaniment that complements heavier instruments like the Dhol. Toka is played by both men and women, making it an inclusive instrument in Assamese folk music."
toka_train15.jpg,toka,train,festival,q1,phrase_1,What festival is this instrument played in?,It is played during Rongali Bihu which is the spring festival of Assam.
toka_train15.jpg,toka,train,origin,q2,phrase_2,From which place does this instrument originate?,It originated in the rural communities of Assam.
toka_train15.jpg,toka,train,material,q3,phrase_1,What is this instrument made from?,This instrument is made of bamboo.
toka_train15.jpg,toka,train,parts,q4,phrase_1,What are the parts of this instrument?,"The main parts of this instrument are two bamboo pieces, hinged joint, and striking ends."
toka_train15.jpg,toka,train,sound,q5,phrase_2,What type of sound is produced by this instrument?,"This instrument produces a sharp, dry clicking sound."
toka_train15.jpg,toka,train,traditional_player,q6,phrase_2,Which gender plays this instrument traditionally?,This instrument is traditionally played by both men and women.
toka_train15.jpg,toka,train,playing_method,q7,phrase_2,What is the method of playing this instrument?,This instrument is played by clapping the two bamboo pieces against each other.
toka_train15.jpg,toka,train,instrument_type,q8,phrase_1,Which type of musical instrument does this belong to?,This is a bamboo clapper percussion instrument.
toka_train15.jpg,toka,train,description,q9,phrase_2,"Explain this instrument's cultural importance, and musical role.","The Toka is a traditional Assamese percussion instrument made entirely from bamboo, consisting of two pieces joined and clapped together rhythmically. Its sharp, dry clicking sound provides rhythmic accompaniment that complements heavier instruments like the Dhol. Toka is played by both men and women, making it an inclusive instrument in Assamese folk music."
toka_train16.jpg,toka,train,festival,q1,phrase_2,During which festival is this instrument played?,It is played during Rongali Bihu which is the spring festival of Assam.
toka_train16.jpg,toka,train,origin,q2,phrase_1,What is the origin place of this instrument?,It originated in the rural communities of Assam.
toka_train16.jpg,toka,train,material,q3,phrase_2,Which material is used to make this instrument?,This instrument is made of bamboo.
toka_train16.jpg,toka,train,parts,q4,phrase_2,List the main parts of this instrument.,"The main parts of this instrument are two bamboo pieces, hinged joint, and striking ends."
toka_train16.jpg,toka,train,sound,q5,phrase_1,What kind of sound does this instrument make?,"This instrument produces a sharp, dry clicking sound."
toka_train16.jpg,toka,train,traditional_player,q6,phrase_1,Who traditionally plays this instrument?,This instrument is traditionally played by both men and women.
toka_train16.jpg,toka,train,playing_method,q7,phrase_1,How do you play this instrument?,This instrument is played by clapping the two bamboo pieces against each other.
toka_train16.jpg,toka,train,instrument_type,q8,phrase_2,What type of musical instrument can this be classified as?,This is a bamboo clapper percussion instrument.
toka_train16.jpg,toka,train,description,q9,phrase_1,"Describe this instrument—its cultural significance, and use in Assamese music.","The Toka is a traditional Assamese percussion instrument made entirely from bamboo, consisting of two pieces joined and clapped together rhythmically. Its sharp, dry clicking sound provides rhythmic accompaniment that complements heavier instruments like the Dhol. Toka is played by both men and women, making it an inclusive instrument in Assamese folk music."
toka_train17.jpg,toka,train,festival,q1,phrase_1,What festival is this instrument played in?,It is played during Rongali Bihu which is the spring festival of Assam.
toka_train17.jpg,toka,train,origin,q2,phrase_2,From which place does this instrument originate?,It originated in the rural communities of Assam.
toka_train17.jpg,toka,train,material,q3,phrase_2,Which material is used to make this instrument?,This instrument is made of bamboo.
toka_train17.jpg,toka,train,parts,q4,phrase_2,List the main parts of this instrument.,"The main parts of this instrument are two bamboo pieces, hinged joint, and striking ends."
toka_train17.jpg,toka,train,sound,q5,phrase_1,What kind of sound does this instrument make?,"This instrument produces a sharp, dry clicking sound."
toka_train17.jpg,toka,train,traditional_player,q6,phrase_2,Which gender plays this instrument traditionally?,This instrument is traditionally played by both men and women.
toka_train17.jpg,toka,train,playing_method,q7,phrase_1,How do you play this instrument?,This instrument is played by clapping the two bamboo pieces against each other.
toka_train17.jpg,toka,train,instrument_type,q8,phrase_1,Which type of musical instrument does this belong to?,This is a bamboo clapper percussion instrument.
toka_train17.jpg,toka,train,description,q9,phrase_2,"Explain this instrument's cultural importance, and musical role.","The Toka is a traditional Assamese percussion instrument made entirely from bamboo, consisting of two pieces joined and clapped together rhythmically. Its sharp, dry clicking sound provides rhythmic accompaniment that complements heavier instruments like the Dhol. Toka is played by both men and women, making it an inclusive instrument in Assamese folk music."
toka_train18.jpg,toka,train,festival,q1,phrase_2,During which festival is this instrument played?,It is played during Rongali Bihu which is the spring festival of Assam.
toka_train18.jpg,toka,train,origin,q2,phrase_1,What is the origin place of this instrument?,It originated in the rural communities of Assam.
toka_train18.jpg,toka,train,material,q3,phrase_1,What is this instrument made from?,This instrument is made of bamboo.
toka_train18.jpg,toka,train,parts,q4,phrase_1,What are the parts of this instrument?,"The main parts of this instrument are two bamboo pieces, hinged joint, and striking ends."
toka_train18.jpg,toka,train,sound,q5,phrase_2,What type of sound is produced by this instrument?,"This instrument produces a sharp, dry clicking sound."
toka_train18.jpg,toka,train,traditional_player,q6,phrase_1,Who traditionally plays this instrument?,This instrument is traditionally played by both men and women.
toka_train18.jpg,toka,train,playing_method,q7,phrase_2,What is the method of playing this instrument?,This instrument is played by clapping the two bamboo pieces against each other.
toka_train18.jpg,toka,train,instrument_type,q8,phrase_2,What type of musical instrument can this be classified as?,This is a bamboo clapper percussion instrument.
toka_train18.jpg,toka,train,description,q9,phrase_1,"Describe this instrument—its cultural significance, and use in Assamese music.","The Toka is a traditional Assamese percussion instrument made entirely from bamboo, consisting of two pieces joined and clapped together rhythmically. Its sharp, dry clicking sound provides rhythmic accompaniment that complements heavier instruments like the Dhol. Toka is played by both men and women, making it an inclusive instrument in Assamese folk music."
toka_train19.jpg,toka,train,festival,q1,phrase_2,During which festival is this instrument played?,It is played during Rongali Bihu which is the spring festival of Assam.
toka_train19.jpg,toka,train,origin,q2,phrase_1,What is the origin place of this instrument?,It originated in the rural communities of Assam.
toka_train19.jpg,toka,train,material,q3,phrase_1,What is this instrument made from?,This instrument is made of bamboo.
toka_train19.jpg,toka,train,parts,q4,phrase_1,What are the parts of this instrument?,"The main parts of this instrument are two bamboo pieces, hinged joint, and striking ends."
toka_train19.jpg,toka,train,sound,q5,phrase_2,What type of sound is produced by this instrument?,"This instrument produces a sharp, dry clicking sound."
toka_train19.jpg,toka,train,traditional_player,q6,phrase_2,Which gender plays this instrument traditionally?,This instrument is traditionally played by both men and women.
toka_train19.jpg,toka,train,playing_method,q7,phrase_1,How do you play this instrument?,This instrument is played by clapping the two bamboo pieces against each other.
toka_train19.jpg,toka,train,instrument_type,q8,phrase_2,What type of musical instrument can this be classified as?,This is a bamboo clapper percussion instrument.
toka_train19.jpg,toka,train,description,q9,phrase_2,"Explain this instrument's cultural importance, and musical role.","The Toka is a traditional Assamese percussion instrument made entirely from bamboo, consisting of two pieces joined and clapped together rhythmically. Its sharp, dry clicking sound provides rhythmic accompaniment that complements heavier instruments like the Dhol. Toka is played by both men and women, making it an inclusive instrument in Assamese folk music."
toka_train2.jpg,toka,train,festival,q1,phrase_1,What festival is this instrument played in?,It is played during Rongali Bihu which is the spring festival of Assam.
toka_train2.jpg,toka,train,origin,q2,phrase_2,From which place does this instrument originate?,It originated in the rural communities of Assam.
toka_train2.jpg,toka,train,material,q3,phrase_2,Which material is used to make this instrument?,This instrument is made of bamboo.
toka_train2.jpg,toka,train,parts,q4,phrase_2,List the main parts of this instrument.,"The main parts of this instrument are two bamboo pieces, hinged joint, and striking ends."
toka_train2.jpg,toka,train,sound,q5,phrase_1,What kind of sound does this instrument make?,"This instrument produces a sharp, dry clicking sound."
toka_train2.jpg,toka,train,traditional_player,q6,phrase_1,Who traditionally plays this instrument?,This instrument is traditionally played by both men and women.
toka_train2.jpg,toka,train,playing_method,q7,phrase_2,What is the method of playing this instrument?,This instrument is played by clapping the two bamboo pieces against each other.
toka_train2.jpg,toka,train,instrument_type,q8,phrase_1,Which type of musical instrument does this belong to?,This is a bamboo clapper percussion instrument.
toka_train2.jpg,toka,train,description,q9,phrase_1,"Describe this instrument—its cultural significance, and use in Assamese music.","The Toka is a traditional Assamese percussion instrument made entirely from bamboo, consisting of two pieces joined and clapped together rhythmically. Its sharp, dry clicking sound provides rhythmic accompaniment that complements heavier instruments like the Dhol. Toka is played by both men and women, making it an inclusive instrument in Assamese folk music."
toka_train20.jpg,toka,train,festival,q1,phrase_1,What festival is this instrument played in?,It is played during Rongali Bihu which is the spring festival of Assam.
toka_train20.jpg,toka,train,origin,q2,phrase_2,From which place does this instrument originate?,It originated in the rural communities of Assam.
toka_train20.jpg,toka,train,material,q3,phrase_1,What is this instrument made from?,This instrument is made of bamboo.
toka_train20.jpg,toka,train,parts,q4,phrase_2,List the main parts of this instrument.,"The main parts of this instrument are two bamboo pieces, hinged joint, and striking ends."
toka_train20.jpg,toka,train,sound,q5,phrase_2,What type of sound is produced by this instrument?,"This instrument produces a sharp, dry clicking sound."
toka_train20.jpg,toka,train,traditional_player,q6,phrase_1,Who traditionally plays this instrument?,This instrument is traditionally played by both men and women.
toka_train20.jpg,toka,train,playing_method,q7,phrase_2,What is the method of playing this instrument?,This instrument is played by clapping the two bamboo pieces against each other.
toka_train20.jpg,toka,train,instrument_type,q8,phrase_1,Which type of musical instrument does this belong to?,This is a bamboo clapper percussion instrument.
toka_train20.jpg,toka,train,description,q9,phrase_2,"Explain this instrument's cultural importance, and musical role.","The Toka is a traditional Assamese percussion instrument made entirely from bamboo, consisting of two pieces joined and clapped together rhythmically. Its sharp, dry clicking sound provides rhythmic accompaniment that complements heavier instruments like the Dhol. Toka is played by both men and women, making it an inclusive instrument in Assamese folk music."
toka_train21.jpg,toka,train,festival,q1,phrase_2,During which festival is this instrument played?,It is played during Rongali Bihu which is the spring festival of Assam.
toka_train21.jpg,toka,train,origin,q2,phrase_1,What is the origin place of this instrument?,It originated in the rural communities of Assam.
toka_train21.jpg,toka,train,material,q3,phrase_2,Which material is used to make this instrument?,This instrument is made of bamboo.
toka_train21.jpg,toka,train,parts,q4,phrase_1,What are the parts of this instrument?,"The main parts of this instrument are two bamboo pieces, hinged joint, and striking ends."
toka_train21.jpg,toka,train,sound,q5,phrase_1,What kind of sound does this instrument make?,"This instrument produces a sharp, dry clicking sound."
toka_train21.jpg,toka,train,traditional_player,q6,phrase_2,Which gender plays this instrument traditionally?,This instrument is traditionally played by both men and women.
toka_train21.jpg,toka,train,playing_method,q7,phrase_1,How do you play this instrument?,This instrument is played by clapping the two bamboo pieces against each other.
toka_train21.jpg,toka,train,instrument_type,q8,phrase_2,What type of musical instrument can this be classified as?,This is a bamboo clapper percussion instrument.
toka_train21.jpg,toka,train,description,q9,phrase_1,"Describe this instrument—its cultural significance, and use in Assamese music.","The Toka is a traditional Assamese percussion instrument made entirely from bamboo, consisting of two pieces joined and clapped together rhythmically. Its sharp, dry clicking sound provides rhythmic accompaniment that complements heavier instruments like the Dhol. Toka is played by both men and women, making it an inclusive instrument in Assamese folk music."
toka_train22.jpg,toka,train,festival,q1,phrase_2,During which festival is this instrument played?,It is played during Rongali Bihu which is the spring festival of Assam.
toka_train22.jpg,toka,train,origin,q2,phrase_1,What is the origin place of this instrument?,It originated in the rural communities of Assam.
toka_train22.jpg,toka,train,material,q3,phrase_2,Which material is used to make this instrument?,This instrument is made of bamboo.
toka_train22.jpg,toka,train,parts,q4,phrase_1,What are the parts of this instrument?,"The main parts of this instrument are two bamboo pieces, hinged joint, and striking ends."
toka_train22.jpg,toka,train,sound,q5,phrase_2,What type of sound is produced by this instrument?,"This instrument produces a sharp, dry clicking sound."
toka_train22.jpg,toka,train,traditional_player,q6,phrase_1,Who traditionally plays this instrument?,This instrument is traditionally played by both men and women.
toka_train22.jpg,toka,train,playing_method,q7,phrase_1,How do you play this instrument?,This instrument is played by clapping the two bamboo pieces against each other.
toka_train22.jpg,toka,train,instrument_type,q8,phrase_2,What type of musical instrument can this be classified as?,This is a bamboo clapper percussion instrument.
toka_train22.jpg,toka,train,description,q9,phrase_2,"Explain this instrument's cultural importance, and musical role.","The Toka is a traditional Assamese percussion instrument made entirely from bamboo, consisting of two pieces joined and clapped together rhythmically. Its sharp, dry clicking sound provides rhythmic accompaniment that complements heavier instruments like the Dhol. Toka is played by both men and women, making it an inclusive instrument in Assamese folk music."
toka_train3.jpg,toka,train,festival,q1,phrase_1,What festival is this instrument played in?,It is played during Rongali Bihu which is the spring festival of Assam.
toka_train3.jpg,toka,train,origin,q2,phrase_2,From which place does this instrument originate?,It originated in the rural communities of Assam.
toka_train3.jpg,toka,train,material,q3,phrase_1,What is this instrument made from?,This instrument is made of bamboo.
toka_train3.jpg,toka,train,parts,q4,phrase_2,List the main parts of this instrument.,"The main parts of this instrument are two bamboo pieces, hinged joint, and striking ends."
toka_train3.jpg,toka,train,sound,q5,phrase_1,What kind of sound does this instrument make?,"This instrument produces a sharp, dry clicking sound."
toka_train3.jpg,toka,train,traditional_player,q6,phrase_2,Which gender plays this instrument traditionally?,This instrument is traditionally played by both men and women.
toka_train3.jpg,toka,train,playing_method,q7,phrase_2,What is the method of playing this instrument?,This instrument is played by clapping the two bamboo pieces against each other.
toka_train3.jpg,toka,train,instrument_type,q8,phrase_1,Which type of musical instrument does this belong to?,This is a bamboo clapper percussion instrument.
toka_train3.jpg,toka,train,description,q9,phrase_1,"Describe this instrument—its cultural significance, and use in Assamese music.","The Toka is a traditional Assamese percussion instrument made entirely from bamboo, consisting of two pieces joined and clapped together rhythmically. Its sharp, dry clicking sound provides rhythmic accompaniment that complements heavier instruments like the Dhol. Toka is played by both men and women, making it an inclusive instrument in Assamese folk music."
toka_train4.jpg,toka,train,festival,q1,phrase_2,During which festival is this instrument played?,It is played during Rongali Bihu which is the spring festival of Assam.
toka_train4.jpg,toka,train,origin,q2,phrase_1,What is the origin place of this instrument?,It originated in the rural communities of Assam.
toka_train4.jpg,toka,train,material,q3,phrase_2,Which material is used to make this instrument?,This instrument is made of bamboo.
toka_train4.jpg,toka,train,parts,q4,phrase_2,List the main parts of this instrument.,"The main parts of this instrument are two bamboo pieces, hinged joint, and striking ends."
toka_train4.jpg,toka,train,sound,q5,phrase_2,What type of sound is produced by this instrument?,"This instrument produces a sharp, dry clicking sound."
toka_train4.jpg,toka,train,traditional_player,q6,phrase_1,Who traditionally plays this instrument?,This instrument is traditionally played by both men and women.
toka_train4.jpg,toka,train,playing_method,q7,phrase_1,How do you play this instrument?,This instrument is played by clapping the two bamboo pieces against each other.
toka_train4.jpg,toka,train,instrument_type,q8,phrase_1,Which type of musical instrument does this belong to?,This is a bamboo clapper percussion instrument.
toka_train4.jpg,toka,train,description,q9,phrase_2,"Explain this instrument's cultural importance, and musical role.","The Toka is a traditional Assamese percussion instrument made entirely from bamboo, consisting of two pieces joined and clapped together rhythmically. Its sharp, dry clicking sound provides rhythmic accompaniment that complements heavier instruments like the Dhol. Toka is played by both men and women, making it an inclusive instrument in Assamese folk music."
toka_train5.jpg,toka,train,festival,q1,phrase_1,What festival is this instrument played in?,It is played during Rongali Bihu which is the spring festival of Assam.
toka_train5.jpg,toka,train,origin,q2,phrase_2,From which place does this instrument originate?,It originated in the rural communities of Assam.
toka_train5.jpg,toka,train,material,q3,phrase_1,What is this instrument made from?,This instrument is made of bamboo.
toka_train5.jpg,toka,train,parts,q4,phrase_1,What are the parts of this instrument?,"The main parts of this instrument are two bamboo pieces, hinged joint, and striking ends."
toka_train5.jpg,toka,train,sound,q5,phrase_1,What kind of sound does this instrument make?,"This instrument produces a sharp, dry clicking sound."
toka_train5.jpg,toka,train,traditional_player,q6,phrase_2,Which gender plays this instrument traditionally?,This instrument is traditionally played by both men and women.
toka_train5.jpg,toka,train,playing_method,q7,phrase_2,What is the method of playing this instrument?,This instrument is played by clapping the two bamboo pieces against each other.
toka_train5.jpg,toka,train,instrument_type,q8,phrase_2,What type of musical instrument can this be classified as?,This is a bamboo clapper percussion instrument.
toka_train5.jpg,toka,train,description,q9,phrase_1,"Describe this instrument—its cultural significance, and use in Assamese music.","The Toka is a traditional Assamese percussion instrument made entirely from bamboo, consisting of two pieces joined and clapped together rhythmically. Its sharp, dry clicking sound provides rhythmic accompaniment that complements heavier instruments like the Dhol. Toka is played by both men and women, making it an inclusive instrument in Assamese folk music."
toka_train6.jpg,toka,train,festival,q1,phrase_2,During which festival is this instrument played?,It is played during Rongali Bihu which is the spring festival of Assam.
toka_train6.jpg,toka,train,origin,q2,phrase_2,From which place does this instrument originate?,It originated in the rural communities of Assam.
toka_train6.jpg,toka,train,material,q3,phrase_1,What is this instrument made from?,This instrument is made of bamboo.
toka_train6.jpg,toka,train,parts,q4,phrase_2,List the main parts of this instrument.,"The main parts of this instrument are two bamboo pieces, hinged joint, and striking ends."
toka_train6.jpg,toka,train,sound,q5,phrase_2,What type of sound is produced by this instrument?,"This instrument produces a sharp, dry clicking sound."
toka_train6.jpg,toka,train,traditional_player,q6,phrase_1,Who traditionally plays this instrument?,This instrument is traditionally played by both men and women.
toka_train6.jpg,toka,train,playing_method,q7,phrase_1,How do you play this instrument?,This instrument is played by clapping the two bamboo pieces against each other.
toka_train6.jpg,toka,train,instrument_type,q8,phrase_1,Which type of musical instrument does this belong to?,This is a bamboo clapper percussion instrument.
toka_train6.jpg,toka,train,description,q9,phrase_2,"Explain this instrument's cultural importance, and musical role.","The Toka is a traditional Assamese percussion instrument made entirely from bamboo, consisting of two pieces joined and clapped together rhythmically. Its sharp, dry clicking sound provides rhythmic accompaniment that complements heavier instruments like the Dhol. Toka is played by both men and women, making it an inclusive instrument in Assamese folk music."
toka_train7.jpg,toka,train,festival,q1,phrase_1,What festival is this instrument played in?,It is played during Rongali Bihu which is the spring festival of Assam.
toka_train7.jpg,toka,train,origin,q2,phrase_1,What is the origin place of this instrument?,It originated in the rural communities of Assam.
toka_train7.jpg,toka,train,material,q3,phrase_2,Which material is used to make this instrument?,This instrument is made of bamboo.
toka_train7.jpg,toka,train,parts,q4,phrase_1,What are the parts of this instrument?,"The main parts of this instrument are two bamboo pieces, hinged joint, and striking ends."
toka_train7.jpg,toka,train,sound,q5,phrase_1,What kind of sound does this instrument make?,"This instrument produces a sharp, dry clicking sound."
toka_train7.jpg,toka,train,traditional_player,q6,phrase_2,Which gender plays this instrument traditionally?,This instrument is traditionally played by both men and women.
toka_train7.jpg,toka,train,playing_method,q7,phrase_2,What is the method of playing this instrument?,This instrument is played by clapping the two bamboo pieces against each other.
toka_train7.jpg,toka,train,instrument_type,q8,phrase_2,What type of musical instrument can this be classified as?,This is a bamboo clapper percussion instrument.
toka_train7.jpg,toka,train,description,q9,phrase_1,"Describe this instrument—its cultural significance, and use in Assamese music.","The Toka is a traditional Assamese percussion instrument made entirely from bamboo, consisting of two pieces joined and clapped together rhythmically. Its sharp, dry clicking sound provides rhythmic accompaniment that complements heavier instruments like the Dhol. Toka is played by both men and women, making it an inclusive instrument in Assamese folk music."
toka_train8.jpg,toka,train,festival,q1,phrase_1,What festival is this instrument played in?,It is played during Rongali Bihu which is the spring festival of Assam.
toka_train8.jpg,toka,train,origin,q2,phrase_2,From which place does this instrument originate?,It originated in the rural communities of Assam.
toka_train8.jpg,toka,train,material,q3,phrase_2,Which material is used to make this instrument?,This instrument is made of bamboo.
toka_train8.jpg,toka,train,parts,q4,phrase_2,List the main parts of this instrument.,"The main parts of this instrument are two bamboo pieces, hinged joint, and striking ends."
toka_train8.jpg,toka,train,sound,q5,phrase_1,What kind of sound does this instrument make?,"This instrument produces a sharp, dry clicking sound."
toka_train8.jpg,toka,train,traditional_player,q6,phrase_2,Which gender plays this instrument traditionally?,This instrument is traditionally played by both men and women.
toka_train8.jpg,toka,train,playing_method,q7,phrase_1,How do you play this instrument?,This instrument is played by clapping the two bamboo pieces against each other.
toka_train8.jpg,toka,train,instrument_type,q8,phrase_1,Which type of musical instrument does this belong to?,This is a bamboo clapper percussion instrument.
toka_train8.jpg,toka,train,description,q9,phrase_2,"Explain this instrument's cultural importance, and musical role.","The Toka is a traditional Assamese percussion instrument made entirely from bamboo, consisting of two pieces joined and clapped together rhythmically. Its sharp, dry clicking sound provides rhythmic accompaniment that complements heavier instruments like the Dhol. Toka is played by both men and women, making it an inclusive instrument in Assamese folk music."
toka_train9.jpg,toka,train,festival,q1,phrase_2,During which festival is this instrument played?,It is played during Rongali Bihu which is the spring festival of Assam.
toka_train9.jpg,toka,train,origin,q2,phrase_1,What is the origin place of this instrument?,It originated in the rural communities of Assam.
toka_train9.jpg,toka,train,material,q3,phrase_1,What is this instrument made from?,This instrument is made of bamboo.
toka_train9.jpg,toka,train,parts,q4,phrase_1,What are the parts of this instrument?,"The main parts of this instrument are two bamboo pieces, hinged joint, and striking ends."
toka_train9.jpg,toka,train,sound,q5,phrase_2,What type of sound is produced by this instrument?,"This instrument produces a sharp, dry clicking sound."
toka_train9.jpg,toka,train,traditional_player,q6,phrase_1,Who traditionally plays this instrument?,This instrument is traditionally played by both men and women.
toka_train9.jpg,toka,train,playing_method,q7,phrase_2,What is the method of playing this instrument?,This instrument is played by clapping the two bamboo pieces against each other.
toka_train9.jpg,toka,train,instrument_type,q8,phrase_2,What type of musical instrument can this be classified as?,This is a bamboo clapper percussion instrument.
toka_train9.jpg,toka,train,description,q9,phrase_1,"Describe this instrument—its cultural significance, and use in Assamese music.","The Toka is a traditional Assamese percussion instrument made entirely from bamboo, consisting of two pieces joined and clapped together rhythmically. Its sharp, dry clicking sound provides rhythmic accompaniment that complements heavier instruments like the Dhol. Toka is played by both men and women, making it an inclusive instrument in Assamese folk music."
toka_val1.jpg,toka,validation,festival,q1,phrase_3,In which festival is this instrument played?,It is played during Rongali Bihu which is the spring festival of Assam.
toka_val1.jpg,toka,validation,origin,q2,phrase_3,Where did this instrument originate?,It originated in the rural communities of Assam.
toka_val1.jpg,toka,validation,material,q3,phrase_3,What material is this instrument made of?,This instrument is made of bamboo.
toka_val1.jpg,toka,validation,parts,q4,phrase_3,Name the major parts of this instrument.,"The main parts of this instrument are two bamboo pieces, hinged joint, and striking ends."
toka_val1.jpg,toka,validation,sound,q5,phrase_3,What sound does this instrument produce?,"This instrument produces a sharp, dry clicking sound."
toka_val1.jpg,toka,validation,traditional_player,q6,phrase_3,Which gender traditionally plays this instrument?,This instrument is traditionally played by both men and women.
toka_val1.jpg,toka,validation,playing_method,q7,phrase_3,How is this instrument played?,This instrument is played by clapping the two bamboo pieces against each other.
toka_val1.jpg,toka,validation,instrument_type,q8,phrase_3,What type of musical instrument is this?,This is a bamboo clapper percussion instrument.
toka_val1.jpg,toka,validation,description,q9,phrase_3,"Give a description of this instrument including its cultural significance, and role in Assamese music.","The Toka is a traditional Assamese percussion instrument made entirely from bamboo, consisting of two pieces joined and clapped together rhythmically. Its sharp, dry clicking sound provides rhythmic accompaniment that complements heavier instruments like the Dhol. Toka is played by both men and women, making it an inclusive instrument in Assamese folk music."
toka_val2.jpg,toka,validation,festival,q1,phrase_3,In which festival is this instrument played?,It is played during Rongali Bihu which is the spring festival of Assam.
toka_val2.jpg,toka,validation,origin,q2,phrase_3,Where did this instrument originate?,It originated in the rural communities of Assam.
toka_val2.jpg,toka,validation,material,q3,phrase_3,What material is this instrument made of?,This instrument is made of bamboo.
toka_val2.jpg,toka,validation,parts,q4,phrase_3,Name the major parts of this instrument.,"The main parts of this instrument are two bamboo pieces, hinged joint, and striking ends."
toka_val2.jpg,toka,validation,sound,q5,phrase_3,What sound does this instrument produce?,"This instrument produces a sharp, dry clicking sound."
toka_val2.jpg,toka,validation,traditional_player,q6,phrase_3,Which gender traditionally plays this instrument?,This instrument is traditionally played by both men and women.
toka_val2.jpg,toka,validation,playing_method,q7,phrase_3,How is this instrument played?,This instrument is played by clapping the two bamboo pieces against each other.
toka_val2.jpg,toka,validation,instrument_type,q8,phrase_3,What type of musical instrument is this?,This is a bamboo clapper percussion instrument.
toka_val2.jpg,toka,validation,description,q9,phrase_3,"Give a description of this instrument including its cultural significance, and role in Assamese music.","The Toka is a traditional Assamese percussion instrument made entirely from bamboo, consisting of two pieces joined and clapped together rhythmically. Its sharp, dry clicking sound provides rhythmic accompaniment that complements heavier instruments like the Dhol. Toka is played by both men and women, making it an inclusive instrument in Assamese folk music."
toka_val3.jpg,toka,validation,festival,q1,phrase_3,In which festival is this instrument played?,It is played during Rongali Bihu which is the spring festival of Assam.
toka_val3.jpg,toka,validation,origin,q2,phrase_3,Where did this instrument originate?,It originated in the rural communities of Assam.
toka_val3.jpg,toka,validation,material,q3,phrase_3,What material is this instrument made of?,This instrument is made of bamboo.
toka_val3.jpg,toka,validation,parts,q4,phrase_3,Name the major parts of this instrument.,"The main parts of this instrument are two bamboo pieces, hinged joint, and striking ends."
toka_val3.jpg,toka,validation,sound,q5,phrase_3,What sound does this instrument produce?,"This instrument produces a sharp, dry clicking sound."
toka_val3.jpg,toka,validation,traditional_player,q6,phrase_3,Which gender traditionally plays this instrument?,This instrument is traditionally played by both men and women.
toka_val3.jpg,toka,validation,playing_method,q7,phrase_3,How is this instrument played?,This instrument is played by clapping the two bamboo pieces against each other.
toka_val3.jpg,toka,validation,instrument_type,q8,phrase_3,What type of musical instrument is this?,This is a bamboo clapper percussion instrument.
toka_val3.jpg,toka,validation,description,q9,phrase_3,"Give a description of this instrument including its cultural significance, and role in Assamese music.","The Toka is a traditional Assamese percussion instrument made entirely from bamboo, consisting of two pieces joined and clapped together rhythmically. Its sharp, dry clicking sound provides rhythmic accompaniment that complements heavier instruments like the Dhol. Toka is played by both men and women, making it an inclusive instrument in Assamese folk music."
toka_val4.jpg,toka,validation,festival,q1,phrase_3,In which festival is this instrument played?,It is played during Rongali Bihu which is the spring festival of Assam.
toka_val4.jpg,toka,validation,origin,q2,phrase_3,Where did this instrument originate?,It originated in the rural communities of Assam.
toka_val4.jpg,toka,validation,material,q3,phrase_3,What material is this instrument made of?,This instrument is made of bamboo.
toka_val4.jpg,toka,validation,parts,q4,phrase_3,Name the major parts of this instrument.,"The main parts of this instrument are two bamboo pieces, hinged joint, and striking ends."
toka_val4.jpg,toka,validation,sound,q5,phrase_3,What sound does this instrument produce?,"This instrument produces a sharp, dry clicking sound."
toka_val4.jpg,toka,validation,traditional_player,q6,phrase_3,Which gender traditionally plays this instrument?,This instrument is traditionally played by both men and women.
toka_val4.jpg,toka,validation,playing_method,q7,phrase_3,How is this instrument played?,This instrument is played by clapping the two bamboo pieces against each other.
toka_val4.jpg,toka,validation,instrument_type,q8,phrase_3,What type of musical instrument is this?,This is a bamboo clapper percussion instrument.
toka_val4.jpg,toka,validation,description,q9,phrase_3,"Give a description of this instrument including its cultural significance, and role in Assamese music.","The Toka is a traditional Assamese percussion instrument made entirely from bamboo, consisting of two pieces joined and clapped together rhythmically. Its sharp, dry clicking sound provides rhythmic accompaniment that complements heavier instruments like the Dhol. Toka is played by both men and women, making it an inclusive instrument in Assamese folk music."
toka_val5.jpg,toka,validation,festival,q1,phrase_3,In which festival is this instrument played?,It is played during Rongali Bihu which is the spring festival of Assam.
toka_val5.jpg,toka,validation,origin,q2,phrase_3,Where did this instrument originate?,It originated in the rural communities of Assam.
toka_val5.jpg,toka,validation,material,q3,phrase_3,What material is this instrument made of?,This instrument is made of bamboo.
toka_val5.jpg,toka,validation,parts,q4,phrase_3,Name the major parts of this instrument.,"The main parts of this instrument are two bamboo pieces, hinged joint, and striking ends."
toka_val5.jpg,toka,validation,sound,q5,phrase_3,What sound does this instrument produce?,"This instrument produces a sharp, dry clicking sound."
toka_val5.jpg,toka,validation,traditional_player,q6,phrase_3,Which gender traditionally plays this instrument?,This instrument is traditionally played by both men and women.
toka_val5.jpg,toka,validation,playing_method,q7,phrase_3,How is this instrument played?,This instrument is played by clapping the two bamboo pieces against each other.
toka_val5.jpg,toka,validation,instrument_type,q8,phrase_3,What type of musical instrument is this?,This is a bamboo clapper percussion instrument.
toka_val5.jpg,toka,validation,description,q9,phrase_3,"Give a description of this instrument including its cultural significance, and role in Assamese music.","The Toka is a traditional Assamese percussion instrument made entirely from bamboo, consisting of two pieces joined and clapped together rhythmically. Its sharp, dry clicking sound provides rhythmic accompaniment that complements heavier instruments like the Dhol. Toka is played by both men and women, making it an inclusive instrument in Assamese folk music."
toka_test1.jpg,toka,test,festival,q1,phrase_3,In which festival is this instrument played?,It is played during Rongali Bihu which is the spring festival of Assam.
toka_test1.jpg,toka,test,origin,q2,phrase_3,Where did this instrument originate?,It originated in the rural communities of Assam.
toka_test1.jpg,toka,test,material,q3,phrase_3,What material is this instrument made of?,This instrument is made of bamboo.
toka_test1.jpg,toka,test,parts,q4,phrase_3,Name the major parts of this instrument.,"The main parts of this instrument are two bamboo pieces, hinged joint, and striking ends."
toka_test1.jpg,toka,test,sound,q5,phrase_3,What sound does this instrument produce?,"This instrument produces a sharp, dry clicking sound."
toka_test1.jpg,toka,test,traditional_player,q6,phrase_3,Which gender traditionally plays this instrument?,This instrument is traditionally played by both men and women.
toka_test1.jpg,toka,test,playing_method,q7,phrase_3,How is this instrument played?,This instrument is played by clapping the two bamboo pieces against each other.
toka_test1.jpg,toka,test,instrument_type,q8,phrase_3,What type of musical instrument is this?,This is a bamboo clapper percussion instrument.
toka_test1.jpg,toka,test,description,q9,phrase_3,"Give a description of this instrument including its cultural significance, and role in Assamese music.","The Toka is a traditional Assamese percussion instrument made entirely from bamboo, consisting of two pieces joined and clapped together rhythmically. Its sharp, dry clicking sound provides rhythmic accompaniment that complements heavier instruments like the Dhol. Toka is played by both men and women, making it an inclusive instrument in Assamese folk music."
toka_test2.jpg,toka,test,festival,q1,phrase_3,In which festival is this instrument played?,It is played during Rongali Bihu which is the spring festival of Assam.
toka_test2.jpg,toka,test,origin,q2,phrase_3,Where did this instrument originate?,It originated in the rural communities of Assam.
toka_test2.jpg,toka,test,material,q3,phrase_3,What material is this instrument made of?,This instrument is made of bamboo.
toka_test2.jpg,toka,test,parts,q4,phrase_3,Name the major parts of this instrument.,"The main parts of this instrument are two bamboo pieces, hinged joint, and striking ends."
toka_test2.jpg,toka,test,sound,q5,phrase_3,What sound does this instrument produce?,"This instrument produces a sharp, dry clicking sound."
toka_test2.jpg,toka,test,traditional_player,q6,phrase_3,Which gender traditionally plays this instrument?,This instrument is traditionally played by both men and women.
toka_test2.jpg,toka,test,playing_method,q7,phrase_3,How is this instrument played?,This instrument is played by clapping the two bamboo pieces against each other.
toka_test2.jpg,toka,test,instrument_type,q8,phrase_3,What type of musical instrument is this?,This is a bamboo clapper percussion instrument.
toka_test2.jpg,toka,test,description,q9,phrase_3,"Give a description of this instrument including its cultural significance, and role in Assamese music.","The Toka is a traditional Assamese percussion instrument made entirely from bamboo, consisting of two pieces joined and clapped together rhythmically. Its sharp, dry clicking sound provides rhythmic accompaniment that complements heavier instruments like the Dhol. Toka is played by both men and women, making it an inclusive instrument in Assamese folk music."
toka_test3.jpg,toka,test,festival,q1,phrase_3,In which festival is this instrument played?,It is played during Rongali Bihu which is the spring festival of Assam.
toka_test3.jpg,toka,test,origin,q2,phrase_3,Where did this instrument originate?,It originated in the rural communities of Assam.
toka_test3.jpg,toka,test,material,q3,phrase_3,What material is this instrument made of?,This instrument is made of bamboo.
toka_test3.jpg,toka,test,parts,q4,phrase_3,Name the major parts of this instrument.,"The main parts of this instrument are two bamboo pieces, hinged joint, and striking ends."
toka_test3.jpg,toka,test,sound,q5,phrase_3,What sound does this instrument produce?,"This instrument produces a sharp, dry clicking sound."
toka_test3.jpg,toka,test,traditional_player,q6,phrase_3,Which gender traditionally plays this instrument?,This instrument is traditionally played by both men and women.
toka_test3.jpg,toka,test,playing_method,q7,phrase_3,How is this instrument played?,This instrument is played by clapping the two bamboo pieces against each other.
toka_test3.jpg,toka,test,instrument_type,q8,phrase_3,What type of musical instrument is this?,This is a bamboo clapper percussion instrument.
toka_test3.jpg,toka,test,description,q9,phrase_3,"Give a description of this instrument including its cultural significance, and role in Assamese music.","The Toka is a traditional Assamese percussion instrument made entirely from bamboo, consisting of two pieces joined and clapped together rhythmically. Its sharp, dry clicking sound provides rhythmic accompaniment that complements heavier instruments like the Dhol. Toka is played by both men and women, making it an inclusive instrument in Assamese folk music."
toka_test4.jpg,toka,test,festival,q1,phrase_3,In which festival is this instrument played?,It is played during Rongali Bihu which is the spring festival of Assam.
toka_test4.jpg,toka,test,origin,q2,phrase_3,Where did this instrument originate?,It originated in the rural communities of Assam.
toka_test4.jpg,toka,test,material,q3,phrase_3,What material is this instrument made of?,This instrument is made of bamboo.
toka_test4.jpg,toka,test,parts,q4,phrase_3,Name the major parts of this instrument.,"The main parts of this instrument are two bamboo pieces, hinged joint, and striking ends."
toka_test4.jpg,toka,test,sound,q5,phrase_3,What sound does this instrument produce?,"This instrument produces a sharp, dry clicking sound."
toka_test4.jpg,toka,test,traditional_player,q6,phrase_3,Which gender traditionally plays this instrument?,This instrument is traditionally played by both men and women.
toka_test4.jpg,toka,test,playing_method,q7,phrase_3,How is this instrument played?,This instrument is played by clapping the two bamboo pieces against each other.
toka_test4.jpg,toka,test,instrument_type,q8,phrase_3,What type of musical instrument is this?,This is a bamboo clapper percussion instrument.
toka_test4.jpg,toka,test,description,q9,phrase_3,"Give a description of this instrument including its cultural significance, and role in Assamese music.","The Toka is a traditional Assamese percussion instrument made entirely from bamboo, consisting of two pieces joined and clapped together rhythmically. Its sharp, dry clicking sound provides rhythmic accompaniment that complements heavier instruments like the Dhol. Toka is played by both men and women, making it an inclusive instrument in Assamese folk music."
toka_test5.jpg,toka,test,festival,q1,phrase_3,In which festival is this instrument played?,It is played during Rongali Bihu which is the spring festival of Assam.
toka_test5.jpg,toka,test,origin,q2,phrase_3,Where did this instrument originate?,It originated in the rural communities of Assam.
toka_test5.jpg,toka,test,material,q3,phrase_3,What material is this instrument made of?,This instrument is made of bamboo.
toka_test5.jpg,toka,test,parts,q4,phrase_3,Name the major parts of this instrument.,"The main parts of this instrument are two bamboo pieces, hinged joint, and striking ends."
toka_test5.jpg,toka,test,sound,q5,phrase_3,What sound does this instrument produce?,"This instrument produces a sharp, dry clicking sound."
toka_test5.jpg,toka,test,traditional_player,q6,phrase_3,Which gender traditionally plays this instrument?,This instrument is traditionally played by both men and women.
toka_test5.jpg,toka,test,playing_method,q7,phrase_3,How is this instrument played?,This instrument is played by clapping the two bamboo pieces against each other.
toka_test5.jpg,toka,test,instrument_type,q8,phrase_3,What type of musical instrument is this?,This is a bamboo clapper percussion instrument.
toka_test5.jpg,toka,test,description,q9,phrase_3,"Give a description of this instrument including its cultural significance, and role in Assamese music.","The Toka is a traditional Assamese percussion instrument made entirely from bamboo, consisting of two pieces joined and clapped together rhythmically. Its sharp, dry clicking sound provides rhythmic accompaniment that complements heavier instruments like the Dhol. Toka is played by both men and women, making it an inclusive instrument in Assamese folk music."
khutitaal_train1.jpg,khutitaal,train,festival,q1,phrase_1,What festival is this instrument played in?,It is played during Rongali Bihu which is the spring festival of Assam.
khutitaal_train1.jpg,khutitaal,train,origin,q2,phrase_1,What is the origin place of this instrument?,It originated in the Brahmaputra valley of Assam.
khutitaal_train1.jpg,khutitaal,train,material,q3,phrase_2,Which material is used to make this instrument?,This instrument is made of bell metal. 
khutitaal_train1.jpg,khutitaal,train,parts,q4,phrase_2,List the main parts of this instrument.,The main parts of this instrument are two small cymbal discs and connecting cord.
khutitaal_train1.jpg,khutitaal,train,sound,q5,phrase_1,What kind of sound does this instrument make?,"This instrument produces a bright, high-pitched ringing sound."
khutitaal_train1.jpg,khutitaal,train,traditional_player,q6,phrase_2,Which gender plays this instrument traditionally?,This instrument is traditionally played by both men and women.
khutitaal_train1.jpg,khutitaal,train,playing_method,q7,phrase_1,How do you play this instrument?,This instrument is played by striking the two metal discs against each other.
khutitaal_train1.jpg,khutitaal,train,instrument_type,q8,phrase_2,What type of musical instrument can this be classified as?,This is a small paired metal cymbal percussion instrument.
khutitaal_train1.jpg,khutitaal,train,description,q9,phrase_2,"Explain this instrument's cultural importance, and musical role.","The Khuti-Taal is a small paired cymbal instrument made of bell metal, a brass alloy traditionally crafted in the Brahmaputra valley of Assam. It consists of two small metal discs connected by a cord and struck together to produce a bright, high-pitched ringing sound that provides rhythmic accompaniment during Bihu performances. The Khuti-Taal is traditionally played by both men and women and is commonly used alongside the Dhol and Pepa during Rongali Bihu performances. Its metallic timbre and compact size make it an important rhythm-keeping instrument in Assamese folk music."
khutitaal_train10.jpg,khutitaal,train,festival,q1,phrase_2,During which festival is this instrument played?,It is played during Rongali Bihu which is the spring festival of Assam.
khutitaal_train10.jpg,khutitaal,train,origin,q2,phrase_2,From which place does this instrument originate?,It originated in the Brahmaputra valley of Assam.
khutitaal_train10.jpg,khutitaal,train,material,q3,phrase_1,What is this instrument made from?,This instrument is made of bell metal. 
khutitaal_train10.jpg,khutitaal,train,parts,q4,phrase_1,What are the parts of this instrument?,The main parts of this instrument are two small cymbal discs and connecting cord.
khutitaal_train10.jpg,khutitaal,train,sound,q5,phrase_2,What type of sound is produced by this instrument?,"This instrument produces a bright, high-pitched ringing sound."
khutitaal_train10.jpg,khutitaal,train,traditional_player,q6,phrase_1,Who traditionally plays this instrument?,This instrument is traditionally played by both men and women.
khutitaal_train10.jpg,khutitaal,train,playing_method,q7,phrase_2,What is the method of playing this instrument?,This instrument is played by striking the two metal discs against each other.
khutitaal_train10.jpg,khutitaal,train,instrument_type,q8,phrase_1,Which type of musical instrument does this belong to?,This is a small paired metal cymbal percussion instrument.
khutitaal_train10.jpg,khutitaal,train,description,q9,phrase_1,"Describe this instrument—its cultural significance, and use in Assamese music.","The Khuti-Taal is a small paired cymbal instrument made of bell metal, a brass alloy traditionally crafted in the Brahmaputra valley of Assam. It consists of two small metal discs connected by a cord and struck together to produce a bright, high-pitched ringing sound that provides rhythmic accompaniment during Bihu performances. The Khuti-Taal is traditionally played by both men and women and is commonly used alongside the Dhol and Pepa during Rongali Bihu performances. Its metallic timbre and compact size make it an important rhythm-keeping instrument in Assamese folk music."
khutitaal_train11.jpg,khutitaal,train,festival,q1,phrase_2,During which festival is this instrument played?,It is played during Rongali Bihu which is the spring festival of Assam.
khutitaal_train11.jpg,khutitaal,train,origin,q2,phrase_2,From which place does this instrument originate?,It originated in the Brahmaputra valley of Assam.
khutitaal_train11.jpg,khutitaal,train,material,q3,phrase_2,Which material is used to make this instrument?,This instrument is made of bell metal. 
khutitaal_train11.jpg,khutitaal,train,parts,q4,phrase_2,List the main parts of this instrument.,The main parts of this instrument are two small cymbal discs and connecting cord.
khutitaal_train11.jpg,khutitaal,train,sound,q5,phrase_1,What kind of sound does this instrument make?,"This instrument produces a bright, high-pitched ringing sound."
khutitaal_train11.jpg,khutitaal,train,traditional_player,q6,phrase_1,Who traditionally plays this instrument?,This instrument is traditionally played by both men and women.
khutitaal_train11.jpg,khutitaal,train,playing_method,q7,phrase_1,How do you play this instrument?,This instrument is played by striking the two metal discs against each other.
khutitaal_train11.jpg,khutitaal,train,instrument_type,q8,phrase_1,Which type of musical instrument does this belong to?,This is a small paired metal cymbal percussion instrument.
khutitaal_train11.jpg,khutitaal,train,description,q9,phrase_2,"Explain this instrument's cultural importance, and musical role.","The Khuti-Taal is a small paired cymbal instrument made of bell metal, a brass alloy traditionally crafted in the Brahmaputra valley of Assam. It consists of two small metal discs connected by a cord and struck together to produce a bright, high-pitched ringing sound that provides rhythmic accompaniment during Bihu performances. The Khuti-Taal is traditionally played by both men and women and is commonly used alongside the Dhol and Pepa during Rongali Bihu performances. Its metallic timbre and compact size make it an important rhythm-keeping instrument in Assamese folk music."
khutitaal_train12.jpg,khutitaal,train,festival,q1,phrase_1,What festival is this instrument played in?,It is played during Rongali Bihu which is the spring festival of Assam.
khutitaal_train12.jpg,khutitaal,train,origin,q2,phrase_1,What is the origin place of this instrument?,It originated in the Brahmaputra valley of Assam.
khutitaal_train12.jpg,khutitaal,train,material,q3,phrase_1,What is this instrument made from?,This instrument is made of bell metal. 
khutitaal_train12.jpg,khutitaal,train,parts,q4,phrase_1,What are the parts of this instrument?,The main parts of this instrument are two small cymbal discs and connecting cord.
khutitaal_train12.jpg,khutitaal,train,sound,q5,phrase_2,What type of sound is produced by this instrument?,"This instrument produces a bright, high-pitched ringing sound."
khutitaal_train12.jpg,khutitaal,train,traditional_player,q6,phrase_2,Which gender plays this instrument traditionally?,This instrument is traditionally played by both men and women.
khutitaal_train12.jpg,khutitaal,train,playing_method,q7,phrase_2,What is the method of playing this instrument?,This instrument is played by striking the two metal discs against each other.
khutitaal_train12.jpg,khutitaal,train,instrument_type,q8,phrase_2,What type of musical instrument can this be classified as?,This is a small paired metal cymbal percussion instrument.
khutitaal_train12.jpg,khutitaal,train,description,q9,phrase_1,"Describe this instrument—its cultural significance, and use in Assamese music.","The Khuti-Taal is a small paired cymbal instrument made of bell metal, a brass alloy traditionally crafted in the Brahmaputra valley of Assam. It consists of two small metal discs connected by a cord and struck together to produce a bright, high-pitched ringing sound that provides rhythmic accompaniment during Bihu performances. The Khuti-Taal is traditionally played by both men and women and is commonly used alongside the Dhol and Pepa during Rongali Bihu performances. Its metallic timbre and compact size make it an important rhythm-keeping instrument in Assamese folk music."
khutitaal_train13.jpg,khutitaal,train,festival,q1,phrase_2,During which festival is this instrument played?,It is played during Rongali Bihu which is the spring festival of Assam.
khutitaal_train13.jpg,khutitaal,train,origin,q2,phrase_1,What is the origin place of this instrument?,It originated in the Brahmaputra valley of Assam.
khutitaal_train13.jpg,khutitaal,train,material,q3,phrase_1,What is this instrument made from?,This instrument is made of bell metal. 
khutitaal_train13.jpg,khutitaal,train,parts,q4,phrase_2,List the main parts of this instrument.,The main parts of this instrument are two small cymbal discs and connecting cord.
khutitaal_train13.jpg,khutitaal,train,sound,q5,phrase_1,What kind of sound does this instrument make?,"This instrument produces a bright, high-pitched ringing sound."
khutitaal_train13.jpg,khutitaal,train,traditional_player,q6,phrase_2,Which gender plays this instrument traditionally?,This instrument is traditionally played by both men and women.
khutitaal_train13.jpg,khutitaal,train,playing_method,q7,phrase_2,What is the method of playing this instrument?,This instrument is played by striking the two metal discs against each other.
khutitaal_train13.jpg,khutitaal,train,instrument_type,q8,phrase_2,What type of musical instrument can this be classified as?,This is a small paired metal cymbal percussion instrument.
khutitaal_train13.jpg,khutitaal,train,description,q9,phrase_1,"Describe this instrument—its cultural significance, and use in Assamese music.","The Khuti-Taal is a small paired cymbal instrument made of bell metal, a brass alloy traditionally crafted in the Brahmaputra valley of Assam. It consists of two small metal discs connected by a cord and struck together to produce a bright, high-pitched ringing sound that provides rhythmic accompaniment during Bihu performances. The Khuti-Taal is traditionally played by both men and women and is commonly used alongside the Dhol and Pepa during Rongali Bihu performances. Its metallic timbre and compact size make it an important rhythm-keeping instrument in Assamese folk music."
khutitaal_train14.jpg,khutitaal,train,festival,q1,phrase_1,What festival is this instrument played in?,It is played during Rongali Bihu which is the spring festival of Assam.
khutitaal_train14.jpg,khutitaal,train,origin,q2,phrase_2,From which place does this instrument originate?,It originated in the Brahmaputra valley of Assam.
khutitaal_train14.jpg,khutitaal,train,material,q3,phrase_2,Which material is used to make this instrument?,This instrument is made of bell metal. 
khutitaal_train14.jpg,khutitaal,train,parts,q4,phrase_1,What are the parts of this instrument?,The main parts of this instrument are two small cymbal discs and connecting cord.
khutitaal_train14.jpg,khutitaal,train,sound,q5,phrase_2,What type of sound is produced by this instrument?,"This instrument produces a bright, high-pitched ringing sound."
khutitaal_train14.jpg,khutitaal,train,traditional_player,q6,phrase_1,Who traditionally plays this instrument?,This instrument is traditionally played by both men and women.
khutitaal_train14.jpg,khutitaal,train,playing_method,q7,phrase_1,How do you play this instrument?,This instrument is played by striking the two metal discs against each other.
khutitaal_train14.jpg,khutitaal,train,instrument_type,q8,phrase_1,Which type of musical instrument does this belong to?,This is a small paired metal cymbal percussion instrument.
khutitaal_train14.jpg,khutitaal,train,description,q9,phrase_2,"Explain this instrument's cultural importance, and musical role.","The Khuti-Taal is a small paired cymbal instrument made of bell metal, a brass alloy traditionally crafted in the Brahmaputra valley of Assam. It consists of two small metal discs connected by a cord and struck together to produce a bright, high-pitched ringing sound that provides rhythmic accompaniment during Bihu performances. The Khuti-Taal is traditionally played by both men and women and is commonly used alongside the Dhol and Pepa during Rongali Bihu performances. Its metallic timbre and compact size make it an important rhythm-keeping instrument in Assamese folk music."
khutitaal_train15.jpg,khutitaal,train,festival,q1,phrase_1,What festival is this instrument played in?,It is played during Rongali Bihu which is the spring festival of Assam.
khutitaal_train15.jpg,khutitaal,train,origin,q2,phrase_2,From which place does this instrument originate?,It originated in the Brahmaputra valley of Assam.
khutitaal_train15.jpg,khutitaal,train,material,q3,phrase_2,Which material is used to make this instrument?,This instrument is made of bell metal. 
khutitaal_train15.jpg,khutitaal,train,parts,q4,phrase_1,What are the parts of this instrument?,The main parts of this instrument are two small cymbal discs and connecting cord.
khutitaal_train15.jpg,khutitaal,train,sound,q5,phrase_2,What type of sound is produced by this instrument?,"This instrument produces a bright, high-pitched ringing sound."
khutitaal_train15.jpg,khutitaal,train,traditional_player,q6,phrase_2,Which gender plays this instrument traditionally?,This instrument is traditionally played by both men and women.
khutitaal_train15.jpg,khutitaal,train,playing_method,q7,phrase_1,How do you play this instrument?,This instrument is played by striking the two metal discs against each other.
khutitaal_train15.jpg,khutitaal,train,instrument_type,q8,phrase_2,What type of musical instrument can this be classified as?,This is a small paired metal cymbal percussion instrument.
khutitaal_train15.jpg,khutitaal,train,description,q9,phrase_1,"Describe this instrument—its cultural significance, and use in Assamese music.","The Khuti-Taal is a small paired cymbal instrument made of bell metal, a brass alloy traditionally crafted in the Brahmaputra valley of Assam. It consists of two small metal discs connected by a cord and struck together to produce a bright, high-pitched ringing sound that provides rhythmic accompaniment during Bihu performances. The Khuti-Taal is traditionally played by both men and women and is commonly used alongside the Dhol and Pepa during Rongali Bihu performances. Its metallic timbre and compact size make it an important rhythm-keeping instrument in Assamese folk music."
khutitaal_train16.jpg,khutitaal,train,festival,q1,phrase_2,During which festival is this instrument played?,It is played during Rongali Bihu which is the spring festival of Assam.
khutitaal_train16.jpg,khutitaal,train,origin,q2,phrase_1,What is the origin place of this instrument?,It originated in the Brahmaputra valley of Assam.
khutitaal_train16.jpg,khutitaal,train,material,q3,phrase_1,What is this instrument made from?,This instrument is made of bell metal. 
khutitaal_train16.jpg,khutitaal,train,parts,q4,phrase_2,List the main parts of this instrument.,The main parts of this instrument are two small cymbal discs and connecting cord.
khutitaal_train16.jpg,khutitaal,train,sound,q5,phrase_1,What kind of sound does this instrument make?,"This instrument produces a bright, high-pitched ringing sound."
khutitaal_train16.jpg,khutitaal,train,traditional_player,q6,phrase_1,Who traditionally plays this instrument?,This instrument is traditionally played by both men and women.
khutitaal_train16.jpg,khutitaal,train,playing_method,q7,phrase_2,What is the method of playing this instrument?,This instrument is played by striking the two metal discs against each other.
khutitaal_train16.jpg,khutitaal,train,instrument_type,q8,phrase_1,Which type of musical instrument does this belong to?,This is a small paired metal cymbal percussion instrument.
khutitaal_train16.jpg,khutitaal,train,description,q9,phrase_2,"Explain this instrument's cultural importance, and musical role.","The Khuti-Taal is a small paired cymbal instrument made of bell metal, a brass alloy traditionally crafted in the Brahmaputra valley of Assam. It consists of two small metal discs connected by a cord and struck together to produce a bright, high-pitched ringing sound that provides rhythmic accompaniment during Bihu performances. The Khuti-Taal is traditionally played by both men and women and is commonly used alongside the Dhol and Pepa during Rongali Bihu performances. Its metallic timbre and compact size make it an important rhythm-keeping instrument in Assamese folk music."
khutitaal_train17.jpg,khutitaal,train,festival,q1,phrase_1,What festival is this instrument played in?,It is played during Rongali Bihu which is the spring festival of Assam.
khutitaal_train17.jpg,khutitaal,train,origin,q2,phrase_1,What is the origin place of this instrument?,It originated in the Brahmaputra valley of Assam.
khutitaal_train17.jpg,khutitaal,train,material,q3,phrase_1,What is this instrument made from?,This instrument is made of bell metal. 
khutitaal_train17.jpg,khutitaal,train,parts,q4,phrase_2,List the main parts of this instrument.,The main parts of this instrument are two small cymbal discs and connecting cord.
khutitaal_train17.jpg,khutitaal,train,sound,q5,phrase_1,What kind of sound does this instrument make?,"This instrument produces a bright, high-pitched ringing sound."
khutitaal_train17.jpg,khutitaal,train,traditional_player,q6,phrase_2,Which gender plays this instrument traditionally?,This instrument is traditionally played by both men and women.
khutitaal_train17.jpg,khutitaal,train,playing_method,q7,phrase_2,What is the method of playing this instrument?,This instrument is played by striking the two metal discs against each other.
khutitaal_train17.jpg,khutitaal,train,instrument_type,q8,phrase_2,What type of musical instrument can this be classified as?,This is a small paired metal cymbal percussion instrument.
khutitaal_train17.jpg,khutitaal,train,description,q9,phrase_2,"Explain this instrument's cultural importance, and musical role.","The Khuti-Taal is a small paired cymbal instrument made of bell metal, a brass alloy traditionally crafted in the Brahmaputra valley of Assam. It consists of two small metal discs connected by a cord and struck together to produce a bright, high-pitched ringing sound that provides rhythmic accompaniment during Bihu performances. The Khuti-Taal is traditionally played by both men and women and is commonly used alongside the Dhol and Pepa during Rongali Bihu performances. Its metallic timbre and compact size make it an important rhythm-keeping instrument in Assamese folk music."
khutitaal_train18.jpg,khutitaal,train,festival,q1,phrase_2,During which festival is this instrument played?,It is played during Rongali Bihu which is the spring festival of Assam.
khutitaal_train18.jpg,khutitaal,train,origin,q2,phrase_2,From which place does this instrument originate?,It originated in the Brahmaputra valley of Assam.
khutitaal_train18.jpg,khutitaal,train,material,q3,phrase_2,Which material is used to make this instrument?,This instrument is made of bell metal. 
khutitaal_train18.jpg,khutitaal,train,parts,q4,phrase_1,What are the parts of this instrument?,The main parts of this instrument are two small cymbal discs and connecting cord.
khutitaal_train18.jpg,khutitaal,train,sound,q5,phrase_2,What type of sound is produced by this instrument?,"This instrument produces a bright, high-pitched ringing sound."
khutitaal_train18.jpg,khutitaal,train,traditional_player,q6,phrase_1,Who traditionally plays this instrument?,This instrument is traditionally played by both men and women.
khutitaal_train18.jpg,khutitaal,train,playing_method,q7,phrase_1,How do you play this instrument?,This instrument is played by striking the two metal discs against each other.
khutitaal_train18.jpg,khutitaal,train,instrument_type,q8,phrase_1,Which type of musical instrument does this belong to?,This is a small paired metal cymbal percussion instrument.
khutitaal_train18.jpg,khutitaal,train,description,q9,phrase_1,"Describe this instrument—its cultural significance, and use in Assamese music.","The Khuti-Taal is a small paired cymbal instrument made of bell metal, a brass alloy traditionally crafted in the Brahmaputra valley of Assam. It consists of two small metal discs connected by a cord and struck together to produce a bright, high-pitched ringing sound that provides rhythmic accompaniment during Bihu performances. The Khuti-Taal is traditionally played by both men and women and is commonly used alongside the Dhol and Pepa during Rongali Bihu performances. Its metallic timbre and compact size make it an important rhythm-keeping instrument in Assamese folk music."
khutitaal_train19.jpg,khutitaal,train,festival,q1,phrase_1,What festival is this instrument played in?,It is played during Rongali Bihu which is the spring festival of Assam.
khutitaal_train19.jpg,khutitaal,train,origin,q2,phrase_1,What is the origin place of this instrument?,It originated in the Brahmaputra valley of Assam.
khutitaal_train19.jpg,khutitaal,train,material,q3,phrase_1,What is this instrument made from?,This instrument is made of bell metal. 
khutitaal_train19.jpg,khutitaal,train,parts,q4,phrase_2,List the main parts of this instrument.,The main parts of this instrument are two small cymbal discs and connecting cord.
khutitaal_train19.jpg,khutitaal,train,sound,q5,phrase_1,What kind of sound does this instrument make?,"This instrument produces a bright, high-pitched ringing sound."
khutitaal_train19.jpg,khutitaal,train,traditional_player,q6,phrase_2,Which gender plays this instrument traditionally?,This instrument is traditionally played by both men and women.
khutitaal_train19.jpg,khutitaal,train,playing_method,q7,phrase_2,What is the method of playing this instrument?,This instrument is played by striking the two metal discs against each other.
khutitaal_train19.jpg,khutitaal,train,instrument_type,q8,phrase_2,What type of musical instrument can this be classified as?,This is a small paired metal cymbal percussion instrument.
khutitaal_train19.jpg,khutitaal,train,description,q9,phrase_2,"Explain this instrument's cultural importance, and musical role.","The Khuti-Taal is a small paired cymbal instrument made of bell metal, a brass alloy traditionally crafted in the Brahmaputra valley of Assam. It consists of two small metal discs connected by a cord and struck together to produce a bright, high-pitched ringing sound that provides rhythmic accompaniment during Bihu performances. The Khuti-Taal is traditionally played by both men and women and is commonly used alongside the Dhol and Pepa during Rongali Bihu performances. Its metallic timbre and compact size make it an important rhythm-keeping instrument in Assamese folk music."
khutitaal_train2.jpg,khutitaal,train,festival,q1,phrase_2,During which festival is this instrument played?,It is played during Rongali Bihu which is the spring festival of Assam.
khutitaal_train2.jpg,khutitaal,train,origin,q2,phrase_2,From which place does this instrument originate?,It originated in the Brahmaputra valley of Assam.
khutitaal_train2.jpg,khutitaal,train,material,q3,phrase_2,Which material is used to make this instrument?,This instrument is made of bell metal. 
khutitaal_train2.jpg,khutitaal,train,parts,q4,phrase_1,What are the parts of this instrument?,The main parts of this instrument are two small cymbal discs and connecting cord.
khutitaal_train2.jpg,khutitaal,train,sound,q5,phrase_2,What type of sound is produced by this instrument?,"This instrument produces a bright, high-pitched ringing sound."
khutitaal_train2.jpg,khutitaal,train,traditional_player,q6,phrase_1,Who traditionally plays this instrument?,This instrument is traditionally played by both men and women.
khutitaal_train2.jpg,khutitaal,train,playing_method,q7,phrase_1,How do you play this instrument?,This instrument is played by striking the two metal discs against each other.
khutitaal_train2.jpg,khutitaal,train,instrument_type,q8,phrase_1,Which type of musical instrument does this belong to?,This is a small paired metal cymbal percussion instrument.
khutitaal_train2.jpg,khutitaal,train,description,q9,phrase_1,"Describe this instrument—its cultural significance, and use in Assamese music.","The Khuti-Taal is a small paired cymbal instrument made of bell metal, a brass alloy traditionally crafted in the Brahmaputra valley of Assam. It consists of two small metal discs connected by a cord and struck together to produce a bright, high-pitched ringing sound that provides rhythmic accompaniment during Bihu performances. The Khuti-Taal is traditionally played by both men and women and is commonly used alongside the Dhol and Pepa during Rongali Bihu performances. Its metallic timbre and compact size make it an important rhythm-keeping instrument in Assamese folk music."
khutitaal_train20.jpg,khutitaal,train,festival,q1,phrase_2,During which festival is this instrument played?,It is played during Rongali Bihu which is the spring festival of Assam.
khutitaal_train20.jpg,khutitaal,train,origin,q2,phrase_1,What is the origin place of this instrument?,It originated in the Brahmaputra valley of Assam.
khutitaal_train20.jpg,khutitaal,train,material,q3,phrase_2,Which material is used to make this instrument?,This instrument is made of bell metal. 
khutitaal_train20.jpg,khutitaal,train,parts,q4,phrase_1,What are the parts of this instrument?,The main parts of this instrument are two small cymbal discs and connecting cord.
khutitaal_train20.jpg,khutitaal,train,sound,q5,phrase_1,What kind of sound does this instrument make?,"This instrument produces a bright, high-pitched ringing sound."
khutitaal_train20.jpg,khutitaal,train,traditional_player,q6,phrase_2,Which gender plays this instrument traditionally?,This instrument is traditionally played by both men and women.
khutitaal_train20.jpg,khutitaal,train,playing_method,q7,phrase_2,What is the method of playing this instrument?,This instrument is played by striking the two metal discs against each other.
khutitaal_train20.jpg,khutitaal,train,instrument_type,q8,phrase_1,Which type of musical instrument does this belong to?,This is a small paired metal cymbal percussion instrument.
khutitaal_train20.jpg,khutitaal,train,description,q9,phrase_2,"Explain this instrument's cultural importance, and musical role.","The Khuti-Taal is a small paired cymbal instrument made of bell metal, a brass alloy traditionally crafted in the Brahmaputra valley of Assam. It consists of two small metal discs connected by a cord and struck together to produce a bright, high-pitched ringing sound that provides rhythmic accompaniment during Bihu performances. The Khuti-Taal is traditionally played by both men and women and is commonly used alongside the Dhol and Pepa during Rongali Bihu performances. Its metallic timbre and compact size make it an important rhythm-keeping instrument in Assamese folk music."
khutitaal_train21.jpg,khutitaal,train,festival,q1,phrase_1,What festival is this instrument played in?,It is played during Rongali Bihu which is the spring festival of Assam.
khutitaal_train21.jpg,khutitaal,train,origin,q2,phrase_2,From which place does this instrument originate?,It originated in the Brahmaputra valley of Assam.
khutitaal_train21.jpg,khutitaal,train,material,q3,phrase_1,What is this instrument made from?,This instrument is made of bell metal. 
khutitaal_train21.jpg,khutitaal,train,parts,q4,phrase_2,List the main parts of this instrument.,The main parts of this instrument are two small cymbal discs and connecting cord.
khutitaal_train21.jpg,khutitaal,train,sound,q5,phrase_2,What type of sound is produced by this instrument?,"This instrument produces a bright, high-pitched ringing sound."
khutitaal_train21.jpg,khutitaal,train,traditional_player,q6,phrase_1,Who traditionally plays this instrument?,This instrument is traditionally played by both men and women.
khutitaal_train21.jpg,khutitaal,train,playing_method,q7,phrase_1,How do you play this instrument?,This instrument is played by striking the two metal discs against each other.
khutitaal_train21.jpg,khutitaal,train,instrument_type,q8,phrase_2,What type of musical instrument can this be classified as?,This is a small paired metal cymbal percussion instrument.
khutitaal_train21.jpg,khutitaal,train,description,q9,phrase_1,"Describe this instrument—its cultural significance, and use in Assamese music.","The Khuti-Taal is a small paired cymbal instrument made of bell metal, a brass alloy traditionally crafted in the Brahmaputra valley of Assam. It consists of two small metal discs connected by a cord and struck together to produce a bright, high-pitched ringing sound that provides rhythmic accompaniment during Bihu performances. The Khuti-Taal is traditionally played by both men and women and is commonly used alongside the Dhol and Pepa during Rongali Bihu performances. Its metallic timbre and compact size make it an important rhythm-keeping instrument in Assamese folk music."
khutitaal_train22.jpg,khutitaal,train,festival,q1,phrase_1,What festival is this instrument played in?,It is played during Rongali Bihu which is the spring festival of Assam.
khutitaal_train22.jpg,khutitaal,train,origin,q2,phrase_2,From which place does this instrument originate?,It originated in the Brahmaputra valley of Assam.
khutitaal_train22.jpg,khutitaal,train,material,q3,phrase_1,What is this instrument made from?,This instrument is made of bell metal. 
khutitaal_train22.jpg,khutitaal,train,parts,q4,phrase_2,List the main parts of this instrument.,The main parts of this instrument are two small cymbal discs and connecting cord.
khutitaal_train22.jpg,khutitaal,train,sound,q5,phrase_1,What kind of sound does this instrument make?,"This instrument produces a bright, high-pitched ringing sound."
khutitaal_train22.jpg,khutitaal,train,traditional_player,q6,phrase_1,Who traditionally plays this instrument?,This instrument is traditionally played by both men and women.
khutitaal_train22.jpg,khutitaal,train,playing_method,q7,phrase_2,What is the method of playing this instrument?,This instrument is played by striking the two metal discs against each other.
khutitaal_train22.jpg,khutitaal,train,instrument_type,q8,phrase_2,What type of musical instrument can this be classified as?,This is a small paired metal cymbal percussion instrument.
khutitaal_train22.jpg,khutitaal,train,description,q9,phrase_2,"Explain this instrument's cultural importance, and musical role.","The Khuti-Taal is a small paired cymbal instrument made of bell metal, a brass alloy traditionally crafted in the Brahmaputra valley of Assam. It consists of two small metal discs connected by a cord and struck together to produce a bright, high-pitched ringing sound that provides rhythmic accompaniment during Bihu performances. The Khuti-Taal is traditionally played by both men and women and is commonly used alongside the Dhol and Pepa during Rongali Bihu performances. Its metallic timbre and compact size make it an important rhythm-keeping instrument in Assamese folk music."
khutitaal_train3.jpg,khutitaal,train,festival,q1,phrase_2,During which festival is this instrument played?,It is played during Rongali Bihu which is the spring festival of Assam.
khutitaal_train3.jpg,khutitaal,train,origin,q2,phrase_1,What is the origin place of this instrument?,It originated in the Brahmaputra valley of Assam.
khutitaal_train3.jpg,khutitaal,train,material,q3,phrase_2,Which material is used to make this instrument?,This instrument is made of bell metal. 
khutitaal_train3.jpg,khutitaal,train,parts,q4,phrase_1,What are the parts of this instrument?,The main parts of this instrument are two small cymbal discs and connecting cord.
khutitaal_train3.jpg,khutitaal,train,sound,q5,phrase_2,What type of sound is produced by this instrument?,"This instrument produces a bright, high-pitched ringing sound."
khutitaal_train3.jpg,khutitaal,train,traditional_player,q6,phrase_2,Which gender plays this instrument traditionally?,This instrument is traditionally played by both men and women.
khutitaal_train3.jpg,khutitaal,train,playing_method,q7,phrase_1,How do you play this instrument?,This instrument is played by striking the two metal discs against each other.
khutitaal_train3.jpg,khutitaal,train,instrument_type,q8,phrase_1,Which type of musical instrument does this belong to?,This is a small paired metal cymbal percussion instrument.
khutitaal_train3.jpg,khutitaal,train,description,q9,phrase_1,"Describe this instrument—its cultural significance, and use in Assamese music.","The Khuti-Taal is a small paired cymbal instrument made of bell metal, a brass alloy traditionally crafted in the Brahmaputra valley of Assam. It consists of two small metal discs connected by a cord and struck together to produce a bright, high-pitched ringing sound that provides rhythmic accompaniment during Bihu performances. The Khuti-Taal is traditionally played by both men and women and is commonly used alongside the Dhol and Pepa during Rongali Bihu performances. Its metallic timbre and compact size make it an important rhythm-keeping instrument in Assamese folk music."
khutitaal_train4.jpg,khutitaal,train,festival,q1,phrase_2,During which festival is this instrument played?,It is played during Rongali Bihu which is the spring festival of Assam.
khutitaal_train4.jpg,khutitaal,train,origin,q2,phrase_2,From which place does this instrument originate?,It originated in the Brahmaputra valley of Assam.
khutitaal_train4.jpg,khutitaal,train,material,q3,phrase_1,What is this instrument made from?,This instrument is made of bell metal. 
khutitaal_train4.jpg,khutitaal,train,parts,q4,phrase_1,What are the parts of this instrument?,The main parts of this instrument are two small cymbal discs and connecting cord.
khutitaal_train4.jpg,khutitaal,train,sound,q5,phrase_2,What type of sound is produced by this instrument?,"This instrument produces a bright, high-pitched ringing sound."
khutitaal_train4.jpg,khutitaal,train,traditional_player,q6,phrase_1,Who traditionally plays this instrument?,This instrument is traditionally played by both men and women.
khutitaal_train4.jpg,khutitaal,train,playing_method,q7,phrase_2,What is the method of playing this instrument?,This instrument is played by striking the two metal discs against each other.
khutitaal_train4.jpg,khutitaal,train,instrument_type,q8,phrase_2,What type of musical instrument can this be classified as?,This is a small paired metal cymbal percussion instrument.
khutitaal_train4.jpg,khutitaal,train,description,q9,phrase_1,"Describe this instrument—its cultural significance, and use in Assamese music.","The Khuti-Taal is a small paired cymbal instrument made of bell metal, a brass alloy traditionally crafted in the Brahmaputra valley of Assam. It consists of two small metal discs connected by a cord and struck together to produce a bright, high-pitched ringing sound that provides rhythmic accompaniment during Bihu performances. The Khuti-Taal is traditionally played by both men and women and is commonly used alongside the Dhol and Pepa during Rongali Bihu performances. Its metallic timbre and compact size make it an important rhythm-keeping instrument in Assamese folk music."
khutitaal_train5.jpg,khutitaal,train,festival,q1,phrase_1,What festival is this instrument played in?,It is played during Rongali Bihu which is the spring festival of Assam.
khutitaal_train5.jpg,khutitaal,train,origin,q2,phrase_1,What is the origin place of this instrument?,It originated in the Brahmaputra valley of Assam.
khutitaal_train5.jpg,khutitaal,train,material,q3,phrase_2,Which material is used to make this instrument?,This instrument is made of bell metal. 
khutitaal_train5.jpg,khutitaal,train,parts,q4,phrase_2,List the main parts of this instrument.,The main parts of this instrument are two small cymbal discs and connecting cord.
khutitaal_train5.jpg,khutitaal,train,sound,q5,phrase_1,What kind of sound does this instrument make?,"This instrument produces a bright, high-pitched ringing sound."
khutitaal_train5.jpg,khutitaal,train,traditional_player,q6,phrase_2,Which gender plays this instrument traditionally?,This instrument is traditionally played by both men and women.
khutitaal_train5.jpg,khutitaal,train,playing_method,q7,phrase_1,How do you play this instrument?,This instrument is played by striking the two metal discs against each other.
khutitaal_train5.jpg,khutitaal,train,instrument_type,q8,phrase_1,Which type of musical instrument does this belong to?,This is a small paired metal cymbal percussion instrument.
khutitaal_train5.jpg,khutitaal,train,description,q9,phrase_2,"Explain this instrument's cultural importance, and musical role.","The Khuti-Taal is a small paired cymbal instrument made of bell metal, a brass alloy traditionally crafted in the Brahmaputra valley of Assam. It consists of two small metal discs connected by a cord and struck together to produce a bright, high-pitched ringing sound that provides rhythmic accompaniment during Bihu performances. The Khuti-Taal is traditionally played by both men and women and is commonly used alongside the Dhol and Pepa during Rongali Bihu performances. Its metallic timbre and compact size make it an important rhythm-keeping instrument in Assamese folk music."
khutitaal_train6.jpg,khutitaal,train,festival,q1,phrase_1,What festival is this instrument played in?,It is played during Rongali Bihu which is the spring festival of Assam.
khutitaal_train6.jpg,khutitaal,train,origin,q2,phrase_2,From which place does this instrument originate?,It originated in the Brahmaputra valley of Assam.
khutitaal_train6.jpg,khutitaal,train,material,q3,phrase_1,What is this instrument made from?,This instrument is made of bell metal. 
khutitaal_train6.jpg,khutitaal,train,parts,q4,phrase_2,List the main parts of this instrument.,The main parts of this instrument are two small cymbal discs and connecting cord.
khutitaal_train6.jpg,khutitaal,train,sound,q5,phrase_1,What kind of sound does this instrument make?,"This instrument produces a bright, high-pitched ringing sound."
khutitaal_train6.jpg,khutitaal,train,traditional_player,q6,phrase_2,Which gender plays this instrument traditionally?,This instrument is traditionally played by both men and women.
khutitaal_train6.jpg,khutitaal,train,playing_method,q7,phrase_1,How do you play this instrument?,This instrument is played by striking the two metal discs against each other.
khutitaal_train6.jpg,khutitaal,train,instrument_type,q8,phrase_2,What type of musical instrument can this be classified as?,This is a small paired metal cymbal percussion instrument.
khutitaal_train6.jpg,khutitaal,train,description,q9,phrase_2,"Explain this instrument's cultural importance, and musical role.","The Khuti-Taal is a small paired cymbal instrument made of bell metal, a brass alloy traditionally crafted in the Brahmaputra valley of Assam. It consists of two small metal discs connected by a cord and struck together to produce a bright, high-pitched ringing sound that provides rhythmic accompaniment during Bihu performances. The Khuti-Taal is traditionally played by both men and women and is commonly used alongside the Dhol and Pepa during Rongali Bihu performances. Its metallic timbre and compact size make it an important rhythm-keeping instrument in Assamese folk music."
khutitaal_train7.jpg,khutitaal,train,festival,q1,phrase_2,During which festival is this instrument played?,It is played during Rongali Bihu which is the spring festival of Assam.
khutitaal_train7.jpg,khutitaal,train,origin,q2,phrase_1,What is the origin place of this instrument?,It originated in the Brahmaputra valley of Assam.
khutitaal_train7.jpg,khutitaal,train,material,q3,phrase_2,Which material is used to make this instrument?,This instrument is made of bell metal. 
khutitaal_train7.jpg,khutitaal,train,parts,q4,phrase_1,What are the parts of this instrument?,The main parts of this instrument are two small cymbal discs and connecting cord.
khutitaal_train7.jpg,khutitaal,train,sound,q5,phrase_2,What type of sound is produced by this instrument?,"This instrument produces a bright, high-pitched ringing sound."
khutitaal_train7.jpg,khutitaal,train,traditional_player,q6,phrase_1,Who traditionally plays this instrument?,This instrument is traditionally played by both men and women.
khutitaal_train7.jpg,khutitaal,train,playing_method,q7,phrase_2,What is the method of playing this instrument?,This instrument is played by striking the two metal discs against each other.
khutitaal_train7.jpg,khutitaal,train,instrument_type,q8,phrase_1,Which type of musical instrument does this belong to?,This is a small paired metal cymbal percussion instrument.
khutitaal_train7.jpg,khutitaal,train,description,q9,phrase_1,"Describe this instrument—its cultural significance, and use in Assamese music.","The Khuti-Taal is a small paired cymbal instrument made of bell metal, a brass alloy traditionally crafted in the Brahmaputra valley of Assam. It consists of two small metal discs connected by a cord and struck together to produce a bright, high-pitched ringing sound that provides rhythmic accompaniment during Bihu performances. The Khuti-Taal is traditionally played by both men and women and is commonly used alongside the Dhol and Pepa during Rongali Bihu performances. Its metallic timbre and compact size make it an important rhythm-keeping instrument in Assamese folk music."
khutitaal_train8.jpg,khutitaal,train,festival,q1,phrase_2,During which festival is this instrument played?,It is played during Rongali Bihu which is the spring festival of Assam.
khutitaal_train8.jpg,khutitaal,train,origin,q2,phrase_1,What is the origin place of this instrument?,It originated in the Brahmaputra valley of Assam.
khutitaal_train8.jpg,khutitaal,train,material,q3,phrase_2,Which material is used to make this instrument?,This instrument is made of bell metal. 
khutitaal_train8.jpg,khutitaal,train,parts,q4,phrase_2,List the main parts of this instrument.,The main parts of this instrument are two small cymbal discs and connecting cord.
khutitaal_train8.jpg,khutitaal,train,sound,q5,phrase_1,What kind of sound does this instrument make?,"This instrument produces a bright, high-pitched ringing sound."
khutitaal_train8.jpg,khutitaal,train,traditional_player,q6,phrase_1,Who traditionally plays this instrument?,This instrument is traditionally played by both men and women.
khutitaal_train8.jpg,khutitaal,train,playing_method,q7,phrase_2,What is the method of playing this instrument?,This instrument is played by striking the two metal discs against each other.
khutitaal_train8.jpg,khutitaal,train,instrument_type,q8,phrase_1,Which type of musical instrument does this belong to?,This is a small paired metal cymbal percussion instrument.
khutitaal_train8.jpg,khutitaal,train,description,q9,phrase_2,"Explain this instrument's cultural importance, and musical role.","The Khuti-Taal is a small paired cymbal instrument made of bell metal, a brass alloy traditionally crafted in the Brahmaputra valley of Assam. It consists of two small metal discs connected by a cord and struck together to produce a bright, high-pitched ringing sound that provides rhythmic accompaniment during Bihu performances. The Khuti-Taal is traditionally played by both men and women and is commonly used alongside the Dhol and Pepa during Rongali Bihu performances. Its metallic timbre and compact size make it an important rhythm-keeping instrument in Assamese folk music."
khutitaal_train9.jpg,khutitaal,train,festival,q1,phrase_1,What festival is this instrument played in?,It is played during Rongali Bihu which is the spring festival of Assam.
khutitaal_train9.jpg,khutitaal,train,origin,q2,phrase_2,From which place does this instrument originate?,It originated in the Brahmaputra valley of Assam.
khutitaal_train9.jpg,khutitaal,train,material,q3,phrase_1,What is this instrument made from?,This instrument is made of bell metal. 
khutitaal_train9.jpg,khutitaal,train,parts,q4,phrase_1,What are the parts of this instrument?,The main parts of this instrument are two small cymbal discs and connecting cord.
khutitaal_train9.jpg,khutitaal,train,sound,q5,phrase_2,What type of sound is produced by this instrument?,"This instrument produces a bright, high-pitched ringing sound."
khutitaal_train9.jpg,khutitaal,train,traditional_player,q6,phrase_2,Which gender plays this instrument traditionally?,This instrument is traditionally played by both men and women.
khutitaal_train9.jpg,khutitaal,train,playing_method,q7,phrase_1,How do you play this instrument?,This instrument is played by striking the two metal discs against each other.
khutitaal_train9.jpg,khutitaal,train,instrument_type,q8,phrase_2,What type of musical instrument can this be classified as?,This is a small paired metal cymbal percussion instrument.
khutitaal_train9.jpg,khutitaal,train,description,q9,phrase_1,"Describe this instrument—its cultural significance, and use in Assamese music.","The Khuti-Taal is a small paired cymbal instrument made of bell metal, a brass alloy traditionally crafted in the Brahmaputra valley of Assam. It consists of two small metal discs connected by a cord and struck together to produce a bright, high-pitched ringing sound that provides rhythmic accompaniment during Bihu performances. The Khuti-Taal is traditionally played by both men and women and is commonly used alongside the Dhol and Pepa during Rongali Bihu performances. Its metallic timbre and compact size make it an important rhythm-keeping instrument in Assamese folk music."
khutitaal_val1.jpg,khutitaal,validation,festival,q1,phrase_3,In which festival is this instrument played?,It is played during Rongali Bihu which is the spring festival of Assam.
khutitaal_val1.jpg,khutitaal,validation,origin,q2,phrase_3,Where did this instrument originate?,It originated in the Brahmaputra valley of Assam.
khutitaal_val1.jpg,khutitaal,validation,material,q3,phrase_3,What material is this instrument made of?,This instrument is made of bell metal. 
khutitaal_val1.jpg,khutitaal,validation,parts,q4,phrase_3,Name the major parts of this instrument.,The main parts of this instrument are two small cymbal discs and connecting cord.
khutitaal_val1.jpg,khutitaal,validation,sound,q5,phrase_3,What sound does this instrument produce?,"This instrument produces a bright, high-pitched ringing sound."
khutitaal_val1.jpg,khutitaal,validation,traditional_player,q6,phrase_3,Which gender traditionally plays this instrument?,This instrument is traditionally played by both men and women.
khutitaal_val1.jpg,khutitaal,validation,playing_method,q7,phrase_3,How is this instrument played?,This instrument is played by striking the two metal discs against each other.
khutitaal_val1.jpg,khutitaal,validation,instrument_type,q8,phrase_3,What type of musical instrument is this?,This is a small paired metal cymbal percussion instrument.
khutitaal_val1.jpg,khutitaal,validation,description,q9,phrase_3,"Give a description of this instrument including its cultural significance, and role in Assamese music.","The Khuti-Taal is a small paired cymbal instrument made of bell metal, a brass alloy traditionally crafted in the Brahmaputra valley of Assam. It consists of two small metal discs connected by a cord and struck together to produce a bright, high-pitched ringing sound that provides rhythmic accompaniment during Bihu performances. The Khuti-Taal is traditionally played by both men and women and is commonly used alongside the Dhol and Pepa during Rongali Bihu performances. Its metallic timbre and compact size make it an important rhythm-keeping instrument in Assamese folk music."
khutitaal_val2.jpg,khutitaal,validation,festival,q1,phrase_3,In which festival is this instrument played?,It is played during Rongali Bihu which is the spring festival of Assam.
khutitaal_val2.jpg,khutitaal,validation,origin,q2,phrase_3,Where did this instrument originate?,It originated in the Brahmaputra valley of Assam.
khutitaal_val2.jpg,khutitaal,validation,material,q3,phrase_3,What material is this instrument made of?,This instrument is made of bell metal. 
khutitaal_val2.jpg,khutitaal,validation,parts,q4,phrase_3,Name the major parts of this instrument.,The main parts of this instrument are two small cymbal discs and connecting cord.
khutitaal_val2.jpg,khutitaal,validation,sound,q5,phrase_3,What sound does this instrument produce?,"This instrument produces a bright, high-pitched ringing sound."
khutitaal_val2.jpg,khutitaal,validation,traditional_player,q6,phrase_3,Which gender traditionally plays this instrument?,This instrument is traditionally played by both men and women.
khutitaal_val2.jpg,khutitaal,validation,playing_method,q7,phrase_3,How is this instrument played?,This instrument is played by striking the two metal discs against each other.
khutitaal_val2.jpg,khutitaal,validation,instrument_type,q8,phrase_3,What type of musical instrument is this?,This is a small paired metal cymbal percussion instrument.
khutitaal_val2.jpg,khutitaal,validation,description,q9,phrase_3,"Give a description of this instrument including its cultural significance, and role in Assamese music.","The Khuti-Taal is a small paired cymbal instrument made of bell metal, a brass alloy traditionally crafted in the Brahmaputra valley of Assam. It consists of two small metal discs connected by a cord and struck together to produce a bright, high-pitched ringing sound that provides rhythmic accompaniment during Bihu performances. The Khuti-Taal is traditionally played by both men and women and is commonly used alongside the Dhol and Pepa during Rongali Bihu performances. Its metallic timbre and compact size make it an important rhythm-keeping instrument in Assamese folk music."
khutitaal_val3.jpg,khutitaal,validation,festival,q1,phrase_3,In which festival is this instrument played?,It is played during Rongali Bihu which is the spring festival of Assam.
khutitaal_val3.jpg,khutitaal,validation,origin,q2,phrase_3,Where did this instrument originate?,It originated in the Brahmaputra valley of Assam.
khutitaal_val3.jpg,khutitaal,validation,material,q3,phrase_3,What material is this instrument made of?,This instrument is made of bell metal. 
khutitaal_val3.jpg,khutitaal,validation,parts,q4,phrase_3,Name the major parts of this instrument.,The main parts of this instrument are two small cymbal discs and connecting cord.
khutitaal_val3.jpg,khutitaal,validation,sound,q5,phrase_3,What sound does this instrument produce?,"This instrument produces a bright, high-pitched ringing sound."
khutitaal_val3.jpg,khutitaal,validation,traditional_player,q6,phrase_3,Which gender traditionally plays this instrument?,This instrument is traditionally played by both men and women.
khutitaal_val3.jpg,khutitaal,validation,playing_method,q7,phrase_3,How is this instrument played?,This instrument is played by striking the two metal discs against each other.
khutitaal_val3.jpg,khutitaal,validation,instrument_type,q8,phrase_3,What type of musical instrument is this?,This is a small paired metal cymbal percussion instrument.
khutitaal_val3.jpg,khutitaal,validation,description,q9,phrase_3,"Give a description of this instrument including its cultural significance, and role in Assamese music.","The Khuti-Taal is a small paired cymbal instrument made of bell metal, a brass alloy traditionally crafted in the Brahmaputra valley of Assam. It consists of two small metal discs connected by a cord and struck together to produce a bright, high-pitched ringing sound that provides rhythmic accompaniment during Bihu performances. The Khuti-Taal is traditionally played by both men and women and is commonly used alongside the Dhol and Pepa during Rongali Bihu performances. Its metallic timbre and compact size make it an important rhythm-keeping instrument in Assamese folk music."
khutitaal_val4.jpg,khutitaal,validation,festival,q1,phrase_3,In which festival is this instrument played?,It is played during Rongali Bihu which is the spring festival of Assam.
khutitaal_val4.jpg,khutitaal,validation,origin,q2,phrase_3,Where did this instrument originate?,It originated in the Brahmaputra valley of Assam.
khutitaal_val4.jpg,khutitaal,validation,material,q3,phrase_3,What material is this instrument made of?,This instrument is made of bell metal. 
khutitaal_val4.jpg,khutitaal,validation,parts,q4,phrase_3,Name the major parts of this instrument.,The main parts of this instrument are two small cymbal discs and connecting cord.
khutitaal_val4.jpg,khutitaal,validation,sound,q5,phrase_3,What sound does this instrument produce?,"This instrument produces a bright, high-pitched ringing sound."
khutitaal_val4.jpg,khutitaal,validation,traditional_player,q6,phrase_3,Which gender traditionally plays this instrument?,This instrument is traditionally played by both men and women.
khutitaal_val4.jpg,khutitaal,validation,playing_method,q7,phrase_3,How is this instrument played?,This instrument is played by striking the two metal discs against each other.
khutitaal_val4.jpg,khutitaal,validation,instrument_type,q8,phrase_3,What type of musical instrument is this?,This is a small paired metal cymbal percussion instrument.
khutitaal_val4.jpg,khutitaal,validation,description,q9,phrase_3,"Give a description of this instrument including its cultural significance, and role in Assamese music.","The Khuti-Taal is a small paired cymbal instrument made of bell metal, a brass alloy traditionally crafted in the Brahmaputra valley of Assam. It consists of two small metal discs connected by a cord and struck together to produce a bright, high-pitched ringing sound that provides rhythmic accompaniment during Bihu performances. The Khuti-Taal is traditionally played by both men and women and is commonly used alongside the Dhol and Pepa during Rongali Bihu performances. Its metallic timbre and compact size make it an important rhythm-keeping instrument in Assamese folk music."
khutitaal_val5.jpg,khutitaal,validation,festival,q1,phrase_3,In which festival is this instrument played?,It is played during Rongali Bihu which is the spring festival of Assam.
khutitaal_val5.jpg,khutitaal,validation,origin,q2,phrase_3,Where did this instrument originate?,It originated in the Brahmaputra valley of Assam.
khutitaal_val5.jpg,khutitaal,validation,material,q3,phrase_3,What material is this instrument made of?,This instrument is made of bell metal. 
khutitaal_val5.jpg,khutitaal,validation,parts,q4,phrase_3,Name the major parts of this instrument.,The main parts of this instrument are two small cymbal discs and connecting cord.
khutitaal_val5.jpg,khutitaal,validation,sound,q5,phrase_3,What sound does this instrument produce?,"This instrument produces a bright, high-pitched ringing sound."
khutitaal_val5.jpg,khutitaal,validation,traditional_player,q6,phrase_3,Which gender traditionally plays this instrument?,This instrument is traditionally played by both men and women.
khutitaal_val5.jpg,khutitaal,validation,playing_method,q7,phrase_3,How is this instrument played?,This instrument is played by striking the two metal discs against each other.
khutitaal_val5.jpg,khutitaal,validation,instrument_type,q8,phrase_3,What type of musical instrument is this?,This is a small paired metal cymbal percussion instrument.
khutitaal_val5.jpg,khutitaal,validation,description,q9,phrase_3,"Give a description of this instrument including its cultural significance, and role in Assamese music.","The Khuti-Taal is a small paired cymbal instrument made of bell metal, a brass alloy traditionally crafted in the Brahmaputra valley of Assam. It consists of two small metal discs connected by a cord and struck together to produce a bright, high-pitched ringing sound that provides rhythmic accompaniment during Bihu performances. The Khuti-Taal is traditionally played by both men and women and is commonly used alongside the Dhol and Pepa during Rongali Bihu performances. Its metallic timbre and compact size make it an important rhythm-keeping instrument in Assamese folk music."
khutitaal_test1.jpg,khutitaal,test,festival,q1,phrase_3,In which festival is this instrument played?,It is played during Rongali Bihu which is the spring festival of Assam.
khutitaal_test1.jpg,khutitaal,test,origin,q2,phrase_3,Where did this instrument originate?,It originated in the Brahmaputra valley of Assam.
khutitaal_test1.jpg,khutitaal,test,material,q3,phrase_3,What material is this instrument made of?,This instrument is made of bell metal. 
khutitaal_test1.jpg,khutitaal,test,parts,q4,phrase_3,Name the major parts of this instrument.,The main parts of this instrument are two small cymbal discs and connecting cord.
khutitaal_test1.jpg,khutitaal,test,sound,q5,phrase_3,What sound does this instrument produce?,"This instrument produces a bright, high-pitched ringing sound."
khutitaal_test1.jpg,khutitaal,test,traditional_player,q6,phrase_3,Which gender traditionally plays this instrument?,This instrument is traditionally played by both men and women.
khutitaal_test1.jpg,khutitaal,test,playing_method,q7,phrase_3,How is this instrument played?,This instrument is played by striking the two metal discs against each other.
khutitaal_test1.jpg,khutitaal,test,instrument_type,q8,phrase_3,What type of musical instrument is this?,This is a small paired metal cymbal percussion instrument.
khutitaal_test1.jpg,khutitaal,test,description,q9,phrase_3,"Give a description of this instrument including its cultural significance, and role in Assamese music.","The Khuti-Taal is a small paired cymbal instrument made of bell metal, a brass alloy traditionally crafted in the Brahmaputra valley of Assam. It consists of two small metal discs connected by a cord and struck together to produce a bright, high-pitched ringing sound that provides rhythmic accompaniment during Bihu performances. The Khuti-Taal is traditionally played by both men and women and is commonly used alongside the Dhol and Pepa during Rongali Bihu performances. Its metallic timbre and compact size make it an important rhythm-keeping instrument in Assamese folk music."
khutitaal_test2.jpg,khutitaal,test,festival,q1,phrase_3,In which festival is this instrument played?,It is played during Rongali Bihu which is the spring festival of Assam.
khutitaal_test2.jpg,khutitaal,test,origin,q2,phrase_3,Where did this instrument originate?,It originated in the Brahmaputra valley of Assam.
khutitaal_test2.jpg,khutitaal,test,material,q3,phrase_3,What material is this instrument made of?,This instrument is made of bell metal. 
khutitaal_test2.jpg,khutitaal,test,parts,q4,phrase_3,Name the major parts of this instrument.,The main parts of this instrument are two small cymbal discs and connecting cord.
khutitaal_test2.jpg,khutitaal,test,sound,q5,phrase_3,What sound does this instrument produce?,"This instrument produces a bright, high-pitched ringing sound."
khutitaal_test2.jpg,khutitaal,test,traditional_player,q6,phrase_3,Which gender traditionally plays this instrument?,This instrument is traditionally played by both men and women.
khutitaal_test2.jpg,khutitaal,test,playing_method,q7,phrase_3,How is this instrument played?,This instrument is played by striking the two metal discs against each other.
khutitaal_test2.jpg,khutitaal,test,instrument_type,q8,phrase_3,What type of musical instrument is this?,This is a small paired metal cymbal percussion instrument.
khutitaal_test2.jpg,khutitaal,test,description,q9,phrase_3,"Give a description of this instrument including its cultural significance, and role in Assamese music.","The Khuti-Taal is a small paired cymbal instrument made of bell metal, a brass alloy traditionally crafted in the Brahmaputra valley of Assam. It consists of two small metal discs connected by a cord and struck together to produce a bright, high-pitched ringing sound that provides rhythmic accompaniment during Bihu performances. The Khuti-Taal is traditionally played by both men and women and is commonly used alongside the Dhol and Pepa during Rongali Bihu performances. Its metallic timbre and compact size make it an important rhythm-keeping instrument in Assamese folk music."
khutitaal_test3.jpg,khutitaal,test,festival,q1,phrase_3,In which festival is this instrument played?,It is played during Rongali Bihu which is the spring festival of Assam.
khutitaal_test3.jpg,khutitaal,test,origin,q2,phrase_3,Where did this instrument originate?,It originated in the Brahmaputra valley of Assam.
khutitaal_test3.jpg,khutitaal,test,material,q3,phrase_3,What material is this instrument made of?,This instrument is made of bell metal. 
khutitaal_test3.jpg,khutitaal,test,parts,q4,phrase_3,Name the major parts of this instrument.,The main parts of this instrument are two small cymbal discs and connecting cord.
khutitaal_test3.jpg,khutitaal,test,sound,q5,phrase_3,What sound does this instrument produce?,"This instrument produces a bright, high-pitched ringing sound."
khutitaal_test3.jpg,khutitaal,test,traditional_player,q6,phrase_3,Which gender traditionally plays this instrument?,This instrument is traditionally played by both men and women.
khutitaal_test3.jpg,khutitaal,test,playing_method,q7,phrase_3,How is this instrument played?,This instrument is played by striking the two metal discs against each other.
khutitaal_test3.jpg,khutitaal,test,instrument_type,q8,phrase_3,What type of musical instrument is this?,This is a small paired metal cymbal percussion instrument.
khutitaal_test3.jpg,khutitaal,test,description,q9,phrase_3,"Give a description of this instrument including its cultural significance, and role in Assamese music.","The Khuti-Taal is a small paired cymbal instrument made of bell metal, a brass alloy traditionally crafted in the Brahmaputra valley of Assam. It consists of two small metal discs connected by a cord and struck together to produce a bright, high-pitched ringing sound that provides rhythmic accompaniment during Bihu performances. The Khuti-Taal is traditionally played by both men and women and is commonly used alongside the Dhol and Pepa during Rongali Bihu performances. Its metallic timbre and compact size make it an important rhythm-keeping instrument in Assamese folk music."
khutitaal_test4.jpg,khutitaal,test,festival,q1,phrase_3,In which festival is this instrument played?,It is played during Rongali Bihu which is the spring festival of Assam.
khutitaal_test4.jpg,khutitaal,test,origin,q2,phrase_3,Where did this instrument originate?,It originated in the Brahmaputra valley of Assam.
khutitaal_test4.jpg,khutitaal,test,material,q3,phrase_3,What material is this instrument made of?,This instrument is made of bell metal. 
khutitaal_test4.jpg,khutitaal,test,parts,q4,phrase_3,Name the major parts of this instrument.,The main parts of this instrument are two small cymbal discs and connecting cord.
khutitaal_test4.jpg,khutitaal,test,sound,q5,phrase_3,What sound does this instrument produce?,"This instrument produces a bright, high-pitched ringing sound."
khutitaal_test4.jpg,khutitaal,test,traditional_player,q6,phrase_3,Which gender traditionally plays this instrument?,This instrument is traditionally played by both men and women.
khutitaal_test4.jpg,khutitaal,test,playing_method,q7,phrase_3,How is this instrument played?,This instrument is played by striking the two metal discs against each other.
khutitaal_test4.jpg,khutitaal,test,instrument_type,q8,phrase_3,What type of musical instrument is this?,This is a small paired metal cymbal percussion instrument.
khutitaal_test4.jpg,khutitaal,test,description,q9,phrase_3,"Give a description of this instrument including its cultural significance, and role in Assamese music.","The Khuti-Taal is a small paired cymbal instrument made of bell metal, a brass alloy traditionally crafted in the Brahmaputra valley of Assam. It consists of two small metal discs connected by a cord and struck together to produce a bright, high-pitched ringing sound that provides rhythmic accompaniment during Bihu performances. The Khuti-Taal is traditionally played by both men and women and is commonly used alongside the Dhol and Pepa during Rongali Bihu performances. Its metallic timbre and compact size make it an important rhythm-keeping instrument in Assamese folk music."
khutitaal_test5.jpg,khutitaal,test,festival,q1,phrase_3,In which festival is this instrument played?,It is played during Rongali Bihu which is the spring festival of Assam.
khutitaal_test5.jpg,khutitaal,test,origin,q2,phrase_3,Where did this instrument originate?,It originated in the Brahmaputra valley of Assam.
khutitaal_test5.jpg,khutitaal,test,material,q3,phrase_3,What material is this instrument made of?,This instrument is made of bell metal. 
khutitaal_test5.jpg,khutitaal,test,parts,q4,phrase_3,Name the major parts of this instrument.,The main parts of this instrument are two small cymbal discs and connecting cord.
khutitaal_test5.jpg,khutitaal,test,sound,q5,phrase_3,What sound does this instrument produce?,"This instrument produces a bright, high-pitched ringing sound."
khutitaal_test5.jpg,khutitaal,test,traditional_player,q6,phrase_3,Which gender traditionally plays this instrument?,This instrument is traditionally played by both men and women.
khutitaal_test5.jpg,khutitaal,test,playing_method,q7,phrase_3,How is this instrument played?,This instrument is played by striking the two metal discs against each other.
khutitaal_test5.jpg,khutitaal,test,instrument_type,q8,phrase_3,What type of musical instrument is this?,This is a small paired metal cymbal percussion instrument.
khutitaal_test5.jpg,khutitaal,test,description,q9,phrase_3,"Give a description of this instrument including its cultural significance, and role in Assamese music.","The Khuti-Taal is a small paired cymbal instrument made of bell metal, a brass alloy traditionally crafted in the Brahmaputra valley of Assam. It consists of two small metal discs connected by a cord and struck together to produce a bright, high-pitched ringing sound that provides rhythmic accompaniment during Bihu performances. The Khuti-Taal is traditionally played by both men and women and is commonly used alongside the Dhol and Pepa during Rongali Bihu performances. Its metallic timbre and compact size make it an important rhythm-keeping instrument in Assamese folk music."
xutuli_train1.jpg,xutuli,train,festival,q1,phrase_1,What festival is this instrument played in?,It is played during Rongali Bihu which is the spring festival of Assam.
xutuli_train1.jpg,xutuli,train,origin,q2,phrase_2,From which place does this instrument originate?,It originated in the rural communities of Assam.
xutuli_train1.jpg,xutuli,train,material,q3,phrase_2,Which material is used to make this instrument?,This instrument is made of clay or bamboo.
xutuli_train1.jpg,xutuli,train,parts,q4,phrase_1,What are the parts of this instrument?,"The main parts of this instrument are hollow body, blow end, and finger holes."
xutuli_train1.jpg,xutuli,train,sound,q5,phrase_1,What kind of sound does this instrument make?,"This instrument produces a high-pitched, sharp whistling sound."
xutuli_train1.jpg,xutuli,train,traditional_player,q6,phrase_1,Who traditionally plays this instrument?,This instrument is traditionally played by both men and women.
xutuli_train1.jpg,xutuli,train,playing_method,q7,phrase_2,What is the method of playing this instrument?,This instrument is played by blowing air into the blow end and covering finger holes.
xutuli_train1.jpg,xutuli,train,instrument_type,q8,phrase_2,What type of musical instrument can this be classified as?,This is a small conical end-blown wind instrument.
xutuli_train1.jpg,xutuli,train,description,q9,phrase_2,"Explain this instrument's cultural importance, and musical role.","The Xutuli is a small conical end-blown wind instrument traditionally made from clay or bamboo in the rural communities of Assam. It is played by blowing air directly into one end, producing a distinctly high-pitched, sharp whistling tone. It is an important traditional wind instrument in Assamese folk music. Its compact size and traditional use make it popular during Bihu celebrations."
xutuli_train10.jpg,xutuli,train,festival,q1,phrase_2,During which festival is this instrument played?,It is played during Rongali Bihu which is the spring festival of Assam.
xutuli_train10.jpg,xutuli,train,origin,q2,phrase_1,What is the origin place of this instrument?,It originated in the rural communities of Assam.
xutuli_train10.jpg,xutuli,train,material,q3,phrase_1,What is this instrument made from?,This instrument is made of clay or bamboo.
xutuli_train10.jpg,xutuli,train,parts,q4,phrase_2,List the main parts of this instrument.,"The main parts of this instrument are hollow body, blow end, and finger holes."
xutuli_train10.jpg,xutuli,train,sound,q5,phrase_2,What type of sound is produced by this instrument?,"This instrument produces a high-pitched, sharp whistling sound."
xutuli_train10.jpg,xutuli,train,traditional_player,q6,phrase_2,Which gender plays this instrument traditionally?,This instrument is traditionally played by both men and women.
xutuli_train10.jpg,xutuli,train,playing_method,q7,phrase_1,How do you play this instrument?,This instrument is played by blowing air into the blow end and covering finger holes.
xutuli_train10.jpg,xutuli,train,instrument_type,q8,phrase_1,Which type of musical instrument does this belong to?,This is a small conical end-blown wind instrument.
xutuli_train10.jpg,xutuli,train,description,q9,phrase_1,"Describe this instrument—its cultural significance, and use in Assamese music.","The Xutuli is a small conical end-blown wind instrument traditionally made from clay or bamboo in the rural communities of Assam. It is played by blowing air directly into one end, producing a distinctly high-pitched, sharp whistling tone. It is an important traditional wind instrument in Assamese folk music. Its compact size and traditional use make it popular during Bihu celebrations."
xutuli_train11.jpg,xutuli,train,festival,q1,phrase_2,During which festival is this instrument played?,It is played during Rongali Bihu which is the spring festival of Assam.
xutuli_train11.jpg,xutuli,train,origin,q2,phrase_1,What is the origin place of this instrument?,It originated in the rural communities of Assam.
xutuli_train11.jpg,xutuli,train,material,q3,phrase_1,What is this instrument made from?,This instrument is made of clay or bamboo.
xutuli_train11.jpg,xutuli,train,parts,q4,phrase_2,List the main parts of this instrument.,"The main parts of this instrument are hollow body, blow end, and finger holes."
xutuli_train11.jpg,xutuli,train,sound,q5,phrase_2,What type of sound is produced by this instrument?,"This instrument produces a high-pitched, sharp whistling sound."
xutuli_train11.jpg,xutuli,train,traditional_player,q6,phrase_2,Which gender plays this instrument traditionally?,This instrument is traditionally played by both men and women.
xutuli_train11.jpg,xutuli,train,playing_method,q7,phrase_1,How do you play this instrument?,This instrument is played by blowing air into the blow end and covering finger holes.
xutuli_train11.jpg,xutuli,train,instrument_type,q8,phrase_2,What type of musical instrument can this be classified as?,This is a small conical end-blown wind instrument.
xutuli_train11.jpg,xutuli,train,description,q9,phrase_1,"Describe this instrument—its cultural significance, and use in Assamese music.","The Xutuli is a small conical end-blown wind instrument traditionally made from clay or bamboo in the rural communities of Assam. It is played by blowing air directly into one end, producing a distinctly high-pitched, sharp whistling tone. It is an important traditional wind instrument in Assamese folk music. Its compact size and traditional use make it popular during Bihu celebrations."
xutuli_train12.jpg,xutuli,train,festival,q1,phrase_1,What festival is this instrument played in?,It is played during Rongali Bihu which is the spring festival of Assam.
xutuli_train12.jpg,xutuli,train,origin,q2,phrase_2,From which place does this instrument originate?,It originated in the rural communities of Assam.
xutuli_train12.jpg,xutuli,train,material,q3,phrase_2,Which material is used to make this instrument?,This instrument is made of clay or bamboo.
xutuli_train12.jpg,xutuli,train,parts,q4,phrase_1,What are the parts of this instrument?,"The main parts of this instrument are hollow body, blow end, and finger holes."
xutuli_train12.jpg,xutuli,train,sound,q5,phrase_1,What kind of sound does this instrument make?,"This instrument produces a high-pitched, sharp whistling sound."
xutuli_train12.jpg,xutuli,train,traditional_player,q6,phrase_1,Who traditionally plays this instrument?,This instrument is traditionally played by both men and women.
xutuli_train12.jpg,xutuli,train,playing_method,q7,phrase_2,What is the method of playing this instrument?,This instrument is played by blowing air into the blow end and covering finger holes.
xutuli_train12.jpg,xutuli,train,instrument_type,q8,phrase_1,Which type of musical instrument does this belong to?,This is a small conical end-blown wind instrument.
xutuli_train12.jpg,xutuli,train,description,q9,phrase_2,"Explain this instrument's cultural importance, and musical role.","The Xutuli is a small conical end-blown wind instrument traditionally made from clay or bamboo in the rural communities of Assam. It is played by blowing air directly into one end, producing a distinctly high-pitched, sharp whistling tone. It is an important traditional wind instrument in Assamese folk music. Its compact size and traditional use make it popular during Bihu celebrations."
xutuli_train13.jpg,xutuli,train,festival,q1,phrase_2,During which festival is this instrument played?,It is played during Rongali Bihu which is the spring festival of Assam.
xutuli_train13.jpg,xutuli,train,origin,q2,phrase_2,From which place does this instrument originate?,It originated in the rural communities of Assam.
xutuli_train13.jpg,xutuli,train,material,q3,phrase_2,Which material is used to make this instrument?,This instrument is made of clay or bamboo.
xutuli_train13.jpg,xutuli,train,parts,q4,phrase_1,What are the parts of this instrument?,"The main parts of this instrument are hollow body, blow end, and finger holes."
xutuli_train13.jpg,xutuli,train,sound,q5,phrase_2,What type of sound is produced by this instrument?,"This instrument produces a high-pitched, sharp whistling sound."
xutuli_train13.jpg,xutuli,train,traditional_player,q6,phrase_1,Who traditionally plays this instrument?,This instrument is traditionally played by both men and women.
xutuli_train13.jpg,xutuli,train,playing_method,q7,phrase_1,How do you play this instrument?,This instrument is played by blowing air into the blow end and covering finger holes.
xutuli_train13.jpg,xutuli,train,instrument_type,q8,phrase_2,What type of musical instrument can this be classified as?,This is a small conical end-blown wind instrument.
xutuli_train13.jpg,xutuli,train,description,q9,phrase_1,"Describe this instrument—its cultural significance, and use in Assamese music.","The Xutuli is a small conical end-blown wind instrument traditionally made from clay or bamboo in the rural communities of Assam. It is played by blowing air directly into one end, producing a distinctly high-pitched, sharp whistling tone. It is an important traditional wind instrument in Assamese folk music. Its compact size and traditional use make it popular during Bihu celebrations."
xutuli_train14.jpg,xutuli,train,festival,q1,phrase_1,What festival is this instrument played in?,It is played during Rongali Bihu which is the spring festival of Assam.
xutuli_train14.jpg,xutuli,train,origin,q2,phrase_1,What is the origin place of this instrument?,It originated in the rural communities of Assam.
xutuli_train14.jpg,xutuli,train,material,q3,phrase_1,What is this instrument made from?,This instrument is made of clay or bamboo.
xutuli_train14.jpg,xutuli,train,parts,q4,phrase_2,List the main parts of this instrument.,"The main parts of this instrument are hollow body, blow end, and finger holes."
xutuli_train14.jpg,xutuli,train,sound,q5,phrase_1,What kind of sound does this instrument make?,"This instrument produces a high-pitched, sharp whistling sound."
xutuli_train14.jpg,xutuli,train,traditional_player,q6,phrase_2,Which gender plays this instrument traditionally?,This instrument is traditionally played by both men and women.
xutuli_train14.jpg,xutuli,train,playing_method,q7,phrase_2,What is the method of playing this instrument?,This instrument is played by blowing air into the blow end and covering finger holes.
xutuli_train14.jpg,xutuli,train,instrument_type,q8,phrase_1,Which type of musical instrument does this belong to?,This is a small conical end-blown wind instrument.
xutuli_train14.jpg,xutuli,train,description,q9,phrase_2,"Explain this instrument's cultural importance, and musical role.","The Xutuli is a small conical end-blown wind instrument traditionally made from clay or bamboo in the rural communities of Assam. It is played by blowing air directly into one end, producing a distinctly high-pitched, sharp whistling tone. It is an important traditional wind instrument in Assamese folk music. Its compact size and traditional use make it popular during Bihu celebrations."
xutuli_train15.jpg,xutuli,train,festival,q1,phrase_2,During which festival is this instrument played?,It is played during Rongali Bihu which is the spring festival of Assam.
xutuli_train15.jpg,xutuli,train,origin,q2,phrase_2,From which place does this instrument originate?,It originated in the rural communities of Assam.
xutuli_train15.jpg,xutuli,train,material,q3,phrase_1,What is this instrument made from?,This instrument is made of clay or bamboo.
xutuli_train15.jpg,xutuli,train,parts,q4,phrase_2,List the main parts of this instrument.,"The main parts of this instrument are hollow body, blow end, and finger holes."
xutuli_train15.jpg,xutuli,train,sound,q5,phrase_2,What type of sound is produced by this instrument?,"This instrument produces a high-pitched, sharp whistling sound."
xutuli_train15.jpg,xutuli,train,traditional_player,q6,phrase_2,Which gender plays this instrument traditionally?,This instrument is traditionally played by both men and women.
xutuli_train15.jpg,xutuli,train,playing_method,q7,phrase_1,How do you play this instrument?,This instrument is played by blowing air into the blow end and covering finger holes.
xutuli_train15.jpg,xutuli,train,instrument_type,q8,phrase_1,Which type of musical instrument does this belong to?,This is a small conical end-blown wind instrument.
xutuli_train15.jpg,xutuli,train,description,q9,phrase_1,"Describe this instrument—its cultural significance, and use in Assamese music.","The Xutuli is a small conical end-blown wind instrument traditionally made from clay or bamboo in the rural communities of Assam. It is played by blowing air directly into one end, producing a distinctly high-pitched, sharp whistling tone. It is an important traditional wind instrument in Assamese folk music. Its compact size and traditional use make it popular during Bihu celebrations."
xutuli_train16.jpg,xutuli,train,festival,q1,phrase_1,What festival is this instrument played in?,It is played during Rongali Bihu which is the spring festival of Assam.
xutuli_train16.jpg,xutuli,train,origin,q2,phrase_1,What is the origin place of this instrument?,It originated in the rural communities of Assam.
xutuli_train16.jpg,xutuli,train,material,q3,phrase_2,Which material is used to make this instrument?,This instrument is made of clay or bamboo.
xutuli_train16.jpg,xutuli,train,parts,q4,phrase_1,What are the parts of this instrument?,"The main parts of this instrument are hollow body, blow end, and finger holes."
xutuli_train16.jpg,xutuli,train,sound,q5,phrase_1,What kind of sound does this instrument make?,"This instrument produces a high-pitched, sharp whistling sound."
xutuli_train16.jpg,xutuli,train,traditional_player,q6,phrase_1,Who traditionally plays this instrument?,This instrument is traditionally played by both men and women.
xutuli_train16.jpg,xutuli,train,playing_method,q7,phrase_2,What is the method of playing this instrument?,This instrument is played by blowing air into the blow end and covering finger holes.
xutuli_train16.jpg,xutuli,train,instrument_type,q8,phrase_2,What type of musical instrument can this be classified as?,This is a small conical end-blown wind instrument.
xutuli_train16.jpg,xutuli,train,description,q9,phrase_2,"Explain this instrument's cultural importance, and musical role.","The Xutuli is a small conical end-blown wind instrument traditionally made from clay or bamboo in the rural communities of Assam. It is played by blowing air directly into one end, producing a distinctly high-pitched, sharp whistling tone. It is an important traditional wind instrument in Assamese folk music. Its compact size and traditional use make it popular during Bihu celebrations."
xutuli_train17.jpg,xutuli,train,festival,q1,phrase_1,What festival is this instrument played in?,It is played during Rongali Bihu which is the spring festival of Assam.
xutuli_train17.jpg,xutuli,train,origin,q2,phrase_2,From which place does this instrument originate?,It originated in the rural communities of Assam.
xutuli_train17.jpg,xutuli,train,material,q3,phrase_2,Which material is used to make this instrument?,This instrument is made of clay or bamboo.
xutuli_train17.jpg,xutuli,train,parts,q4,phrase_2,List the main parts of this instrument.,"The main parts of this instrument are hollow body, blow end, and finger holes."
xutuli_train17.jpg,xutuli,train,sound,q5,phrase_1,What kind of sound does this instrument make?,"This instrument produces a high-pitched, sharp whistling sound."
xutuli_train17.jpg,xutuli,train,traditional_player,q6,phrase_2,Which gender plays this instrument traditionally?,This instrument is traditionally played by both men and women.
xutuli_train17.jpg,xutuli,train,playing_method,q7,phrase_1,How do you play this instrument?,This instrument is played by blowing air into the blow end and covering finger holes.
xutuli_train17.jpg,xutuli,train,instrument_type,q8,phrase_2,What type of musical instrument can this be classified as?,This is a small conical end-blown wind instrument.
xutuli_train17.jpg,xutuli,train,description,q9,phrase_1,"Describe this instrument—its cultural significance, and use in Assamese music.","The Xutuli is a small conical end-blown wind instrument traditionally made from clay or bamboo in the rural communities of Assam. It is played by blowing air directly into one end, producing a distinctly high-pitched, sharp whistling tone. It is an important traditional wind instrument in Assamese folk music. Its compact size and traditional use make it popular during Bihu celebrations."
xutuli_train18.jpg,xutuli,train,festival,q1,phrase_2,During which festival is this instrument played?,It is played during Rongali Bihu which is the spring festival of Assam.
xutuli_train18.jpg,xutuli,train,origin,q2,phrase_1,What is the origin place of this instrument?,It originated in the rural communities of Assam.
xutuli_train18.jpg,xutuli,train,material,q3,phrase_1,What is this instrument made from?,This instrument is made of clay or bamboo.
xutuli_train18.jpg,xutuli,train,parts,q4,phrase_1,What are the parts of this instrument?,"The main parts of this instrument are hollow body, blow end, and finger holes."
xutuli_train18.jpg,xutuli,train,sound,q5,phrase_2,What type of sound is produced by this instrument?,"This instrument produces a high-pitched, sharp whistling sound."
xutuli_train18.jpg,xutuli,train,traditional_player,q6,phrase_1,Who traditionally plays this instrument?,This instrument is traditionally played by both men and women.
xutuli_train18.jpg,xutuli,train,playing_method,q7,phrase_2,What is the method of playing this instrument?,This instrument is played by blowing air into the blow end and covering finger holes.
xutuli_train18.jpg,xutuli,train,instrument_type,q8,phrase_1,Which type of musical instrument does this belong to?,This is a small conical end-blown wind instrument.
xutuli_train18.jpg,xutuli,train,description,q9,phrase_2,"Explain this instrument's cultural importance, and musical role.","The Xutuli is a small conical end-blown wind instrument traditionally made from clay or bamboo in the rural communities of Assam. It is played by blowing air directly into one end, producing a distinctly high-pitched, sharp whistling tone. It is an important traditional wind instrument in Assamese folk music. Its compact size and traditional use make it popular during Bihu celebrations."
xutuli_train19.jpg,xutuli,train,festival,q1,phrase_2,During which festival is this instrument played?,It is played during Rongali Bihu which is the spring festival of Assam.
xutuli_train19.jpg,xutuli,train,origin,q2,phrase_2,From which place does this instrument originate?,It originated in the rural communities of Assam.
xutuli_train19.jpg,xutuli,train,material,q3,phrase_1,What is this instrument made from?,This instrument is made of clay or bamboo.
xutuli_train19.jpg,xutuli,train,parts,q4,phrase_2,List the main parts of this instrument.,"The main parts of this instrument are hollow body, blow end, and finger holes."
xutuli_train19.jpg,xutuli,train,sound,q5,phrase_2,What type of sound is produced by this instrument?,"This instrument produces a high-pitched, sharp whistling sound."
xutuli_train19.jpg,xutuli,train,traditional_player,q6,phrase_2,Which gender plays this instrument traditionally?,This instrument is traditionally played by both men and women.
xutuli_train19.jpg,xutuli,train,playing_method,q7,phrase_1,How do you play this instrument?,This instrument is played by blowing air into the blow end and covering finger holes.
xutuli_train19.jpg,xutuli,train,instrument_type,q8,phrase_1,Which type of musical instrument does this belong to?,This is a small conical end-blown wind instrument.
xutuli_train19.jpg,xutuli,train,description,q9,phrase_1,"Describe this instrument—its cultural significance, and use in Assamese music.","The Xutuli is a small conical end-blown wind instrument traditionally made from clay or bamboo in the rural communities of Assam. It is played by blowing air directly into one end, producing a distinctly high-pitched, sharp whistling tone. It is an important traditional wind instrument in Assamese folk music. Its compact size and traditional use make it popular during Bihu celebrations."
xutuli_train2.jpg,xutuli,train,festival,q1,phrase_1,What festival is this instrument played in?,It is played during Rongali Bihu which is the spring festival of Assam.
xutuli_train2.jpg,xutuli,train,origin,q2,phrase_1,What is the origin place of this instrument?,It originated in the rural communities of Assam.
xutuli_train2.jpg,xutuli,train,material,q3,phrase_2,Which material is used to make this instrument?,This instrument is made of clay or bamboo.
xutuli_train2.jpg,xutuli,train,parts,q4,phrase_1,What are the parts of this instrument?,"The main parts of this instrument are hollow body, blow end, and finger holes."
xutuli_train2.jpg,xutuli,train,sound,q5,phrase_1,What kind of sound does this instrument make?,"This instrument produces a high-pitched, sharp whistling sound."
xutuli_train2.jpg,xutuli,train,traditional_player,q6,phrase_1,Who traditionally plays this instrument?,This instrument is traditionally played by both men and women.
xutuli_train2.jpg,xutuli,train,playing_method,q7,phrase_2,What is the method of playing this instrument?,This instrument is played by blowing air into the blow end and covering finger holes.
xutuli_train2.jpg,xutuli,train,instrument_type,q8,phrase_2,What type of musical instrument can this be classified as?,This is a small conical end-blown wind instrument.
xutuli_train2.jpg,xutuli,train,description,q9,phrase_2,"Explain this instrument's cultural importance, and musical role.","The Xutuli is a small conical end-blown wind instrument traditionally made from clay or bamboo in the rural communities of Assam. It is played by blowing air directly into one end, producing a distinctly high-pitched, sharp whistling tone. It is an important traditional wind instrument in Assamese folk music. Its compact size and traditional use make it popular during Bihu celebrations."
xutuli_train20.jpg,xutuli,train,festival,q1,phrase_2,During which festival is this instrument played?,It is played during Rongali Bihu which is the spring festival of Assam.
xutuli_train20.jpg,xutuli,train,origin,q2,phrase_2,From which place does this instrument originate?,It originated in the rural communities of Assam.
xutuli_train20.jpg,xutuli,train,material,q3,phrase_2,Which material is used to make this instrument?,This instrument is made of clay or bamboo.
xutuli_train20.jpg,xutuli,train,parts,q4,phrase_1,What are the parts of this instrument?,"The main parts of this instrument are hollow body, blow end, and finger holes."
xutuli_train20.jpg,xutuli,train,sound,q5,phrase_2,What type of sound is produced by this instrument?,"This instrument produces a high-pitched, sharp whistling sound."
xutuli_train20.jpg,xutuli,train,traditional_player,q6,phrase_1,Who traditionally plays this instrument?,This instrument is traditionally played by both men and women.
xutuli_train20.jpg,xutuli,train,playing_method,q7,phrase_1,How do you play this instrument?,This instrument is played by blowing air into the blow end and covering finger holes.
xutuli_train20.jpg,xutuli,train,instrument_type,q8,phrase_1,Which type of musical instrument does this belong to?,This is a small conical end-blown wind instrument.
xutuli_train20.jpg,xutuli,train,description,q9,phrase_2,"Explain this instrument's cultural importance, and musical role.","The Xutuli is a small conical end-blown wind instrument traditionally made from clay or bamboo in the rural communities of Assam. It is played by blowing air directly into one end, producing a distinctly high-pitched, sharp whistling tone. It is an important traditional wind instrument in Assamese folk music. Its compact size and traditional use make it popular during Bihu celebrations."
xutuli_train21.jpg,xutuli,train,festival,q1,phrase_1,What festival is this instrument played in?,It is played during Rongali Bihu which is the spring festival of Assam.
xutuli_train21.jpg,xutuli,train,origin,q2,phrase_1,What is the origin place of this instrument?,It originated in the rural communities of Assam.
xutuli_train21.jpg,xutuli,train,material,q3,phrase_1,What is this instrument made from?,This instrument is made of clay or bamboo.
xutuli_train21.jpg,xutuli,train,parts,q4,phrase_2,List the main parts of this instrument.,"The main parts of this instrument are hollow body, blow end, and finger holes."
xutuli_train21.jpg,xutuli,train,sound,q5,phrase_1,What kind of sound does this instrument make?,"This instrument produces a high-pitched, sharp whistling sound."
xutuli_train21.jpg,xutuli,train,traditional_player,q6,phrase_2,Which gender plays this instrument traditionally?,This instrument is traditionally played by both men and women.
xutuli_train21.jpg,xutuli,train,playing_method,q7,phrase_2,What is the method of playing this instrument?,This instrument is played by blowing air into the blow end and covering finger holes.
xutuli_train21.jpg,xutuli,train,instrument_type,q8,phrase_2,What type of musical instrument can this be classified as?,This is a small conical end-blown wind instrument.
xutuli_train21.jpg,xutuli,train,description,q9,phrase_1,"Describe this instrument—its cultural significance, and use in Assamese music.","The Xutuli is a small conical end-blown wind instrument traditionally made from clay or bamboo in the rural communities of Assam. It is played by blowing air directly into one end, producing a distinctly high-pitched, sharp whistling tone. It is an important traditional wind instrument in Assamese folk music. Its compact size and traditional use make it popular during Bihu celebrations."
xutuli_train22.jpg,xutuli,train,festival,q1,phrase_1,What festival is this instrument played in?,It is played during Rongali Bihu which is the spring festival of Assam.
xutuli_train22.jpg,xutuli,train,origin,q2,phrase_1,What is the origin place of this instrument?,It originated in the rural communities of Assam.
xutuli_train22.jpg,xutuli,train,material,q3,phrase_2,Which material is used to make this instrument?,This instrument is made of clay or bamboo.
xutuli_train22.jpg,xutuli,train,parts,q4,phrase_1,What are the parts of this instrument?,"The main parts of this instrument are hollow body, blow end, and finger holes."
xutuli_train22.jpg,xutuli,train,sound,q5,phrase_2,What type of sound is produced by this instrument?,"This instrument produces a high-pitched, sharp whistling sound."
xutuli_train22.jpg,xutuli,train,traditional_player,q6,phrase_1,Who traditionally plays this instrument?,This instrument is traditionally played by both men and women.
xutuli_train22.jpg,xutuli,train,playing_method,q7,phrase_2,What is the method of playing this instrument?,This instrument is played by blowing air into the blow end and covering finger holes.
xutuli_train22.jpg,xutuli,train,instrument_type,q8,phrase_2,What type of musical instrument can this be classified as?,This is a small conical end-blown wind instrument.
xutuli_train22.jpg,xutuli,train,description,q9,phrase_2,"Explain this instrument's cultural importance, and musical role.","The Xutuli is a small conical end-blown wind instrument traditionally made from clay or bamboo in the rural communities of Assam. It is played by blowing air directly into one end, producing a distinctly high-pitched, sharp whistling tone. It is an important traditional wind instrument in Assamese folk music. Its compact size and traditional use make it popular during Bihu celebrations."
xutuli_train3.jpg,xutuli,train,festival,q1,phrase_2,During which festival is this instrument played?,It is played during Rongali Bihu which is the spring festival of Assam.
xutuli_train3.jpg,xutuli,train,origin,q2,phrase_2,From which place does this instrument originate?,It originated in the rural communities of Assam.
xutuli_train3.jpg,xutuli,train,material,q3,phrase_1,What is this instrument made from?,This instrument is made of clay or bamboo.
xutuli_train3.jpg,xutuli,train,parts,q4,phrase_2,List the main parts of this instrument.,"The main parts of this instrument are hollow body, blow end, and finger holes."
xutuli_train3.jpg,xutuli,train,sound,q5,phrase_1,What kind of sound does this instrument make?,"This instrument produces a high-pitched, sharp whistling sound."
xutuli_train3.jpg,xutuli,train,traditional_player,q6,phrase_2,Which gender plays this instrument traditionally?,This instrument is traditionally played by both men and women.
xutuli_train3.jpg,xutuli,train,playing_method,q7,phrase_1,How do you play this instrument?,This instrument is played by blowing air into the blow end and covering finger holes.
xutuli_train3.jpg,xutuli,train,instrument_type,q8,phrase_1,Which type of musical instrument does this belong to?,This is a small conical end-blown wind instrument.
xutuli_train3.jpg,xutuli,train,description,q9,phrase_1,"Describe this instrument—its cultural significance, and use in Assamese music.","The Xutuli is a small conical end-blown wind instrument traditionally made from clay or bamboo in the rural communities of Assam. It is played by blowing air directly into one end, producing a distinctly high-pitched, sharp whistling tone. It is an important traditional wind instrument in Assamese folk music. Its compact size and traditional use make it popular during Bihu celebrations."
xutuli_train4.jpg,xutuli,train,festival,q1,phrase_2,During which festival is this instrument played?,It is played during Rongali Bihu which is the spring festival of Assam.
xutuli_train4.jpg,xutuli,train,origin,q2,phrase_2,From which place does this instrument originate?,It originated in the rural communities of Assam.
xutuli_train4.jpg,xutuli,train,material,q3,phrase_2,Which material is used to make this instrument?,This instrument is made of clay or bamboo.
xutuli_train4.jpg,xutuli,train,parts,q4,phrase_1,What are the parts of this instrument?,"The main parts of this instrument are hollow body, blow end, and finger holes."
xutuli_train4.jpg,xutuli,train,sound,q5,phrase_1,What kind of sound does this instrument make?,"This instrument produces a high-pitched, sharp whistling sound."
xutuli_train4.jpg,xutuli,train,traditional_player,q6,phrase_2,Which gender plays this instrument traditionally?,This instrument is traditionally played by both men and women.
xutuli_train4.jpg,xutuli,train,playing_method,q7,phrase_1,How do you play this instrument?,This instrument is played by blowing air into the blow end and covering finger holes.
xutuli_train4.jpg,xutuli,train,instrument_type,q8,phrase_2,What type of musical instrument can this be classified as?,This is a small conical end-blown wind instrument.
xutuli_train4.jpg,xutuli,train,description,q9,phrase_1,"Describe this instrument—its cultural significance, and use in Assamese music.","The Xutuli is a small conical end-blown wind instrument traditionally made from clay or bamboo in the rural communities of Assam. It is played by blowing air directly into one end, producing a distinctly high-pitched, sharp whistling tone. It is an important traditional wind instrument in Assamese folk music. Its compact size and traditional use make it popular during Bihu celebrations."
xutuli_train5.jpg,xutuli,train,festival,q1,phrase_1,What festival is this instrument played in?,It is played during Rongali Bihu which is the spring festival of Assam.
xutuli_train5.jpg,xutuli,train,origin,q2,phrase_1,What is the origin place of this instrument?,It originated in the rural communities of Assam.
xutuli_train5.jpg,xutuli,train,material,q3,phrase_1,What is this instrument made from?,This instrument is made of clay or bamboo.
xutuli_train5.jpg,xutuli,train,parts,q4,phrase_2,List the main parts of this instrument.,"The main parts of this instrument are hollow body, blow end, and finger holes."
xutuli_train5.jpg,xutuli,train,sound,q5,phrase_2,What type of sound is produced by this instrument?,"This instrument produces a high-pitched, sharp whistling sound."
xutuli_train5.jpg,xutuli,train,traditional_player,q6,phrase_1,Who traditionally plays this instrument?,This instrument is traditionally played by both men and women.
xutuli_train5.jpg,xutuli,train,playing_method,q7,phrase_2,What is the method of playing this instrument?,This instrument is played by blowing air into the blow end and covering finger holes.
xutuli_train5.jpg,xutuli,train,instrument_type,q8,phrase_1,Which type of musical instrument does this belong to?,This is a small conical end-blown wind instrument.
xutuli_train5.jpg,xutuli,train,description,q9,phrase_2,"Explain this instrument's cultural importance, and musical role.","The Xutuli is a small conical end-blown wind instrument traditionally made from clay or bamboo in the rural communities of Assam. It is played by blowing air directly into one end, producing a distinctly high-pitched, sharp whistling tone. It is an important traditional wind instrument in Assamese folk music. Its compact size and traditional use make it popular during Bihu celebrations."
xutuli_train6.jpg,xutuli,train,festival,q1,phrase_1,What festival is this instrument played in?,It is played during Rongali Bihu which is the spring festival of Assam.
xutuli_train6.jpg,xutuli,train,origin,q2,phrase_2,From which place does this instrument originate?,It originated in the rural communities of Assam.
xutuli_train6.jpg,xutuli,train,material,q3,phrase_2,Which material is used to make this instrument?,This instrument is made of clay or bamboo.
xutuli_train6.jpg,xutuli,train,parts,q4,phrase_2,List the main parts of this instrument.,"The main parts of this instrument are hollow body, blow end, and finger holes."
xutuli_train6.jpg,xutuli,train,sound,q5,phrase_1,What kind of sound does this instrument make?,"This instrument produces a high-pitched, sharp whistling sound."
xutuli_train6.jpg,xutuli,train,traditional_player,q6,phrase_2,Which gender plays this instrument traditionally?,This instrument is traditionally played by both men and women.
xutuli_train6.jpg,xutuli,train,playing_method,q7,phrase_1,How do you play this instrument?,This instrument is played by blowing air into the blow end and covering finger holes.
xutuli_train6.jpg,xutuli,train,instrument_type,q8,phrase_2,What type of musical instrument can this be classified as?,This is a small conical end-blown wind instrument.
xutuli_train6.jpg,xutuli,train,description,q9,phrase_1,"Describe this instrument—its cultural significance, and use in Assamese music.","The Xutuli is a small conical end-blown wind instrument traditionally made from clay or bamboo in the rural communities of Assam. It is played by blowing air directly into one end, producing a distinctly high-pitched, sharp whistling tone. It is an important traditional wind instrument in Assamese folk music. Its compact size and traditional use make it popular during Bihu celebrations."
xutuli_train7.jpg,xutuli,train,festival,q1,phrase_2,During which festival is this instrument played?,It is played during Rongali Bihu which is the spring festival of Assam.
xutuli_train7.jpg,xutuli,train,origin,q2,phrase_1,What is the origin place of this instrument?,It originated in the rural communities of Assam.
xutuli_train7.jpg,xutuli,train,material,q3,phrase_1,What is this instrument made from?,This instrument is made of clay or bamboo.
xutuli_train7.jpg,xutuli,train,parts,q4,phrase_1,What are the parts of this instrument?,"The main parts of this instrument are hollow body, blow end, and finger holes."
xutuli_train7.jpg,xutuli,train,sound,q5,phrase_2,What type of sound is produced by this instrument?,"This instrument produces a high-pitched, sharp whistling sound."
xutuli_train7.jpg,xutuli,train,traditional_player,q6,phrase_1,Who traditionally plays this instrument?,This instrument is traditionally played by both men and women.
xutuli_train7.jpg,xutuli,train,playing_method,q7,phrase_2,What is the method of playing this instrument?,This instrument is played by blowing air into the blow end and covering finger holes.
xutuli_train7.jpg,xutuli,train,instrument_type,q8,phrase_1,Which type of musical instrument does this belong to?,This is a small conical end-blown wind instrument.
xutuli_train7.jpg,xutuli,train,description,q9,phrase_2,"Explain this instrument's cultural importance, and musical role.","The Xutuli is a small conical end-blown wind instrument traditionally made from clay or bamboo in the rural communities of Assam. It is played by blowing air directly into one end, producing a distinctly high-pitched, sharp whistling tone. It is an important traditional wind instrument in Assamese folk music. Its compact size and traditional use make it popular during Bihu celebrations."
xutuli_train8.jpg,xutuli,train,festival,q1,phrase_2,During which festival is this instrument played?,It is played during Rongali Bihu which is the spring festival of Assam.
xutuli_train8.jpg,xutuli,train,origin,q2,phrase_2,From which place does this instrument originate?,It originated in the rural communities of Assam.
xutuli_train8.jpg,xutuli,train,material,q3,phrase_2,Which material is used to make this instrument?,This instrument is made of clay or bamboo.
xutuli_train8.jpg,xutuli,train,parts,q4,phrase_1,What are the parts of this instrument?,"The main parts of this instrument are hollow body, blow end, and finger holes."
xutuli_train8.jpg,xutuli,train,sound,q5,phrase_1,What kind of sound does this instrument make?,"This instrument produces a high-pitched, sharp whistling sound."
xutuli_train8.jpg,xutuli,train,traditional_player,q6,phrase_1,Who traditionally plays this instrument?,This instrument is traditionally played by both men and women.
xutuli_train8.jpg,xutuli,train,playing_method,q7,phrase_2,What is the method of playing this instrument?,This instrument is played by blowing air into the blow end and covering finger holes.
xutuli_train8.jpg,xutuli,train,instrument_type,q8,phrase_2,What type of musical instrument can this be classified as?,This is a small conical end-blown wind instrument.
xutuli_train8.jpg,xutuli,train,description,q9,phrase_1,"Describe this instrument—its cultural significance, and use in Assamese music.","The Xutuli is a small conical end-blown wind instrument traditionally made from clay or bamboo in the rural communities of Assam. It is played by blowing air directly into one end, producing a distinctly high-pitched, sharp whistling tone. It is an important traditional wind instrument in Assamese folk music. Its compact size and traditional use make it popular during Bihu celebrations."
xutuli_train9.jpg,xutuli,train,festival,q1,phrase_1,What festival is this instrument played in?,It is played during Rongali Bihu which is the spring festival of Assam.
xutuli_train9.jpg,xutuli,train,origin,q2,phrase_1,What is the origin place of this instrument?,It originated in the rural communities of Assam.
xutuli_train9.jpg,xutuli,train,material,q3,phrase_1,What is this instrument made from?,This instrument is made of clay or bamboo.
xutuli_train9.jpg,xutuli,train,parts,q4,phrase_2,List the main parts of this instrument.,"The main parts of this instrument are hollow body, blow end, and finger holes."
xutuli_train9.jpg,xutuli,train,sound,q5,phrase_2,What type of sound is produced by this instrument?,"This instrument produces a high-pitched, sharp whistling sound."
xutuli_train9.jpg,xutuli,train,traditional_player,q6,phrase_2,Which gender plays this instrument traditionally?,This instrument is traditionally played by both men and women.
xutuli_train9.jpg,xutuli,train,playing_method,q7,phrase_1,How do you play this instrument?,This instrument is played by blowing air into the blow end and covering finger holes.
xutuli_train9.jpg,xutuli,train,instrument_type,q8,phrase_1,Which type of musical instrument does this belong to?,This is a small conical end-blown wind instrument.
xutuli_train9.jpg,xutuli,train,description,q9,phrase_2,"Explain this instrument's cultural importance, and musical role.","The Xutuli is a small conical end-blown wind instrument traditionally made from clay or bamboo in the rural communities of Assam. It is played by blowing air directly into one end, producing a distinctly high-pitched, sharp whistling tone. It is an important traditional wind instrument in Assamese folk music. Its compact size and traditional use make it popular during Bihu celebrations."
xutuli_val1.jpg,xutuli,validation,festival,q1,phrase_3,In which festival is this instrument played?,It is played during Rongali Bihu which is the spring festival of Assam.
xutuli_val1.jpg,xutuli,validation,origin,q2,phrase_3,Where did this instrument originate?,It originated in the rural communities of Assam.
xutuli_val1.jpg,xutuli,validation,material,q3,phrase_3,What material is this instrument made of?,This instrument is made of clay or bamboo.
xutuli_val1.jpg,xutuli,validation,parts,q4,phrase_3,Name the major parts of this instrument.,"The main parts of this instrument are hollow body, blow end, and finger holes."
xutuli_val1.jpg,xutuli,validation,sound,q5,phrase_3,What sound does this instrument produce?,"This instrument produces a high-pitched, sharp whistling sound."
xutuli_val1.jpg,xutuli,validation,traditional_player,q6,phrase_3,Which gender traditionally plays this instrument?,This instrument is traditionally played by both men and women.
xutuli_val1.jpg,xutuli,validation,playing_method,q7,phrase_3,How is this instrument played?,This instrument is played by blowing air into the blow end and covering finger holes.
xutuli_val1.jpg,xutuli,validation,instrument_type,q8,phrase_3,What type of musical instrument is this?,This is a small conical end-blown wind instrument.
xutuli_val1.jpg,xutuli,validation,description,q9,phrase_3,"Give a description of this instrument including its cultural significance, and role in Assamese music.","The Xutuli is a small conical end-blown wind instrument traditionally made from clay or bamboo in the rural communities of Assam. It is played by blowing air directly into one end, producing a distinctly high-pitched, sharp whistling tone. It is an important traditional wind instrument in Assamese folk music. Its compact size and traditional use make it popular during Bihu celebrations."
xutuli_val2.jpg,xutuli,validation,festival,q1,phrase_3,In which festival is this instrument played?,It is played during Rongali Bihu which is the spring festival of Assam.
xutuli_val2.jpg,xutuli,validation,origin,q2,phrase_3,Where did this instrument originate?,It originated in the rural communities of Assam.
xutuli_val2.jpg,xutuli,validation,material,q3,phrase_3,What material is this instrument made of?,This instrument is made of clay or bamboo.
xutuli_val2.jpg,xutuli,validation,parts,q4,phrase_3,Name the major parts of this instrument.,"The main parts of this instrument are hollow body, blow end, and finger holes."
xutuli_val2.jpg,xutuli,validation,sound,q5,phrase_3,What sound does this instrument produce?,"This instrument produces a high-pitched, sharp whistling sound."
xutuli_val2.jpg,xutuli,validation,traditional_player,q6,phrase_3,Which gender traditionally plays this instrument?,This instrument is traditionally played by both men and women.
xutuli_val2.jpg,xutuli,validation,playing_method,q7,phrase_3,How is this instrument played?,This instrument is played by blowing air into the blow end and covering finger holes.
xutuli_val2.jpg,xutuli,validation,instrument_type,q8,phrase_3,What type of musical instrument is this?,This is a small conical end-blown wind instrument.
xutuli_val2.jpg,xutuli,validation,description,q9,phrase_3,"Give a description of this instrument including its cultural significance, and role in Assamese music.","The Xutuli is a small conical end-blown wind instrument traditionally made from clay or bamboo in the rural communities of Assam. It is played by blowing air directly into one end, producing a distinctly high-pitched, sharp whistling tone. It is an important traditional wind instrument in Assamese folk music. Its compact size and traditional use make it popular during Bihu celebrations."
xutuli_val3.jpg,xutuli,validation,festival,q1,phrase_3,In which festival is this instrument played?,It is played during Rongali Bihu which is the spring festival of Assam.
xutuli_val3.jpg,xutuli,validation,origin,q2,phrase_3,Where did this instrument originate?,It originated in the rural communities of Assam.
xutuli_val3.jpg,xutuli,validation,material,q3,phrase_3,What material is this instrument made of?,This instrument is made of clay or bamboo.
xutuli_val3.jpg,xutuli,validation,parts,q4,phrase_3,Name the major parts of this instrument.,"The main parts of this instrument are hollow body, blow end, and finger holes."
xutuli_val3.jpg,xutuli,validation,sound,q5,phrase_3,What sound does this instrument produce?,"This instrument produces a high-pitched, sharp whistling sound."
xutuli_val3.jpg,xutuli,validation,traditional_player,q6,phrase_3,Which gender traditionally plays this instrument?,This instrument is traditionally played by both men and women.
xutuli_val3.jpg,xutuli,validation,playing_method,q7,phrase_3,How is this instrument played?,This instrument is played by blowing air into the blow end and covering finger holes.
xutuli_val3.jpg,xutuli,validation,instrument_type,q8,phrase_3,What type of musical instrument is this?,This is a small conical end-blown wind instrument.
xutuli_val3.jpg,xutuli,validation,description,q9,phrase_3,"Give a description of this instrument including its cultural significance, and role in Assamese music.","The Xutuli is a small conical end-blown wind instrument traditionally made from clay or bamboo in the rural communities of Assam. It is played by blowing air directly into one end, producing a distinctly high-pitched, sharp whistling tone. It is an important traditional wind instrument in Assamese folk music. Its compact size and traditional use make it popular during Bihu celebrations."
xutuli_val4.jpg,xutuli,validation,festival,q1,phrase_3,In which festival is this instrument played?,It is played during Rongali Bihu which is the spring festival of Assam.
xutuli_val4.jpg,xutuli,validation,origin,q2,phrase_3,Where did this instrument originate?,It originated in the rural communities of Assam.
xutuli_val4.jpg,xutuli,validation,material,q3,phrase_3,What material is this instrument made of?,This instrument is made of clay or bamboo.
xutuli_val4.jpg,xutuli,validation,parts,q4,phrase_3,Name the major parts of this instrument.,"The main parts of this instrument are hollow body, blow end, and finger holes."
xutuli_val4.jpg,xutuli,validation,sound,q5,phrase_3,What sound does this instrument produce?,"This instrument produces a high-pitched, sharp whistling sound."
xutuli_val4.jpg,xutuli,validation,traditional_player,q6,phrase_3,Which gender traditionally plays this instrument?,This instrument is traditionally played by both men and women.
xutuli_val4.jpg,xutuli,validation,playing_method,q7,phrase_3,How is this instrument played?,This instrument is played by blowing air into the blow end and covering finger holes.
xutuli_val4.jpg,xutuli,validation,instrument_type,q8,phrase_3,What type of musical instrument is this?,This is a small conical end-blown wind instrument.
xutuli_val4.jpg,xutuli,validation,description,q9,phrase_3,"Give a description of this instrument including its cultural significance, and role in Assamese music.","The Xutuli is a small conical end-blown wind instrument traditionally made from clay or bamboo in the rural communities of Assam. It is played by blowing air directly into one end, producing a distinctly high-pitched, sharp whistling tone. It is an important traditional wind instrument in Assamese folk music. Its compact size and traditional use make it popular during Bihu celebrations."
xutuli_val5.jpg,xutuli,validation,festival,q1,phrase_3,In which festival is this instrument played?,It is played during Rongali Bihu which is the spring festival of Assam.
xutuli_val5.jpg,xutuli,validation,origin,q2,phrase_3,Where did this instrument originate?,It originated in the rural communities of Assam.
xutuli_val5.jpg,xutuli,validation,material,q3,phrase_3,What material is this instrument made of?,This instrument is made of clay or bamboo.
xutuli_val5.jpg,xutuli,validation,parts,q4,phrase_3,Name the major parts of this instrument.,"The main parts of this instrument are hollow body, blow end, and finger holes."
xutuli_val5.jpg,xutuli,validation,sound,q5,phrase_3,What sound does this instrument produce?,"This instrument produces a high-pitched, sharp whistling sound."
xutuli_val5.jpg,xutuli,validation,traditional_player,q6,phrase_3,Which gender traditionally plays this instrument?,This instrument is traditionally played by both men and women.
xutuli_val5.jpg,xutuli,validation,playing_method,q7,phrase_3,How is this instrument played?,This instrument is played by blowing air into the blow end and covering finger holes.
xutuli_val5.jpg,xutuli,validation,instrument_type,q8,phrase_3,What type of musical instrument is this?,This is a small conical end-blown wind instrument.
xutuli_val5.jpg,xutuli,validation,description,q9,phrase_3,"Give a description of this instrument including its cultural significance, and role in Assamese music.","The Xutuli is a small conical end-blown wind instrument traditionally made from clay or bamboo in the rural communities of Assam. It is played by blowing air directly into one end, producing a distinctly high-pitched, sharp whistling tone. It is an important traditional wind instrument in Assamese folk music. Its compact size and traditional use make it popular during Bihu celebrations."
xutuli_test1.jpg,xutuli,test,festival,q1,phrase_3,In which festival is this instrument played?,It is played during Rongali Bihu which is the spring festival of Assam.
xutuli_test1.jpg,xutuli,test,origin,q2,phrase_3,Where did this instrument originate?,It originated in the rural communities of Assam.
xutuli_test1.jpg,xutuli,test,material,q3,phrase_3,What material is this instrument made of?,This instrument is made of clay or bamboo.
xutuli_test1.jpg,xutuli,test,parts,q4,phrase_3,Name the major parts of this instrument.,"The main parts of this instrument are hollow body, blow end, and finger holes."
xutuli_test1.jpg,xutuli,test,sound,q5,phrase_3,What sound does this instrument produce?,"This instrument produces a high-pitched, sharp whistling sound."
xutuli_test1.jpg,xutuli,test,traditional_player,q6,phrase_3,Which gender traditionally plays this instrument?,This instrument is traditionally played by both men and women.
xutuli_test1.jpg,xutuli,test,playing_method,q7,phrase_3,How is this instrument played?,This instrument is played by blowing air into the blow end and covering finger holes.
xutuli_test1.jpg,xutuli,test,instrument_type,q8,phrase_3,What type of musical instrument is this?,This is a small conical end-blown wind instrument.
xutuli_test1.jpg,xutuli,test,description,q9,phrase_3,"Give a description of this instrument including its cultural significance, and role in Assamese music.","The Xutuli is a small conical end-blown wind instrument traditionally made from clay or bamboo in the rural communities of Assam. It is played by blowing air directly into one end, producing a distinctly high-pitched, sharp whistling tone. It is an important traditional wind instrument in Assamese folk music. Its compact size and traditional use make it popular during Bihu celebrations."
xutuli_test2.jpg,xutuli,test,festival,q1,phrase_3,In which festival is this instrument played?,It is played during Rongali Bihu which is the spring festival of Assam.
xutuli_test2.jpg,xutuli,test,origin,q2,phrase_3,Where did this instrument originate?,It originated in the rural communities of Assam.
xutuli_test2.jpg,xutuli,test,material,q3,phrase_3,What material is this instrument made of?,This instrument is made of clay or bamboo.
xutuli_test2.jpg,xutuli,test,parts,q4,phrase_3,Name the major parts of this instrument.,"The main parts of this instrument are hollow body, blow end, and finger holes."
xutuli_test2.jpg,xutuli,test,sound,q5,phrase_3,What sound does this instrument produce?,"This instrument produces a high-pitched, sharp whistling sound."
xutuli_test2.jpg,xutuli,test,traditional_player,q6,phrase_3,Which gender traditionally plays this instrument?,This instrument is traditionally played by both men and women.
xutuli_test2.jpg,xutuli,test,playing_method,q7,phrase_3,How is this instrument played?,This instrument is played by blowing air into the blow end and covering finger holes.
xutuli_test2.jpg,xutuli,test,instrument_type,q8,phrase_3,What type of musical instrument is this?,This is a small conical end-blown wind instrument.
xutuli_test2.jpg,xutuli,test,description,q9,phrase_3,"Give a description of this instrument including its cultural significance, and role in Assamese music.","The Xutuli is a small conical end-blown wind instrument traditionally made from clay or bamboo in the rural communities of Assam. It is played by blowing air directly into one end, producing a distinctly high-pitched, sharp whistling tone. It is an important traditional wind instrument in Assamese folk music. Its compact size and traditional use make it popular during Bihu celebrations."
xutuli_test3.jpg,xutuli,test,festival,q1,phrase_3,In which festival is this instrument played?,It is played during Rongali Bihu which is the spring festival of Assam.
xutuli_test3.jpg,xutuli,test,origin,q2,phrase_3,Where did this instrument originate?,It originated in the rural communities of Assam.
xutuli_test3.jpg,xutuli,test,material,q3,phrase_3,What material is this instrument made of?,This instrument is made of clay or bamboo.
xutuli_test3.jpg,xutuli,test,parts,q4,phrase_3,Name the major parts of this instrument.,"The main parts of this instrument are hollow body, blow end, and finger holes."
xutuli_test3.jpg,xutuli,test,sound,q5,phrase_3,What sound does this instrument produce?,"This instrument produces a high-pitched, sharp whistling sound."
xutuli_test3.jpg,xutuli,test,traditional_player,q6,phrase_3,Which gender traditionally plays this instrument?,This instrument is traditionally played by both men and women.
xutuli_test3.jpg,xutuli,test,playing_method,q7,phrase_3,How is this instrument played?,This instrument is played by blowing air into the blow end and covering finger holes.
xutuli_test3.jpg,xutuli,test,instrument_type,q8,phrase_3,What type of musical instrument is this?,This is a small conical end-blown wind instrument.
xutuli_test3.jpg,xutuli,test,description,q9,phrase_3,"Give a description of this instrument including its cultural significance, and role in Assamese music.","The Xutuli is a small conical end-blown wind instrument traditionally made from clay or bamboo in the rural communities of Assam. It is played by blowing air directly into one end, producing a distinctly high-pitched, sharp whistling tone. It is an important traditional wind instrument in Assamese folk music. Its compact size and traditional use make it popular during Bihu celebrations."
xutuli_test4.jpg,xutuli,test,festival,q1,phrase_3,In which festival is this instrument played?,It is played during Rongali Bihu which is the spring festival of Assam.
xutuli_test4.jpg,xutuli,test,origin,q2,phrase_3,Where did this instrument originate?,It originated in the rural communities of Assam.
xutuli_test4.jpg,xutuli,test,material,q3,phrase_3,What material is this instrument made of?,This instrument is made of clay or bamboo.
xutuli_test4.jpg,xutuli,test,parts,q4,phrase_3,Name the major parts of this instrument.,"The main parts of this instrument are hollow body, blow end, and finger holes."
xutuli_test4.jpg,xutuli,test,sound,q5,phrase_3,What sound does this instrument produce?,"This instrument produces a high-pitched, sharp whistling sound."
xutuli_test4.jpg,xutuli,test,traditional_player,q6,phrase_3,Which gender traditionally plays this instrument?,This instrument is traditionally played by both men and women.
xutuli_test4.jpg,xutuli,test,playing_method,q7,phrase_3,How is this instrument played?,This instrument is played by blowing air into the blow end and covering finger holes.
xutuli_test4.jpg,xutuli,test,instrument_type,q8,phrase_3,What type of musical instrument is this?,This is a small conical end-blown wind instrument.
xutuli_test4.jpg,xutuli,test,description,q9,phrase_3,"Give a description of this instrument including its cultural significance, and role in Assamese music.","The Xutuli is a small conical end-blown wind instrument traditionally made from clay or bamboo in the rural communities of Assam. It is played by blowing air directly into one end, producing a distinctly high-pitched, sharp whistling tone. It is an important traditional wind instrument in Assamese folk music. Its compact size and traditional use make it popular during Bihu celebrations."
xutuli_test5.jpg,xutuli,test,festival,q1,phrase_3,In which festival is this instrument played?,It is played during Rongali Bihu which is the spring festival of Assam.
xutuli_test5.jpg,xutuli,test,origin,q2,phrase_3,Where did this instrument originate?,It originated in the rural communities of Assam.
xutuli_test5.jpg,xutuli,test,material,q3,phrase_3,What material is this instrument made of?,This instrument is made of clay or bamboo.
xutuli_test5.jpg,xutuli,test,parts,q4,phrase_3,Name the major parts of this instrument.,"The main parts of this instrument are hollow body, blow end, and finger holes."
xutuli_test5.jpg,xutuli,test,sound,q5,phrase_3,What sound does this instrument produce?,"This instrument produces a high-pitched, sharp whistling sound."
xutuli_test5.jpg,xutuli,test,traditional_player,q6,phrase_3,Which gender traditionally plays this instrument?,This instrument is traditionally played by both men and women.
xutuli_test5.jpg,xutuli,test,playing_method,q7,phrase_3,How is this instrument played?,This instrument is played by blowing air into the blow end and covering finger holes.
xutuli_test5.jpg,xutuli,test,instrument_type,q8,phrase_3,What type of musical instrument is this?,This is a small conical end-blown wind instrument.
xutuli_test5.jpg,xutuli,test,description,q9,phrase_3,"Give a description of this instrument including its cultural significance, and role in Assamese music.","The Xutuli is a small conical end-blown wind instrument traditionally made from clay or bamboo in the rural communities of Assam. It is played by blowing air directly into one end, producing a distinctly high-pitched, sharp whistling tone. It is an important traditional wind instrument in Assamese folk music. Its compact size and traditional use make it popular during Bihu celebrations."
bihu_dhol_train1.jpg,bihu_dhol,train,festival,q1,phrase_1,What festival is this instrument played in?,It is played during Rongali Bihu which is the spring festival of Assam.
bihu_dhol_train1.jpg,bihu_dhol,train,origin,q2,phrase_1,What is the origin place of this instrument?,It originated in the Brahmaputra valley of Assam.
bihu_dhol_train1.jpg,bihu_dhol,train,material,q3,phrase_2,Which material is used to make this instrument?,This instrument is made of wood and animal skin.
bihu_dhol_train1.jpg,bihu_dhol,train,parts,q4,phrase_2,List the main parts of this instrument.,"The main parts of this instrument are wooden barrel body, two leather drum heads, and carrying strap."
bihu_dhol_train1.jpg,bihu_dhol,train,sound,q5,phrase_2,What type of sound is produced by this instrument?,"This instrument produces a deep, resonant booming sound."
bihu_dhol_train1.jpg,bihu_dhol,train,traditional_player,q6,phrase_2,Which gender plays this instrument traditionally?,This instrument is traditionally played by men.
bihu_dhol_train1.jpg,bihu_dhol,train,playing_method,q7,phrase_1,How do you play this instrument?,This instrument is played by striking both drumheads with the hands and a stick.
bihu_dhol_train1.jpg,bihu_dhol,train,instrument_type,q8,phrase_1,Which type of musical instrument does this belong to?,This is a double-headed barrel-shaped percussion instrument.
bihu_dhol_train1.jpg,bihu_dhol,train,description,q9,phrase_2,"Explain this instrument's cultural importance, and musical role.","The Dhol is a double-headed barrel drum and the primary rhythm instrument of Assamese folk music. It holds central significance in Rongali Bihu celebrations. Its deep, booming beats accompany Bihu dance performances and are considered the heartbeat of Assamese cultural gatherings."
bihu_dhol_train10.jpg,bihu_dhol,train,festival,q1,phrase_2,During which festival is this instrument played?,It is played during Rongali Bihu which is the spring festival of Assam.
bihu_dhol_train10.jpg,bihu_dhol,train,origin,q2,phrase_2,From which place does this instrument originate?,It originated in the Brahmaputra valley of Assam.
bihu_dhol_train10.jpg,bihu_dhol,train,material,q3,phrase_1,What is this instrument made from?,This instrument is made of wood and animal skin.
bihu_dhol_train10.jpg,bihu_dhol,train,parts,q4,phrase_1,What are the parts of this instrument?,"The main parts of this instrument are wooden barrel body, two leather drum heads, and carrying strap."
bihu_dhol_train10.jpg,bihu_dhol,train,sound,q5,phrase_1,What kind of sound does this instrument make?,"This instrument produces a deep, resonant booming sound."
bihu_dhol_train10.jpg,bihu_dhol,train,traditional_player,q6,phrase_1,Who traditionally plays this instrument?,This instrument is traditionally played by men.
bihu_dhol_train10.jpg,bihu_dhol,train,playing_method,q7,phrase_2,What is the method of playing this instrument?,This instrument is played by striking both drumheads with the hands and a stick.
bihu_dhol_train10.jpg,bihu_dhol,train,instrument_type,q8,phrase_2,What type of musical instrument can this be classified as?,This is a double-headed barrel-shaped percussion instrument.
bihu_dhol_train10.jpg,bihu_dhol,train,description,q9,phrase_1,"Describe this instrument—its cultural significance, and use in Assamese music.","The Dhol is a double-headed barrel drum and the primary rhythm instrument of Assamese folk music. It holds central significance in Rongali Bihu celebrations. Its deep, booming beats accompany Bihu dance performances and are considered the heartbeat of Assamese cultural gatherings."
bihu_dhol_train11.jpg,bihu_dhol,train,festival,q1,phrase_1,What festival is this instrument played in?,It is played during Rongali Bihu which is the spring festival of Assam.
bihu_dhol_train11.jpg,bihu_dhol,train,origin,q2,phrase_2,From which place does this instrument originate?,It originated in the Brahmaputra valley of Assam.
bihu_dhol_train11.jpg,bihu_dhol,train,material,q3,phrase_1,What is this instrument made from?,This instrument is made of wood and animal skin.
bihu_dhol_train11.jpg,bihu_dhol,train,parts,q4,phrase_1,What are the parts of this instrument?,"The main parts of this instrument are wooden barrel body, two leather drum heads, and carrying strap."
bihu_dhol_train11.jpg,bihu_dhol,train,sound,q5,phrase_2,What type of sound is produced by this instrument?,"This instrument produces a deep, resonant booming sound."
bihu_dhol_train11.jpg,bihu_dhol,train,traditional_player,q6,phrase_2,Which gender plays this instrument traditionally?,This instrument is traditionally played by men.
bihu_dhol_train11.jpg,bihu_dhol,train,playing_method,q7,phrase_1,How do you play this instrument?,This instrument is played by striking both drumheads with the hands and a stick.
bihu_dhol_train11.jpg,bihu_dhol,train,instrument_type,q8,phrase_2,What type of musical instrument can this be classified as?,This is a double-headed barrel-shaped percussion instrument.
bihu_dhol_train11.jpg,bihu_dhol,train,description,q9,phrase_2,"Explain this instrument's cultural importance, and musical role.","The Dhol is a double-headed barrel drum and the primary rhythm instrument of Assamese folk music. It holds central significance in Rongali Bihu celebrations. Its deep, booming beats accompany Bihu dance performances and are considered the heartbeat of Assamese cultural gatherings."
bihu_dhol_train12.jpg,bihu_dhol,train,festival,q1,phrase_2,During which festival is this instrument played?,It is played during Rongali Bihu which is the spring festival of Assam.
bihu_dhol_train12.jpg,bihu_dhol,train,origin,q2,phrase_1,What is the origin place of this instrument?,It originated in the Brahmaputra valley of Assam.
bihu_dhol_train12.jpg,bihu_dhol,train,material,q3,phrase_2,Which material is used to make this instrument?,This instrument is made of wood and animal skin.
bihu_dhol_train12.jpg,bihu_dhol,train,parts,q4,phrase_2,List the main parts of this instrument.,"The main parts of this instrument are wooden barrel body, two leather drum heads, and carrying strap."
bihu_dhol_train12.jpg,bihu_dhol,train,sound,q5,phrase_1,What kind of sound does this instrument make?,"This instrument produces a deep, resonant booming sound."
bihu_dhol_train12.jpg,bihu_dhol,train,traditional_player,q6,phrase_1,Who traditionally plays this instrument?,This instrument is traditionally played by men.
bihu_dhol_train12.jpg,bihu_dhol,train,playing_method,q7,phrase_2,What is the method of playing this instrument?,This instrument is played by striking both drumheads with the hands and a stick.
bihu_dhol_train12.jpg,bihu_dhol,train,instrument_type,q8,phrase_1,Which type of musical instrument does this belong to?,This is a double-headed barrel-shaped percussion instrument.
bihu_dhol_train12.jpg,bihu_dhol,train,description,q9,phrase_1,"Describe this instrument—its cultural significance, and use in Assamese music.","The Dhol is a double-headed barrel drum and the primary rhythm instrument of Assamese folk music. It holds central significance in Rongali Bihu celebrations. Its deep, booming beats accompany Bihu dance performances and are considered the heartbeat of Assamese cultural gatherings."
bihu_dhol_train13.jpg,bihu_dhol,train,festival,q1,phrase_2,During which festival is this instrument played?,It is played during Rongali Bihu which is the spring festival of Assam.
bihu_dhol_train13.jpg,bihu_dhol,train,origin,q2,phrase_1,What is the origin place of this instrument?,It originated in the Brahmaputra valley of Assam.
bihu_dhol_train13.jpg,bihu_dhol,train,material,q3,phrase_2,Which material is used to make this instrument?,This instrument is made of wood and animal skin.
bihu_dhol_train13.jpg,bihu_dhol,train,parts,q4,phrase_1,What are the parts of this instrument?,"The main parts of this instrument are wooden barrel body, two leather drum heads, and carrying strap."
bihu_dhol_train13.jpg,bihu_dhol,train,sound,q5,phrase_1,What kind of sound does this instrument make?,"This instrument produces a deep, resonant booming sound."
bihu_dhol_train13.jpg,bihu_dhol,train,traditional_player,q6,phrase_2,Which gender plays this instrument traditionally?,This instrument is traditionally played by men.
bihu_dhol_train13.jpg,bihu_dhol,train,playing_method,q7,phrase_2,What is the method of playing this instrument?,This instrument is played by striking both drumheads with the hands and a stick.
bihu_dhol_train13.jpg,bihu_dhol,train,instrument_type,q8,phrase_2,What type of musical instrument can this be classified as?,This is a double-headed barrel-shaped percussion instrument.
bihu_dhol_train13.jpg,bihu_dhol,train,description,q9,phrase_1,"Describe this instrument—its cultural significance, and use in Assamese music.","The Dhol is a double-headed barrel drum and the primary rhythm instrument of Assamese folk music. It holds central significance in Rongali Bihu celebrations. Its deep, booming beats accompany Bihu dance performances and are considered the heartbeat of Assamese cultural gatherings."
bihu_dhol_train14.jpg,bihu_dhol,train,festival,q1,phrase_1,What festival is this instrument played in?,It is played during Rongali Bihu which is the spring festival of Assam.
bihu_dhol_train14.jpg,bihu_dhol,train,origin,q2,phrase_2,From which place does this instrument originate?,It originated in the Brahmaputra valley of Assam.
bihu_dhol_train14.jpg,bihu_dhol,train,material,q3,phrase_1,What is this instrument made from?,This instrument is made of wood and animal skin.
bihu_dhol_train14.jpg,bihu_dhol,train,parts,q4,phrase_2,List the main parts of this instrument.,"The main parts of this instrument are wooden barrel body, two leather drum heads, and carrying strap."
bihu_dhol_train14.jpg,bihu_dhol,train,sound,q5,phrase_2,What type of sound is produced by this instrument?,"This instrument produces a deep, resonant booming sound."
bihu_dhol_train14.jpg,bihu_dhol,train,traditional_player,q6,phrase_1,Who traditionally plays this instrument?,This instrument is traditionally played by men.
bihu_dhol_train14.jpg,bihu_dhol,train,playing_method,q7,phrase_1,How do you play this instrument?,This instrument is played by striking both drumheads with the hands and a stick.
bihu_dhol_train14.jpg,bihu_dhol,train,instrument_type,q8,phrase_1,Which type of musical instrument does this belong to?,This is a double-headed barrel-shaped percussion instrument.
bihu_dhol_train14.jpg,bihu_dhol,train,description,q9,phrase_2,"Explain this instrument's cultural importance, and musical role.","The Dhol is a double-headed barrel drum and the primary rhythm instrument of Assamese folk music. It holds central significance in Rongali Bihu celebrations. Its deep, booming beats accompany Bihu dance performances and are considered the heartbeat of Assamese cultural gatherings."
bihu_dhol_train15.jpg,bihu_dhol,train,festival,q1,phrase_1,What festival is this instrument played in?,It is played during Rongali Bihu which is the spring festival of Assam.
bihu_dhol_train15.jpg,bihu_dhol,train,origin,q2,phrase_2,From which place does this instrument originate?,It originated in the Brahmaputra valley of Assam.
bihu_dhol_train15.jpg,bihu_dhol,train,material,q3,phrase_2,Which material is used to make this instrument?,This instrument is made of wood and animal skin.
bihu_dhol_train15.jpg,bihu_dhol,train,parts,q4,phrase_2,List the main parts of this instrument.,"The main parts of this instrument are wooden barrel body, two leather drum heads, and carrying strap."
bihu_dhol_train15.jpg,bihu_dhol,train,sound,q5,phrase_2,What type of sound is produced by this instrument?,"This instrument produces a deep, resonant booming sound."
bihu_dhol_train15.jpg,bihu_dhol,train,traditional_player,q6,phrase_1,Who traditionally plays this instrument?,This instrument is traditionally played by men.
bihu_dhol_train15.jpg,bihu_dhol,train,playing_method,q7,phrase_1,How do you play this instrument?,This instrument is played by striking both drumheads with the hands and a stick.
bihu_dhol_train15.jpg,bihu_dhol,train,instrument_type,q8,phrase_1,Which type of musical instrument does this belong to?,This is a double-headed barrel-shaped percussion instrument.
bihu_dhol_train15.jpg,bihu_dhol,train,description,q9,phrase_2,"Explain this instrument's cultural importance, and musical role.","The Dhol is a double-headed barrel drum and the primary rhythm instrument of Assamese folk music. It holds central significance in Rongali Bihu celebrations. Its deep, booming beats accompany Bihu dance performances and are considered the heartbeat of Assamese cultural gatherings."
bihu_dhol_train16.jpg,bihu_dhol,train,festival,q1,phrase_2,During which festival is this instrument played?,It is played during Rongali Bihu which is the spring festival of Assam.
bihu_dhol_train16.jpg,bihu_dhol,train,origin,q2,phrase_1,What is the origin place of this instrument?,It originated in the Brahmaputra valley of Assam.
bihu_dhol_train16.jpg,bihu_dhol,train,material,q3,phrase_1,What is this instrument made from?,This instrument is made of wood and animal skin.
bihu_dhol_train16.jpg,bihu_dhol,train,parts,q4,phrase_1,What are the parts of this instrument?,"The main parts of this instrument are wooden barrel body, two leather drum heads, and carrying strap."
bihu_dhol_train16.jpg,bihu_dhol,train,sound,q5,phrase_1,What kind of sound does this instrument make?,"This instrument produces a deep, resonant booming sound."
bihu_dhol_train16.jpg,bihu_dhol,train,traditional_player,q6,phrase_2,Which gender plays this instrument traditionally?,This instrument is traditionally played by men.
bihu_dhol_train16.jpg,bihu_dhol,train,playing_method,q7,phrase_2,What is the method of playing this instrument?,This instrument is played by striking both drumheads with the hands and a stick.
bihu_dhol_train16.jpg,bihu_dhol,train,instrument_type,q8,phrase_2,What type of musical instrument can this be classified as?,This is a double-headed barrel-shaped percussion instrument.
bihu_dhol_train16.jpg,bihu_dhol,train,description,q9,phrase_1,"Describe this instrument—its cultural significance, and use in Assamese music.","The Dhol is a double-headed barrel drum and the primary rhythm instrument of Assamese folk music. It holds central significance in Rongali Bihu celebrations. Its deep, booming beats accompany Bihu dance performances and are considered the heartbeat of Assamese cultural gatherings."
bihu_dhol_train17.jpg,bihu_dhol,train,festival,q1,phrase_2,During which festival is this instrument played?,It is played during Rongali Bihu which is the spring festival of Assam.
bihu_dhol_train17.jpg,bihu_dhol,train,origin,q2,phrase_2,From which place does this instrument originate?,It originated in the Brahmaputra valley of Assam.
bihu_dhol_train17.jpg,bihu_dhol,train,material,q3,phrase_2,Which material is used to make this instrument?,This instrument is made of wood and animal skin.
bihu_dhol_train17.jpg,bihu_dhol,train,parts,q4,phrase_1,What are the parts of this instrument?,"The main parts of this instrument are wooden barrel body, two leather drum heads, and carrying strap."
bihu_dhol_train17.jpg,bihu_dhol,train,sound,q5,phrase_1,What kind of sound does this instrument make?,"This instrument produces a deep, resonant booming sound."
bihu_dhol_train17.jpg,bihu_dhol,train,traditional_player,q6,phrase_1,Who traditionally plays this instrument?,This instrument is traditionally played by men.
bihu_dhol_train17.jpg,bihu_dhol,train,playing_method,q7,phrase_2,What is the method of playing this instrument?,This instrument is played by striking both drumheads with the hands and a stick.
bihu_dhol_train17.jpg,bihu_dhol,train,instrument_type,q8,phrase_1,Which type of musical instrument does this belong to?,This is a double-headed barrel-shaped percussion instrument.
bihu_dhol_train17.jpg,bihu_dhol,train,description,q9,phrase_2,"Explain this instrument's cultural importance, and musical role.","The Dhol is a double-headed barrel drum and the primary rhythm instrument of Assamese folk music. It holds central significance in Rongali Bihu celebrations. Its deep, booming beats accompany Bihu dance performances and are considered the heartbeat of Assamese cultural gatherings."
bihu_dhol_train18.jpg,bihu_dhol,train,festival,q1,phrase_1,What festival is this instrument played in?,It is played during Rongali Bihu which is the spring festival of Assam.
bihu_dhol_train18.jpg,bihu_dhol,train,origin,q2,phrase_1,What is the origin place of this instrument?,It originated in the Brahmaputra valley of Assam.
bihu_dhol_train18.jpg,bihu_dhol,train,material,q3,phrase_1,What is this instrument made from?,This instrument is made of wood and animal skin.
bihu_dhol_train18.jpg,bihu_dhol,train,parts,q4,phrase_2,List the main parts of this instrument.,"The main parts of this instrument are wooden barrel body, two leather drum heads, and carrying strap."
bihu_dhol_train18.jpg,bihu_dhol,train,sound,q5,phrase_2,What type of sound is produced by this instrument?,"This instrument produces a deep, resonant booming sound."
bihu_dhol_train18.jpg,bihu_dhol,train,traditional_player,q6,phrase_2,Which gender plays this instrument traditionally?,This instrument is traditionally played by men.
bihu_dhol_train18.jpg,bihu_dhol,train,playing_method,q7,phrase_1,How do you play this instrument?,This instrument is played by striking both drumheads with the hands and a stick.
bihu_dhol_train18.jpg,bihu_dhol,train,instrument_type,q8,phrase_2,What type of musical instrument can this be classified as?,This is a double-headed barrel-shaped percussion instrument.
bihu_dhol_train18.jpg,bihu_dhol,train,description,q9,phrase_1,"Describe this instrument—its cultural significance, and use in Assamese music.","The Dhol is a double-headed barrel drum and the primary rhythm instrument of Assamese folk music. It holds central significance in Rongali Bihu celebrations. Its deep, booming beats accompany Bihu dance performances and are considered the heartbeat of Assamese cultural gatherings."
bihu_dhol_train19.jpg,bihu_dhol,train,festival,q1,phrase_2,During which festival is this instrument played?,It is played during Rongali Bihu which is the spring festival of Assam.
bihu_dhol_train19.jpg,bihu_dhol,train,origin,q2,phrase_1,What is the origin place of this instrument?,It originated in the Brahmaputra valley of Assam.
bihu_dhol_train19.jpg,bihu_dhol,train,material,q3,phrase_2,Which material is used to make this instrument?,This instrument is made of wood and animal skin.
bihu_dhol_train19.jpg,bihu_dhol,train,parts,q4,phrase_1,What are the parts of this instrument?,"The main parts of this instrument are wooden barrel body, two leather drum heads, and carrying strap."
bihu_dhol_train19.jpg,bihu_dhol,train,sound,q5,phrase_2,What type of sound is produced by this instrument?,"This instrument produces a deep, resonant booming sound."
bihu_dhol_train19.jpg,bihu_dhol,train,traditional_player,q6,phrase_2,Which gender plays this instrument traditionally?,This instrument is traditionally played by men.
bihu_dhol_train19.jpg,bihu_dhol,train,playing_method,q7,phrase_2,What is the method of playing this instrument?,This instrument is played by striking both drumheads with the hands and a stick.
bihu_dhol_train19.jpg,bihu_dhol,train,instrument_type,q8,phrase_1,Which type of musical instrument does this belong to?,This is a double-headed barrel-shaped percussion instrument.
bihu_dhol_train19.jpg,bihu_dhol,train,description,q9,phrase_1,"Describe this instrument—its cultural significance, and use in Assamese music.","The Dhol is a double-headed barrel drum and the primary rhythm instrument of Assamese folk music. It holds central significance in Rongali Bihu celebrations. Its deep, booming beats accompany Bihu dance performances and are considered the heartbeat of Assamese cultural gatherings."
bihu_dhol_train2.jpg,bihu_dhol,train,festival,q1,phrase_1,What festival is this instrument played in?,It is played during Rongali Bihu which is the spring festival of Assam.
bihu_dhol_train2.jpg,bihu_dhol,train,origin,q2,phrase_2,From which place does this instrument originate?,It originated in the Brahmaputra valley of Assam.
bihu_dhol_train2.jpg,bihu_dhol,train,material,q3,phrase_1,What is this instrument made from?,This instrument is made of wood and animal skin.
bihu_dhol_train2.jpg,bihu_dhol,train,parts,q4,phrase_2,List the main parts of this instrument.,"The main parts of this instrument are wooden barrel body, two leather drum heads, and carrying strap."
bihu_dhol_train2.jpg,bihu_dhol,train,sound,q5,phrase_1,What kind of sound does this instrument make?,"This instrument produces a deep, resonant booming sound."
bihu_dhol_train2.jpg,bihu_dhol,train,traditional_player,q6,phrase_1,Who traditionally plays this instrument?,This instrument is traditionally played by men.
bihu_dhol_train2.jpg,bihu_dhol,train,playing_method,q7,phrase_1,How do you play this instrument?,This instrument is played by striking both drumheads with the hands and a stick.
bihu_dhol_train2.jpg,bihu_dhol,train,instrument_type,q8,phrase_2,What type of musical instrument can this be classified as?,This is a double-headed barrel-shaped percussion instrument.
bihu_dhol_train2.jpg,bihu_dhol,train,description,q9,phrase_2,"Explain this instrument's cultural importance, and musical role.","The Dhol is a double-headed barrel drum and the primary rhythm instrument of Assamese folk music. It holds central significance in Rongali Bihu celebrations. Its deep, booming beats accompany Bihu dance performances and are considered the heartbeat of Assamese cultural gatherings."
bihu_dhol_train20.jpg,bihu_dhol,train,festival,q1,phrase_1,What festival is this instrument played in?,It is played during Rongali Bihu which is the spring festival of Assam.
bihu_dhol_train20.jpg,bihu_dhol,train,origin,q2,phrase_1,What is the origin place of this instrument?,It originated in the Brahmaputra valley of Assam.
bihu_dhol_train20.jpg,bihu_dhol,train,material,q3,phrase_2,Which material is used to make this instrument?,This instrument is made of wood and animal skin.
bihu_dhol_train20.jpg,bihu_dhol,train,parts,q4,phrase_2,List the main parts of this instrument.,"The main parts of this instrument are wooden barrel body, two leather drum heads, and carrying strap."
bihu_dhol_train20.jpg,bihu_dhol,train,sound,q5,phrase_1,What kind of sound does this instrument make?,"This instrument produces a deep, resonant booming sound."
bihu_dhol_train20.jpg,bihu_dhol,train,traditional_player,q6,phrase_1,Who traditionally plays this instrument?,This instrument is traditionally played by men.
bihu_dhol_train20.jpg,bihu_dhol,train,playing_method,q7,phrase_2,What is the method of playing this instrument?,This instrument is played by striking both drumheads with the hands and a stick.
bihu_dhol_train20.jpg,bihu_dhol,train,instrument_type,q8,phrase_2,What type of musical instrument can this be classified as?,This is a double-headed barrel-shaped percussion instrument.
bihu_dhol_train20.jpg,bihu_dhol,train,description,q9,phrase_2,"Explain this instrument's cultural importance, and musical role.","The Dhol is a double-headed barrel drum and the primary rhythm instrument of Assamese folk music. It holds central significance in Rongali Bihu celebrations. Its deep, booming beats accompany Bihu dance performances and are considered the heartbeat of Assamese cultural gatherings."
bihu_dhol_train21.jpg,bihu_dhol,train,festival,q1,phrase_2,During which festival is this instrument played?,It is played during Rongali Bihu which is the spring festival of Assam.
bihu_dhol_train21.jpg,bihu_dhol,train,origin,q2,phrase_2,From which place does this instrument originate?,It originated in the Brahmaputra valley of Assam.
bihu_dhol_train21.jpg,bihu_dhol,train,material,q3,phrase_1,What is this instrument made from?,This instrument is made of wood and animal skin.
bihu_dhol_train21.jpg,bihu_dhol,train,parts,q4,phrase_1,What are the parts of this instrument?,"The main parts of this instrument are wooden barrel body, two leather drum heads, and carrying strap."
bihu_dhol_train21.jpg,bihu_dhol,train,sound,q5,phrase_2,What type of sound is produced by this instrument?,"This instrument produces a deep, resonant booming sound."
bihu_dhol_train21.jpg,bihu_dhol,train,traditional_player,q6,phrase_2,Which gender plays this instrument traditionally?,This instrument is traditionally played by men.
bihu_dhol_train21.jpg,bihu_dhol,train,playing_method,q7,phrase_1,How do you play this instrument?,This instrument is played by striking both drumheads with the hands and a stick.
bihu_dhol_train21.jpg,bihu_dhol,train,instrument_type,q8,phrase_1,Which type of musical instrument does this belong to?,This is a double-headed barrel-shaped percussion instrument.
bihu_dhol_train21.jpg,bihu_dhol,train,description,q9,phrase_1,"Describe this instrument—its cultural significance, and use in Assamese music.","The Dhol is a double-headed barrel drum and the primary rhythm instrument of Assamese folk music. It holds central significance in Rongali Bihu celebrations. Its deep, booming beats accompany Bihu dance performances and are considered the heartbeat of Assamese cultural gatherings."
bihu_dhol_train22.jpg,bihu_dhol,train,festival,q1,phrase_2,During which festival is this instrument played?,It is played during Rongali Bihu which is the spring festival of Assam.
bihu_dhol_train22.jpg,bihu_dhol,train,origin,q2,phrase_1,What is the origin place of this instrument?,It originated in the Brahmaputra valley of Assam.
bihu_dhol_train22.jpg,bihu_dhol,train,material,q3,phrase_2,Which material is used to make this instrument?,This instrument is made of wood and animal skin.
bihu_dhol_train22.jpg,bihu_dhol,train,parts,q4,phrase_2,List the main parts of this instrument.,"The main parts of this instrument are wooden barrel body, two leather drum heads, and carrying strap."
bihu_dhol_train22.jpg,bihu_dhol,train,sound,q5,phrase_1,What kind of sound does this instrument make?,"This instrument produces a deep, resonant booming sound."
bihu_dhol_train22.jpg,bihu_dhol,train,traditional_player,q6,phrase_2,Which gender plays this instrument traditionally?,This instrument is traditionally played by men.
bihu_dhol_train22.jpg,bihu_dhol,train,playing_method,q7,phrase_1,How do you play this instrument?,This instrument is played by striking both drumheads with the hands and a stick.
bihu_dhol_train22.jpg,bihu_dhol,train,instrument_type,q8,phrase_2,What type of musical instrument can this be classified as?,This is a double-headed barrel-shaped percussion instrument.
bihu_dhol_train22.jpg,bihu_dhol,train,description,q9,phrase_1,"Describe this instrument—its cultural significance, and use in Assamese music.","The Dhol is a double-headed barrel drum and the primary rhythm instrument of Assamese folk music. It holds central significance in Rongali Bihu celebrations. Its deep, booming beats accompany Bihu dance performances and are considered the heartbeat of Assamese cultural gatherings."
bihu_dhol_train3.jpg,bihu_dhol,train,festival,q1,phrase_1,What festival is this instrument played in?,It is played during Rongali Bihu which is the spring festival of Assam.
bihu_dhol_train3.jpg,bihu_dhol,train,origin,q2,phrase_2,From which place does this instrument originate?,It originated in the Brahmaputra valley of Assam.
bihu_dhol_train3.jpg,bihu_dhol,train,material,q3,phrase_1,What is this instrument made from?,This instrument is made of wood and animal skin.
bihu_dhol_train3.jpg,bihu_dhol,train,parts,q4,phrase_1,What are the parts of this instrument?,"The main parts of this instrument are wooden barrel body, two leather drum heads, and carrying strap."
bihu_dhol_train3.jpg,bihu_dhol,train,sound,q5,phrase_2,What type of sound is produced by this instrument?,"This instrument produces a deep, resonant booming sound."
bihu_dhol_train3.jpg,bihu_dhol,train,traditional_player,q6,phrase_1,Who traditionally plays this instrument?,This instrument is traditionally played by men.
bihu_dhol_train3.jpg,bihu_dhol,train,playing_method,q7,phrase_2,What is the method of playing this instrument?,This instrument is played by striking both drumheads with the hands and a stick.
bihu_dhol_train3.jpg,bihu_dhol,train,instrument_type,q8,phrase_1,Which type of musical instrument does this belong to?,This is a double-headed barrel-shaped percussion instrument.
bihu_dhol_train3.jpg,bihu_dhol,train,description,q9,phrase_2,"Explain this instrument's cultural importance, and musical role.","The Dhol is a double-headed barrel drum and the primary rhythm instrument of Assamese folk music. It holds central significance in Rongali Bihu celebrations. Its deep, booming beats accompany Bihu dance performances and are considered the heartbeat of Assamese cultural gatherings."
bihu_dhol_train4.jpg,bihu_dhol,train,festival,q1,phrase_1,What festival is this instrument played in?,It is played during Rongali Bihu which is the spring festival of Assam.
bihu_dhol_train4.jpg,bihu_dhol,train,origin,q2,phrase_1,What is the origin place of this instrument?,It originated in the Brahmaputra valley of Assam.
bihu_dhol_train4.jpg,bihu_dhol,train,material,q3,phrase_2,Which material is used to make this instrument?,This instrument is made of wood and animal skin.
bihu_dhol_train4.jpg,bihu_dhol,train,parts,q4,phrase_1,What are the parts of this instrument?,"The main parts of this instrument are wooden barrel body, two leather drum heads, and carrying strap."
bihu_dhol_train4.jpg,bihu_dhol,train,sound,q5,phrase_2,What type of sound is produced by this instrument?,"This instrument produces a deep, resonant booming sound."
bihu_dhol_train4.jpg,bihu_dhol,train,traditional_player,q6,phrase_2,Which gender plays this instrument traditionally?,This instrument is traditionally played by men.
bihu_dhol_train4.jpg,bihu_dhol,train,playing_method,q7,phrase_2,What is the method of playing this instrument?,This instrument is played by striking both drumheads with the hands and a stick.
bihu_dhol_train4.jpg,bihu_dhol,train,instrument_type,q8,phrase_1,Which type of musical instrument does this belong to?,This is a double-headed barrel-shaped percussion instrument.
bihu_dhol_train4.jpg,bihu_dhol,train,description,q9,phrase_2,"Explain this instrument's cultural importance, and musical role.","The Dhol is a double-headed barrel drum and the primary rhythm instrument of Assamese folk music. It holds central significance in Rongali Bihu celebrations. Its deep, booming beats accompany Bihu dance performances and are considered the heartbeat of Assamese cultural gatherings."
bihu_dhol_train5.jpg,bihu_dhol,train,festival,q1,phrase_2,During which festival is this instrument played?,It is played during Rongali Bihu which is the spring festival of Assam.
bihu_dhol_train5.jpg,bihu_dhol,train,origin,q2,phrase_2,From which place does this instrument originate?,It originated in the Brahmaputra valley of Assam.
bihu_dhol_train5.jpg,bihu_dhol,train,material,q3,phrase_1,What is this instrument made from?,This instrument is made of wood and animal skin.
bihu_dhol_train5.jpg,bihu_dhol,train,parts,q4,phrase_2,List the main parts of this instrument.,"The main parts of this instrument are wooden barrel body, two leather drum heads, and carrying strap."
bihu_dhol_train5.jpg,bihu_dhol,train,sound,q5,phrase_1,What kind of sound does this instrument make?,"This instrument produces a deep, resonant booming sound."
bihu_dhol_train5.jpg,bihu_dhol,train,traditional_player,q6,phrase_1,Who traditionally plays this instrument?,This instrument is traditionally played by men.
bihu_dhol_train5.jpg,bihu_dhol,train,playing_method,q7,phrase_1,How do you play this instrument?,This instrument is played by striking both drumheads with the hands and a stick.
bihu_dhol_train5.jpg,bihu_dhol,train,instrument_type,q8,phrase_2,What type of musical instrument can this be classified as?,This is a double-headed barrel-shaped percussion instrument.
bihu_dhol_train5.jpg,bihu_dhol,train,description,q9,phrase_1,"Describe this instrument—its cultural significance, and use in Assamese music.","The Dhol is a double-headed barrel drum and the primary rhythm instrument of Assamese folk music. It holds central significance in Rongali Bihu celebrations. Its deep, booming beats accompany Bihu dance performances and are considered the heartbeat of Assamese cultural gatherings."
bihu_dhol_train6.jpg,bihu_dhol,train,festival,q1,phrase_2,During which festival is this instrument played?,It is played during Rongali Bihu which is the spring festival of Assam.
bihu_dhol_train6.jpg,bihu_dhol,train,origin,q2,phrase_1,What is the origin place of this instrument?,It originated in the Brahmaputra valley of Assam.
bihu_dhol_train6.jpg,bihu_dhol,train,material,q3,phrase_2,Which material is used to make this instrument?,This instrument is made of wood and animal skin.
bihu_dhol_train6.jpg,bihu_dhol,train,parts,q4,phrase_1,What are the parts of this instrument?,"The main parts of this instrument are wooden barrel body, two leather drum heads, and carrying strap."
bihu_dhol_train6.jpg,bihu_dhol,train,sound,q5,phrase_2,What type of sound is produced by this instrument?,"This instrument produces a deep, resonant booming sound."
bihu_dhol_train6.jpg,bihu_dhol,train,traditional_player,q6,phrase_1,Who traditionally plays this instrument?,This instrument is traditionally played by men.
bihu_dhol_train6.jpg,bihu_dhol,train,playing_method,q7,phrase_2,What is the method of playing this instrument?,This instrument is played by striking both drumheads with the hands and a stick.
bihu_dhol_train6.jpg,bihu_dhol,train,instrument_type,q8,phrase_2,What type of musical instrument can this be classified as?,This is a double-headed barrel-shaped percussion instrument.
bihu_dhol_train6.jpg,bihu_dhol,train,description,q9,phrase_1,"Describe this instrument—its cultural significance, and use in Assamese music.","The Dhol is a double-headed barrel drum and the primary rhythm instrument of Assamese folk music. It holds central significance in Rongali Bihu celebrations. Its deep, booming beats accompany Bihu dance performances and are considered the heartbeat of Assamese cultural gatherings."
bihu_dhol_train7.jpg,bihu_dhol,train,festival,q1,phrase_1,What festival is this instrument played in?,It is played during Rongali Bihu which is the spring festival of Assam.
bihu_dhol_train7.jpg,bihu_dhol,train,origin,q2,phrase_2,From which place does this instrument originate?,It originated in the Brahmaputra valley of Assam.
bihu_dhol_train7.jpg,bihu_dhol,train,material,q3,phrase_1,What is this instrument made from?,This instrument is made of wood and animal skin.
bihu_dhol_train7.jpg,bihu_dhol,train,parts,q4,phrase_2,List the main parts of this instrument.,"The main parts of this instrument are wooden barrel body, two leather drum heads, and carrying strap."
bihu_dhol_train7.jpg,bihu_dhol,train,sound,q5,phrase_1,What kind of sound does this instrument make?,"This instrument produces a deep, resonant booming sound."
bihu_dhol_train7.jpg,bihu_dhol,train,traditional_player,q6,phrase_2,Which gender plays this instrument traditionally?,This instrument is traditionally played by men.
bihu_dhol_train7.jpg,bihu_dhol,train,playing_method,q7,phrase_1,How do you play this instrument?,This instrument is played by striking both drumheads with the hands and a stick.
bihu_dhol_train7.jpg,bihu_dhol,train,instrument_type,q8,phrase_1,Which type of musical instrument does this belong to?,This is a double-headed barrel-shaped percussion instrument.
bihu_dhol_train7.jpg,bihu_dhol,train,description,q9,phrase_2,"Explain this instrument's cultural importance, and musical role.","The Dhol is a double-headed barrel drum and the primary rhythm instrument of Assamese folk music. It holds central significance in Rongali Bihu celebrations. Its deep, booming beats accompany Bihu dance performances and are considered the heartbeat of Assamese cultural gatherings."
bihu_dhol_train8.jpg,bihu_dhol,train,festival,q1,phrase_1,What festival is this instrument played in?,It is played during Rongali Bihu which is the spring festival of Assam.
bihu_dhol_train8.jpg,bihu_dhol,train,origin,q2,phrase_2,From which place does this instrument originate?,It originated in the Brahmaputra valley of Assam.
bihu_dhol_train8.jpg,bihu_dhol,train,material,q3,phrase_1,What is this instrument made from?,This instrument is made of wood and animal skin.
bihu_dhol_train8.jpg,bihu_dhol,train,parts,q4,phrase_2,List the main parts of this instrument.,"The main parts of this instrument are wooden barrel body, two leather drum heads, and carrying strap."
bihu_dhol_train8.jpg,bihu_dhol,train,sound,q5,phrase_2,What type of sound is produced by this instrument?,"This instrument produces a deep, resonant booming sound."
bihu_dhol_train8.jpg,bihu_dhol,train,traditional_player,q6,phrase_1,Who traditionally plays this instrument?,This instrument is traditionally played by men.
bihu_dhol_train8.jpg,bihu_dhol,train,playing_method,q7,phrase_2,What is the method of playing this instrument?,This instrument is played by striking both drumheads with the hands and a stick.
bihu_dhol_train8.jpg,bihu_dhol,train,instrument_type,q8,phrase_2,What type of musical instrument can this be classified as?,This is a double-headed barrel-shaped percussion instrument.
bihu_dhol_train8.jpg,bihu_dhol,train,description,q9,phrase_1,"Describe this instrument—its cultural significance, and use in Assamese music.","The Dhol is a double-headed barrel drum and the primary rhythm instrument of Assamese folk music. It holds central significance in Rongali Bihu celebrations. Its deep, booming beats accompany Bihu dance performances and are considered the heartbeat of Assamese cultural gatherings."
bihu_dhol_train9.jpg,bihu_dhol,train,festival,q1,phrase_2,During which festival is this instrument played?,It is played during Rongali Bihu which is the spring festival of Assam.
bihu_dhol_train9.jpg,bihu_dhol,train,origin,q2,phrase_1,What is the origin place of this instrument?,It originated in the Brahmaputra valley of Assam.
bihu_dhol_train9.jpg,bihu_dhol,train,material,q3,phrase_2,Which material is used to make this instrument?,This instrument is made of wood and animal skin.
bihu_dhol_train9.jpg,bihu_dhol,train,parts,q4,phrase_1,What are the parts of this instrument?,"The main parts of this instrument are wooden barrel body, two leather drum heads, and carrying strap."
bihu_dhol_train9.jpg,bihu_dhol,train,sound,q5,phrase_1,What kind of sound does this instrument make?,"This instrument produces a deep, resonant booming sound."
bihu_dhol_train9.jpg,bihu_dhol,train,traditional_player,q6,phrase_2,Which gender plays this instrument traditionally?,This instrument is traditionally played by men.
bihu_dhol_train9.jpg,bihu_dhol,train,playing_method,q7,phrase_1,How do you play this instrument?,This instrument is played by striking both drumheads with the hands and a stick.
bihu_dhol_train9.jpg,bihu_dhol,train,instrument_type,q8,phrase_1,Which type of musical instrument does this belong to?,This is a double-headed barrel-shaped percussion instrument.
bihu_dhol_train9.jpg,bihu_dhol,train,description,q9,phrase_2,"Explain this instrument's cultural importance, and musical role.","The Dhol is a double-headed barrel drum and the primary rhythm instrument of Assamese folk music. It holds central significance in Rongali Bihu celebrations. Its deep, booming beats accompany Bihu dance performances and are considered the heartbeat of Assamese cultural gatherings."
bihu_dhol_val1.jpg,bihu_dhol,validation,festival,q1,phrase_3,In which festival is this instrument played?,It is played during Rongali Bihu which is the spring festival of Assam.
bihu_dhol_val1.jpg,bihu_dhol,validation,origin,q2,phrase_3,Where did this instrument originate?,It originated in the Brahmaputra valley of Assam.
bihu_dhol_val1.jpg,bihu_dhol,validation,material,q3,phrase_3,What material is this instrument made of?,This instrument is made of wood and animal skin.
bihu_dhol_val1.jpg,bihu_dhol,validation,parts,q4,phrase_3,Name the major parts of this instrument.,"The main parts of this instrument are wooden barrel body, two leather drum heads, and carrying strap."
bihu_dhol_val1.jpg,bihu_dhol,validation,sound,q5,phrase_3,What sound does this instrument produce?,"This instrument produces a deep, resonant booming sound."
bihu_dhol_val1.jpg,bihu_dhol,validation,traditional_player,q6,phrase_3,Which gender traditionally plays this instrument?,This instrument is traditionally played by men.
bihu_dhol_val1.jpg,bihu_dhol,validation,playing_method,q7,phrase_3,How is this instrument played?,This instrument is played by striking both drumheads with the hands and a stick.
bihu_dhol_val1.jpg,bihu_dhol,validation,instrument_type,q8,phrase_3,What type of musical instrument is this?,This is a double-headed barrel-shaped percussion instrument.
bihu_dhol_val1.jpg,bihu_dhol,validation,description,q9,phrase_3,"Give a description of this instrument including its cultural significance, and role in Assamese music.","The Dhol is a double-headed barrel drum and the primary rhythm instrument of Assamese folk music. It holds central significance in Rongali Bihu celebrations. Its deep, booming beats accompany Bihu dance performances and are considered the heartbeat of Assamese cultural gatherings."
bihu_dhol_val2.jpg,bihu_dhol,validation,festival,q1,phrase_3,In which festival is this instrument played?,It is played during Rongali Bihu which is the spring festival of Assam.
bihu_dhol_val2.jpg,bihu_dhol,validation,origin,q2,phrase_3,Where did this instrument originate?,It originated in the Brahmaputra valley of Assam.
bihu_dhol_val2.jpg,bihu_dhol,validation,material,q3,phrase_3,What material is this instrument made of?,This instrument is made of wood and animal skin.
bihu_dhol_val2.jpg,bihu_dhol,validation,parts,q4,phrase_3,Name the major parts of this instrument.,"The main parts of this instrument are wooden barrel body, two leather drum heads, and carrying strap."
bihu_dhol_val2.jpg,bihu_dhol,validation,sound,q5,phrase_3,What sound does this instrument produce?,"This instrument produces a deep, resonant booming sound."
bihu_dhol_val2.jpg,bihu_dhol,validation,traditional_player,q6,phrase_3,Which gender traditionally plays this instrument?,This instrument is traditionally played by men.
bihu_dhol_val2.jpg,bihu_dhol,validation,playing_method,q7,phrase_3,How is this instrument played?,This instrument is played by striking both drumheads with the hands and a stick.
bihu_dhol_val2.jpg,bihu_dhol,validation,instrument_type,q8,phrase_3,What type of musical instrument is this?,This is a double-headed barrel-shaped percussion instrument.
bihu_dhol_val2.jpg,bihu_dhol,validation,description,q9,phrase_3,"Give a description of this instrument including its cultural significance, and role in Assamese music.","The Dhol is a double-headed barrel drum and the primary rhythm instrument of Assamese folk music. It holds central significance in Rongali Bihu celebrations. Its deep, booming beats accompany Bihu dance performances and are considered the heartbeat of Assamese cultural gatherings."
bihu_dhol_val3.jpg,bihu_dhol,validation,festival,q1,phrase_3,In which festival is this instrument played?,It is played during Rongali Bihu which is the spring festival of Assam.
bihu_dhol_val3.jpg,bihu_dhol,validation,origin,q2,phrase_3,Where did this instrument originate?,It originated in the Brahmaputra valley of Assam.
bihu_dhol_val3.jpg,bihu_dhol,validation,material,q3,phrase_3,What material is this instrument made of?,This instrument is made of wood and animal skin.
bihu_dhol_val3.jpg,bihu_dhol,validation,parts,q4,phrase_3,Name the major parts of this instrument.,"The main parts of this instrument are wooden barrel body, two leather drum heads, and carrying strap."
bihu_dhol_val3.jpg,bihu_dhol,validation,sound,q5,phrase_3,What sound does this instrument produce?,"This instrument produces a deep, resonant booming sound."
bihu_dhol_val3.jpg,bihu_dhol,validation,traditional_player,q6,phrase_3,Which gender traditionally plays this instrument?,This instrument is traditionally played by men.
bihu_dhol_val3.jpg,bihu_dhol,validation,playing_method,q7,phrase_3,How is this instrument played?,This instrument is played by striking both drumheads with the hands and a stick.
bihu_dhol_val3.jpg,bihu_dhol,validation,instrument_type,q8,phrase_3,What type of musical instrument is this?,This is a double-headed barrel-shaped percussion instrument.
bihu_dhol_val3.jpg,bihu_dhol,validation,description,q9,phrase_3,"Give a description of this instrument including its cultural significance, and role in Assamese music.","The Dhol is a double-headed barrel drum and the primary rhythm instrument of Assamese folk music. It holds central significance in Rongali Bihu celebrations. Its deep, booming beats accompany Bihu dance performances and are considered the heartbeat of Assamese cultural gatherings."
bihu_dhol_val4.jpg,bihu_dhol,validation,festival,q1,phrase_3,In which festival is this instrument played?,It is played during Rongali Bihu which is the spring festival of Assam.
bihu_dhol_val4.jpg,bihu_dhol,validation,origin,q2,phrase_3,Where did this instrument originate?,It originated in the Brahmaputra valley of Assam.
bihu_dhol_val4.jpg,bihu_dhol,validation,material,q3,phrase_3,What material is this instrument made of?,This instrument is made of wood and animal skin.
bihu_dhol_val4.jpg,bihu_dhol,validation,parts,q4,phrase_3,Name the major parts of this instrument.,"The main parts of this instrument are wooden barrel body, two leather drum heads, and carrying strap."
bihu_dhol_val4.jpg,bihu_dhol,validation,sound,q5,phrase_3,What sound does this instrument produce?,"This instrument produces a deep, resonant booming sound."
bihu_dhol_val4.jpg,bihu_dhol,validation,traditional_player,q6,phrase_3,Which gender traditionally plays this instrument?,This instrument is traditionally played by men.
bihu_dhol_val4.jpg,bihu_dhol,validation,playing_method,q7,phrase_3,How is this instrument played?,This instrument is played by striking both drumheads with the hands and a stick.
bihu_dhol_val4.jpg,bihu_dhol,validation,instrument_type,q8,phrase_3,What type of musical instrument is this?,This is a double-headed barrel-shaped percussion instrument.
bihu_dhol_val4.jpg,bihu_dhol,validation,description,q9,phrase_3,"Give a description of this instrument including its cultural significance, and role in Assamese music.","The Dhol is a double-headed barrel drum and the primary rhythm instrument of Assamese folk music. It holds central significance in Rongali Bihu celebrations. Its deep, booming beats accompany Bihu dance performances and are considered the heartbeat of Assamese cultural gatherings."
bihu_dhol_val5.jpg,bihu_dhol,validation,festival,q1,phrase_3,In which festival is this instrument played?,It is played during Rongali Bihu which is the spring festival of Assam.
bihu_dhol_val5.jpg,bihu_dhol,validation,origin,q2,phrase_3,Where did this instrument originate?,It originated in the Brahmaputra valley of Assam.
bihu_dhol_val5.jpg,bihu_dhol,validation,material,q3,phrase_3,What material is this instrument made of?,This instrument is made of wood and animal skin.
bihu_dhol_val5.jpg,bihu_dhol,validation,parts,q4,phrase_3,Name the major parts of this instrument.,"The main parts of this instrument are wooden barrel body, two leather drum heads, and carrying strap."
bihu_dhol_val5.jpg,bihu_dhol,validation,sound,q5,phrase_3,What sound does this instrument produce?,"This instrument produces a deep, resonant booming sound."
bihu_dhol_val5.jpg,bihu_dhol,validation,traditional_player,q6,phrase_3,Which gender traditionally plays this instrument?,This instrument is traditionally played by men.
bihu_dhol_val5.jpg,bihu_dhol,validation,playing_method,q7,phrase_3,How is this instrument played?,This instrument is played by striking both drumheads with the hands and a stick.
bihu_dhol_val5.jpg,bihu_dhol,validation,instrument_type,q8,phrase_3,What type of musical instrument is this?,This is a double-headed barrel-shaped percussion instrument.
bihu_dhol_val5.jpg,bihu_dhol,validation,description,q9,phrase_3,"Give a description of this instrument including its cultural significance, and role in Assamese music.","The Dhol is a double-headed barrel drum and the primary rhythm instrument of Assamese folk music. It holds central significance in Rongali Bihu celebrations. Its deep, booming beats accompany Bihu dance performances and are considered the heartbeat of Assamese cultural gatherings."
bihu_dhol_test1.jpg,bihu_dhol,test,festival,q1,phrase_3,In which festival is this instrument played?,It is played during Rongali Bihu which is the spring festival of Assam.
bihu_dhol_test1.jpg,bihu_dhol,test,origin,q2,phrase_3,Where did this instrument originate?,It originated in the Brahmaputra valley of Assam.
bihu_dhol_test1.jpg,bihu_dhol,test,material,q3,phrase_3,What material is this instrument made of?,This instrument is made of wood and animal skin.
bihu_dhol_test1.jpg,bihu_dhol,test,parts,q4,phrase_3,Name the major parts of this instrument.,"The main parts of this instrument are wooden barrel body, two leather drum heads, and carrying strap."
bihu_dhol_test1.jpg,bihu_dhol,test,sound,q5,phrase_3,What sound does this instrument produce?,"This instrument produces a deep, resonant booming sound."
bihu_dhol_test1.jpg,bihu_dhol,test,traditional_player,q6,phrase_3,Which gender traditionally plays this instrument?,This instrument is traditionally played by men.
bihu_dhol_test1.jpg,bihu_dhol,test,playing_method,q7,phrase_3,How is this instrument played?,This instrument is played by striking both drumheads with the hands and a stick.
bihu_dhol_test1.jpg,bihu_dhol,test,instrument_type,q8,phrase_3,What type of musical instrument is this?,This is a double-headed barrel-shaped percussion instrument.
bihu_dhol_test1.jpg,bihu_dhol,test,description,q9,phrase_3,"Give a description of this instrument including its cultural significance, and role in Assamese music.","The Dhol is a double-headed barrel drum and the primary rhythm instrument of Assamese folk music. It holds central significance in Rongali Bihu celebrations. Its deep, booming beats accompany Bihu dance performances and are considered the heartbeat of Assamese cultural gatherings."
bihu_dhol_test2.jpg,bihu_dhol,test,festival,q1,phrase_3,In which festival is this instrument played?,It is played during Rongali Bihu which is the spring festival of Assam.
bihu_dhol_test2.jpg,bihu_dhol,test,origin,q2,phrase_3,Where did this instrument originate?,It originated in the Brahmaputra valley of Assam.
bihu_dhol_test2.jpg,bihu_dhol,test,material,q3,phrase_3,What material is this instrument made of?,This instrument is made of wood and animal skin.
bihu_dhol_test2.jpg,bihu_dhol,test,parts,q4,phrase_3,Name the major parts of this instrument.,"The main parts of this instrument are wooden barrel body, two leather drum heads, and carrying strap."
bihu_dhol_test2.jpg,bihu_dhol,test,sound,q5,phrase_3,What sound does this instrument produce?,"This instrument produces a deep, resonant booming sound."
bihu_dhol_test2.jpg,bihu_dhol,test,traditional_player,q6,phrase_3,Which gender traditionally plays this instrument?,This instrument is traditionally played by men.
bihu_dhol_test2.jpg,bihu_dhol,test,playing_method,q7,phrase_3,How is this instrument played?,This instrument is played by striking both drumheads with the hands and a stick.
bihu_dhol_test2.jpg,bihu_dhol,test,instrument_type,q8,phrase_3,What type of musical instrument is this?,This is a double-headed barrel-shaped percussion instrument.
bihu_dhol_test2.jpg,bihu_dhol,test,description,q9,phrase_3,"Give a description of this instrument including its cultural significance, and role in Assamese music.","The Dhol is a double-headed barrel drum and the primary rhythm instrument of Assamese folk music. It holds central significance in Rongali Bihu celebrations. Its deep, booming beats accompany Bihu dance performances and are considered the heartbeat of Assamese cultural gatherings."
bihu_dhol_test3.jpg,bihu_dhol,test,festival,q1,phrase_3,In which festival is this instrument played?,It is played during Rongali Bihu which is the spring festival of Assam.
bihu_dhol_test3.jpg,bihu_dhol,test,origin,q2,phrase_3,Where did this instrument originate?,It originated in the Brahmaputra valley of Assam.
bihu_dhol_test3.jpg,bihu_dhol,test,material,q3,phrase_3,What material is this instrument made of?,This instrument is made of wood and animal skin.
bihu_dhol_test3.jpg,bihu_dhol,test,parts,q4,phrase_3,Name the major parts of this instrument.,"The main parts of this instrument are wooden barrel body, two leather drum heads, and carrying strap."
bihu_dhol_test3.jpg,bihu_dhol,test,sound,q5,phrase_3,What sound does this instrument produce?,"This instrument produces a deep, resonant booming sound."
bihu_dhol_test3.jpg,bihu_dhol,test,traditional_player,q6,phrase_3,Which gender traditionally plays this instrument?,This instrument is traditionally played by men.
bihu_dhol_test3.jpg,bihu_dhol,test,playing_method,q7,phrase_3,How is this instrument played?,This instrument is played by striking both drumheads with the hands and a stick.
bihu_dhol_test3.jpg,bihu_dhol,test,instrument_type,q8,phrase_3,What type of musical instrument is this?,This is a double-headed barrel-shaped percussion instrument.
bihu_dhol_test3.jpg,bihu_dhol,test,description,q9,phrase_3,"Give a description of this instrument including its cultural significance, and role in Assamese music.","The Dhol is a double-headed barrel drum and the primary rhythm instrument of Assamese folk music. It holds central significance in Rongali Bihu celebrations. Its deep, booming beats accompany Bihu dance performances and are considered the heartbeat of Assamese cultural gatherings."
bihu_dhol_test4.jpg,bihu_dhol,test,festival,q1,phrase_3,In which festival is this instrument played?,It is played during Rongali Bihu which is the spring festival of Assam.
bihu_dhol_test4.jpg,bihu_dhol,test,origin,q2,phrase_3,Where did this instrument originate?,It originated in the Brahmaputra valley of Assam.
bihu_dhol_test4.jpg,bihu_dhol,test,material,q3,phrase_3,What material is this instrument made of?,This instrument is made of wood and animal skin.
bihu_dhol_test4.jpg,bihu_dhol,test,parts,q4,phrase_3,Name the major parts of this instrument.,"The main parts of this instrument are wooden barrel body, two leather drum heads, and carrying strap."
bihu_dhol_test4.jpg,bihu_dhol,test,sound,q5,phrase_3,What sound does this instrument produce?,"This instrument produces a deep, resonant booming sound."
bihu_dhol_test4.jpg,bihu_dhol,test,traditional_player,q6,phrase_3,Which gender traditionally plays this instrument?,This instrument is traditionally played by men.
bihu_dhol_test4.jpg,bihu_dhol,test,playing_method,q7,phrase_3,How is this instrument played?,This instrument is played by striking both drumheads with the hands and a stick.
bihu_dhol_test4.jpg,bihu_dhol,test,instrument_type,q8,phrase_3,What type of musical instrument is this?,This is a double-headed barrel-shaped percussion instrument.
bihu_dhol_test4.jpg,bihu_dhol,test,description,q9,phrase_3,"Give a description of this instrument including its cultural significance, and role in Assamese music.","The Dhol is a double-headed barrel drum and the primary rhythm instrument of Assamese folk music. It holds central significance in Rongali Bihu celebrations. Its deep, booming beats accompany Bihu dance performances and are considered the heartbeat of Assamese cultural gatherings."
bihu_dhol_test5.jpg,bihu_dhol,test,festival,q1,phrase_3,In which festival is this instrument played?,It is played during Rongali Bihu which is the spring festival of Assam.
bihu_dhol_test5.jpg,bihu_dhol,test,origin,q2,phrase_3,Where did this instrument originate?,It originated in the Brahmaputra valley of Assam.
bihu_dhol_test5.jpg,bihu_dhol,test,material,q3,phrase_3,What material is this instrument made of?,This instrument is made of wood and animal skin.
bihu_dhol_test5.jpg,bihu_dhol,test,parts,q4,phrase_3,Name the major parts of this instrument.,"The main parts of this instrument are wooden barrel body, two leather drum heads, and carrying strap."
bihu_dhol_test5.jpg,bihu_dhol,test,sound,q5,phrase_3,What sound does this instrument produce?,"This instrument produces a deep, resonant booming sound."
bihu_dhol_test5.jpg,bihu_dhol,test,traditional_player,q6,phrase_3,Which gender traditionally plays this instrument?,This instrument is traditionally played by men.
bihu_dhol_test5.jpg,bihu_dhol,test,playing_method,q7,phrase_3,How is this instrument played?,This instrument is played by striking both drumheads with the hands and a stick.
bihu_dhol_test5.jpg,bihu_dhol,test,instrument_type,q8,phrase_3,What type of musical instrument is this?,This is a double-headed barrel-shaped percussion instrument.
bihu_dhol_test5.jpg,bihu_dhol,test,description,q9,phrase_3,"Give a description of this instrument including its cultural significance, and role in Assamese music.","The Dhol is a double-headed barrel drum and the primary rhythm instrument of Assamese folk music. It holds central significance in Rongali Bihu celebrations. Its deep, booming beats accompany Bihu dance performances and are considered the heartbeat of Assamese cultural gatherings."
pepa_train1.jpg,pepa,train,festival,q1,phrase_2,During which festival is this instrument played?,It is played during Rongali Bihu which is the spring festival of Assam.
pepa_train1.jpg,pepa,train,origin,q2,phrase_1,What is the origin place of this instrument?,It originated in the plains of Assam.
pepa_train1.jpg,pepa,train,material,q3,phrase_2,Which material is used to make this instrument?,This instrument is made of buffalo horn and bamboo.
pepa_train1.jpg,pepa,train,parts,q4,phrase_2,List the main parts of this instrument.,"The main parts of this instrument are buffalo horn body, reed and mouthpiece opening."
pepa_train1.jpg,pepa,train,sound,q5,phrase_1,What kind of sound does this instrument make?,"This instrument produces a sharp, nasal, piercing sound."
pepa_train1.jpg,pepa,train,traditional_player,q6,phrase_1,Who traditionally plays this instrument?,This instrument is traditionally played by men.
pepa_train1.jpg,pepa,train,playing_method,q7,phrase_1,How do you play this instrument?,This instrument is played by blowing air through the mouthpiece.
pepa_train1.jpg,pepa,train,instrument_type,q8,phrase_2,What type of musical instrument can this be classified as?,This is a free-reed wind instrument made from buffalo horn and bamboo.
pepa_train1.jpg,pepa,train,description,q9,phrase_2,"Explain this instrument's cultural importance, and musical role.","The Pepa is a traditional Assamese wind instrument crafted from the horn of a male buffalo fitted with a small reed made from bamboo, cane, or wood. It is inseparable from Rongali Bihu celebrations and is recognized as one of the most iconic symbols of Assamese folk culture. Its sharp, nasal tone accompanies Bihu dance performances. It is traditionally played by young men during Bihu festivities."
pepa_train10.jpg,pepa,train,festival,q1,phrase_1,What festival is this instrument played in?,It is played during Rongali Bihu which is the spring festival of Assam.
pepa_train10.jpg,pepa,train,origin,q2,phrase_2,From which place does this instrument originate?,It originated in the plains of Assam.
pepa_train10.jpg,pepa,train,material,q3,phrase_1,What is this instrument made from?,This instrument is made of buffalo horn and bamboo.
pepa_train10.jpg,pepa,train,parts,q4,phrase_1,What are the parts of this instrument?,"The main parts of this instrument are buffalo horn body, reed and mouthpiece opening."
pepa_train10.jpg,pepa,train,sound,q5,phrase_2,What type of sound is produced by this instrument?,"This instrument produces a sharp, nasal, piercing sound."
pepa_train10.jpg,pepa,train,traditional_player,q6,phrase_2,Which gender plays this instrument traditionally?,This instrument is traditionally played by men.
pepa_train10.jpg,pepa,train,playing_method,q7,phrase_2,What is the method of playing this instrument?,This instrument is played by blowing air through the mouthpiece.
pepa_train10.jpg,pepa,train,instrument_type,q8,phrase_1,Which type of musical instrument does this belong to?,This is a free-reed wind instrument made from buffalo horn and bamboo.
pepa_train10.jpg,pepa,train,description,q9,phrase_1,"Describe this instrument—its cultural significance, and use in Assamese music.","The Pepa is a traditional Assamese wind instrument crafted from the horn of a male buffalo fitted with a small reed made from bamboo, cane, or wood. It is inseparable from Rongali Bihu celebrations and is recognized as one of the most iconic symbols of Assamese folk culture. Its sharp, nasal tone accompanies Bihu dance performances. It is traditionally played by young men during Bihu festivities."
pepa_train11.jpg,pepa,train,festival,q1,phrase_1,What festival is this instrument played in?,It is played during Rongali Bihu which is the spring festival of Assam.
pepa_train11.jpg,pepa,train,origin,q2,phrase_2,From which place does this instrument originate?,It originated in the plains of Assam.
pepa_train11.jpg,pepa,train,material,q3,phrase_2,Which material is used to make this instrument?,This instrument is made of buffalo horn and bamboo.
pepa_train11.jpg,pepa,train,parts,q4,phrase_2,List the main parts of this instrument.,"The main parts of this instrument are buffalo horn body, reed and mouthpiece opening."
pepa_train11.jpg,pepa,train,sound,q5,phrase_2,What type of sound is produced by this instrument?,"This instrument produces a sharp, nasal, piercing sound."
pepa_train11.jpg,pepa,train,traditional_player,q6,phrase_1,Who traditionally plays this instrument?,This instrument is traditionally played by men.
pepa_train11.jpg,pepa,train,playing_method,q7,phrase_1,How do you play this instrument?,This instrument is played by blowing air through the mouthpiece.
pepa_train11.jpg,pepa,train,instrument_type,q8,phrase_2,What type of musical instrument can this be classified as?,This is a free-reed wind instrument made from buffalo horn and bamboo.
pepa_train11.jpg,pepa,train,description,q9,phrase_1,"Describe this instrument—its cultural significance, and use in Assamese music.","The Pepa is a traditional Assamese wind instrument crafted from the horn of a male buffalo fitted with a small reed made from bamboo, cane, or wood. It is inseparable from Rongali Bihu celebrations and is recognized as one of the most iconic symbols of Assamese folk culture. Its sharp, nasal tone accompanies Bihu dance performances. It is traditionally played by young men during Bihu festivities."
pepa_train12.jpg,pepa,train,festival,q1,phrase_2,During which festival is this instrument played?,It is played during Rongali Bihu which is the spring festival of Assam.
pepa_train12.jpg,pepa,train,origin,q2,phrase_1,What is the origin place of this instrument?,It originated in the plains of Assam.
pepa_train12.jpg,pepa,train,material,q3,phrase_1,What is this instrument made from?,This instrument is made of buffalo horn and bamboo.
pepa_train12.jpg,pepa,train,parts,q4,phrase_1,What are the parts of this instrument?,"The main parts of this instrument are buffalo horn body, reed and mouthpiece opening."
pepa_train12.jpg,pepa,train,sound,q5,phrase_1,What kind of sound does this instrument make?,"This instrument produces a sharp, nasal, piercing sound."
pepa_train12.jpg,pepa,train,traditional_player,q6,phrase_2,Which gender plays this instrument traditionally?,This instrument is traditionally played by men.
pepa_train12.jpg,pepa,train,playing_method,q7,phrase_2,What is the method of playing this instrument?,This instrument is played by blowing air through the mouthpiece.
pepa_train12.jpg,pepa,train,instrument_type,q8,phrase_1,Which type of musical instrument does this belong to?,This is a free-reed wind instrument made from buffalo horn and bamboo.
pepa_train12.jpg,pepa,train,description,q9,phrase_2,"Explain this instrument's cultural importance, and musical role.","The Pepa is a traditional Assamese wind instrument crafted from the horn of a male buffalo fitted with a small reed made from bamboo, cane, or wood. It is inseparable from Rongali Bihu celebrations and is recognized as one of the most iconic symbols of Assamese folk culture. Its sharp, nasal tone accompanies Bihu dance performances. It is traditionally played by young men during Bihu festivities."
pepa_train13.jpg,pepa,train,festival,q1,phrase_1,What festival is this instrument played in?,It is played during Rongali Bihu which is the spring festival of Assam.
pepa_train13.jpg,pepa,train,origin,q2,phrase_2,From which place does this instrument originate?,It originated in the plains of Assam.
pepa_train13.jpg,pepa,train,material,q3,phrase_2,Which material is used to make this instrument?,This instrument is made of buffalo horn and bamboo.
pepa_train13.jpg,pepa,train,parts,q4,phrase_2,List the main parts of this instrument.,"The main parts of this instrument are buffalo horn body, reed and mouthpiece opening."
pepa_train13.jpg,pepa,train,sound,q5,phrase_1,What kind of sound does this instrument make?,"This instrument produces a sharp, nasal, piercing sound."
pepa_train13.jpg,pepa,train,traditional_player,q6,phrase_2,Which gender plays this instrument traditionally?,This instrument is traditionally played by men.
pepa_train13.jpg,pepa,train,playing_method,q7,phrase_1,How do you play this instrument?,This instrument is played by blowing air through the mouthpiece.
pepa_train13.jpg,pepa,train,instrument_type,q8,phrase_1,Which type of musical instrument does this belong to?,This is a free-reed wind instrument made from buffalo horn and bamboo.
pepa_train13.jpg,pepa,train,description,q9,phrase_2,"Explain this instrument's cultural importance, and musical role.","The Pepa is a traditional Assamese wind instrument crafted from the horn of a male buffalo fitted with a small reed made from bamboo, cane, or wood. It is inseparable from Rongali Bihu celebrations and is recognized as one of the most iconic symbols of Assamese folk culture. Its sharp, nasal tone accompanies Bihu dance performances. It is traditionally played by young men during Bihu festivities."
pepa_train14.jpg,pepa,train,festival,q1,phrase_2,During which festival is this instrument played?,It is played during Rongali Bihu which is the spring festival of Assam.
pepa_train14.jpg,pepa,train,origin,q2,phrase_1,What is the origin place of this instrument?,It originated in the plains of Assam.
pepa_train14.jpg,pepa,train,material,q3,phrase_1,What is this instrument made from?,This instrument is made of buffalo horn and bamboo.
pepa_train14.jpg,pepa,train,parts,q4,phrase_1,What are the parts of this instrument?,"The main parts of this instrument are buffalo horn body, reed and mouthpiece opening."
pepa_train14.jpg,pepa,train,sound,q5,phrase_2,What type of sound is produced by this instrument?,"This instrument produces a sharp, nasal, piercing sound."
pepa_train14.jpg,pepa,train,traditional_player,q6,phrase_1,Who traditionally plays this instrument?,This instrument is traditionally played by men.
pepa_train14.jpg,pepa,train,playing_method,q7,phrase_2,What is the method of playing this instrument?,This instrument is played by blowing air through the mouthpiece.
pepa_train14.jpg,pepa,train,instrument_type,q8,phrase_2,What type of musical instrument can this be classified as?,This is a free-reed wind instrument made from buffalo horn and bamboo.
pepa_train14.jpg,pepa,train,description,q9,phrase_1,"Describe this instrument—its cultural significance, and use in Assamese music.","The Pepa is a traditional Assamese wind instrument crafted from the horn of a male buffalo fitted with a small reed made from bamboo, cane, or wood. It is inseparable from Rongali Bihu celebrations and is recognized as one of the most iconic symbols of Assamese folk culture. Its sharp, nasal tone accompanies Bihu dance performances. It is traditionally played by young men during Bihu festivities."
pepa_train15.jpg,pepa,train,festival,q1,phrase_2,During which festival is this instrument played?,It is played during Rongali Bihu which is the spring festival of Assam.
pepa_train15.jpg,pepa,train,origin,q2,phrase_2,From which place does this instrument originate?,It originated in the plains of Assam.
pepa_train15.jpg,pepa,train,material,q3,phrase_2,Which material is used to make this instrument?,This instrument is made of buffalo horn and bamboo.
pepa_train15.jpg,pepa,train,parts,q4,phrase_1,What are the parts of this instrument?,"The main parts of this instrument are buffalo horn body, reed and mouthpiece opening."
pepa_train15.jpg,pepa,train,sound,q5,phrase_1,What kind of sound does this instrument make?,"This instrument produces a sharp, nasal, piercing sound."
pepa_train15.jpg,pepa,train,traditional_player,q6,phrase_1,Who traditionally plays this instrument?,This instrument is traditionally played by men.
pepa_train15.jpg,pepa,train,playing_method,q7,phrase_2,What is the method of playing this instrument?,This instrument is played by blowing air through the mouthpiece.
pepa_train15.jpg,pepa,train,instrument_type,q8,phrase_1,Which type of musical instrument does this belong to?,This is a free-reed wind instrument made from buffalo horn and bamboo.
pepa_train15.jpg,pepa,train,description,q9,phrase_2,"Explain this instrument's cultural importance, and musical role.","The Pepa is a traditional Assamese wind instrument crafted from the horn of a male buffalo fitted with a small reed made from bamboo, cane, or wood. It is inseparable from Rongali Bihu celebrations and is recognized as one of the most iconic symbols of Assamese folk culture. Its sharp, nasal tone accompanies Bihu dance performances. It is traditionally played by young men during Bihu festivities."
pepa_train16.jpg,pepa,train,festival,q1,phrase_1,What festival is this instrument played in?,It is played during Rongali Bihu which is the spring festival of Assam.
pepa_train16.jpg,pepa,train,origin,q2,phrase_1,What is the origin place of this instrument?,It originated in the plains of Assam.
pepa_train16.jpg,pepa,train,material,q3,phrase_1,What is this instrument made from?,This instrument is made of buffalo horn and bamboo.
pepa_train16.jpg,pepa,train,parts,q4,phrase_2,List the main parts of this instrument.,"The main parts of this instrument are buffalo horn body, reed and mouthpiece opening."
pepa_train16.jpg,pepa,train,sound,q5,phrase_2,What type of sound is produced by this instrument?,"This instrument produces a sharp, nasal, piercing sound."
pepa_train16.jpg,pepa,train,traditional_player,q6,phrase_2,Which gender plays this instrument traditionally?,This instrument is traditionally played by men.
pepa_train16.jpg,pepa,train,playing_method,q7,phrase_1,How do you play this instrument?,This instrument is played by blowing air through the mouthpiece.
pepa_train16.jpg,pepa,train,instrument_type,q8,phrase_2,What type of musical instrument can this be classified as?,This is a free-reed wind instrument made from buffalo horn and bamboo.
pepa_train16.jpg,pepa,train,description,q9,phrase_1,"Describe this instrument—its cultural significance, and use in Assamese music.","The Pepa is a traditional Assamese wind instrument crafted from the horn of a male buffalo fitted with a small reed made from bamboo, cane, or wood. It is inseparable from Rongali Bihu celebrations and is recognized as one of the most iconic symbols of Assamese folk culture. Its sharp, nasal tone accompanies Bihu dance performances. It is traditionally played by young men during Bihu festivities."
pepa_train17.jpg,pepa,train,festival,q1,phrase_1,What festival is this instrument played in?,It is played during Rongali Bihu which is the spring festival of Assam.
pepa_train17.jpg,pepa,train,origin,q2,phrase_2,From which place does this instrument originate?,It originated in the plains of Assam.
pepa_train17.jpg,pepa,train,material,q3,phrase_1,What is this instrument made from?,This instrument is made of buffalo horn and bamboo.
pepa_train17.jpg,pepa,train,parts,q4,phrase_2,List the main parts of this instrument.,"The main parts of this instrument are buffalo horn body, reed and mouthpiece opening."
pepa_train17.jpg,pepa,train,sound,q5,phrase_1,What kind of sound does this instrument make?,"This instrument produces a sharp, nasal, piercing sound."
pepa_train17.jpg,pepa,train,traditional_player,q6,phrase_2,Which gender plays this instrument traditionally?,This instrument is traditionally played by men.
pepa_train17.jpg,pepa,train,playing_method,q7,phrase_1,How do you play this instrument?,This instrument is played by blowing air through the mouthpiece.
pepa_train17.jpg,pepa,train,instrument_type,q8,phrase_2,What type of musical instrument can this be classified as?,This is a free-reed wind instrument made from buffalo horn and bamboo.
pepa_train17.jpg,pepa,train,description,q9,phrase_2,"Explain this instrument's cultural importance, and musical role.","The Pepa is a traditional Assamese wind instrument crafted from the horn of a male buffalo fitted with a small reed made from bamboo, cane, or wood. It is inseparable from Rongali Bihu celebrations and is recognized as one of the most iconic symbols of Assamese folk culture. Its sharp, nasal tone accompanies Bihu dance performances. It is traditionally played by young men during Bihu festivities."
pepa_train18.jpg,pepa,train,festival,q1,phrase_2,During which festival is this instrument played?,It is played during Rongali Bihu which is the spring festival of Assam.
pepa_train18.jpg,pepa,train,origin,q2,phrase_1,What is the origin place of this instrument?,It originated in the plains of Assam.
pepa_train18.jpg,pepa,train,material,q3,phrase_2,Which material is used to make this instrument?,This instrument is made of buffalo horn and bamboo.
pepa_train18.jpg,pepa,train,parts,q4,phrase_1,What are the parts of this instrument?,"The main parts of this instrument are buffalo horn body, reed and mouthpiece opening."
pepa_train18.jpg,pepa,train,sound,q5,phrase_2,What type of sound is produced by this instrument?,"This instrument produces a sharp, nasal, piercing sound."
pepa_train18.jpg,pepa,train,traditional_player,q6,phrase_1,Who traditionally plays this instrument?,This instrument is traditionally played by men.
pepa_train18.jpg,pepa,train,playing_method,q7,phrase_2,What is the method of playing this instrument?,This instrument is played by blowing air through the mouthpiece.
pepa_train18.jpg,pepa,train,instrument_type,q8,phrase_1,Which type of musical instrument does this belong to?,This is a free-reed wind instrument made from buffalo horn and bamboo.
pepa_train18.jpg,pepa,train,description,q9,phrase_1,"Describe this instrument—its cultural significance, and use in Assamese music.","The Pepa is a traditional Assamese wind instrument crafted from the horn of a male buffalo fitted with a small reed made from bamboo, cane, or wood. It is inseparable from Rongali Bihu celebrations and is recognized as one of the most iconic symbols of Assamese folk culture. Its sharp, nasal tone accompanies Bihu dance performances. It is traditionally played by young men during Bihu festivities."
pepa_train19.jpg,pepa,train,festival,q1,phrase_1,What festival is this instrument played in?,It is played during Rongali Bihu which is the spring festival of Assam.
pepa_train19.jpg,pepa,train,origin,q2,phrase_2,From which place does this instrument originate?,It originated in the plains of Assam.
pepa_train19.jpg,pepa,train,material,q3,phrase_1,What is this instrument made from?,This instrument is made of buffalo horn and bamboo.
pepa_train19.jpg,pepa,train,parts,q4,phrase_1,What are the parts of this instrument?,"The main parts of this instrument are buffalo horn body, reed and mouthpiece opening."
pepa_train19.jpg,pepa,train,sound,q5,phrase_2,What type of sound is produced by this instrument?,"This instrument produces a sharp, nasal, piercing sound."
pepa_train19.jpg,pepa,train,traditional_player,q6,phrase_2,Which gender plays this instrument traditionally?,This instrument is traditionally played by men.
pepa_train19.jpg,pepa,train,playing_method,q7,phrase_2,What is the method of playing this instrument?,This instrument is played by blowing air through the mouthpiece.
pepa_train19.jpg,pepa,train,instrument_type,q8,phrase_2,What type of musical instrument can this be classified as?,This is a free-reed wind instrument made from buffalo horn and bamboo.
pepa_train19.jpg,pepa,train,description,q9,phrase_1,"Describe this instrument—its cultural significance, and use in Assamese music.","The Pepa is a traditional Assamese wind instrument crafted from the horn of a male buffalo fitted with a small reed made from bamboo, cane, or wood. It is inseparable from Rongali Bihu celebrations and is recognized as one of the most iconic symbols of Assamese folk culture. Its sharp, nasal tone accompanies Bihu dance performances. It is traditionally played by young men during Bihu festivities."
pepa_train2.jpg,pepa,train,festival,q1,phrase_2,During which festival is this instrument played?,It is played during Rongali Bihu which is the spring festival of Assam.
pepa_train2.jpg,pepa,train,origin,q2,phrase_1,What is the origin place of this instrument?,It originated in the plains of Assam.
pepa_train2.jpg,pepa,train,material,q3,phrase_2,Which material is used to make this instrument?,This instrument is made of buffalo horn and bamboo.
pepa_train2.jpg,pepa,train,parts,q4,phrase_2,List the main parts of this instrument.,"The main parts of this instrument are buffalo horn body, reed and mouthpiece opening."
pepa_train2.jpg,pepa,train,sound,q5,phrase_1,What kind of sound does this instrument make?,"This instrument produces a sharp, nasal, piercing sound."
pepa_train2.jpg,pepa,train,traditional_player,q6,phrase_1,Who traditionally plays this instrument?,This instrument is traditionally played by men.
pepa_train2.jpg,pepa,train,playing_method,q7,phrase_1,How do you play this instrument?,This instrument is played by blowing air through the mouthpiece.
pepa_train2.jpg,pepa,train,instrument_type,q8,phrase_1,Which type of musical instrument does this belong to?,This is a free-reed wind instrument made from buffalo horn and bamboo.
pepa_train2.jpg,pepa,train,description,q9,phrase_2,"Explain this instrument's cultural importance, and musical role.","The Pepa is a traditional Assamese wind instrument crafted from the horn of a male buffalo fitted with a small reed made from bamboo, cane, or wood. It is inseparable from Rongali Bihu celebrations and is recognized as one of the most iconic symbols of Assamese folk culture. Its sharp, nasal tone accompanies Bihu dance performances. It is traditionally played by young men during Bihu festivities."
pepa_train20.jpg,pepa,train,festival,q1,phrase_1,What festival is this instrument played in?,It is played during Rongali Bihu which is the spring festival of Assam.
pepa_train20.jpg,pepa,train,origin,q2,phrase_2,From which place does this instrument originate?,It originated in the plains of Assam.
pepa_train20.jpg,pepa,train,material,q3,phrase_1,What is this instrument made from?,This instrument is made of buffalo horn and bamboo.
pepa_train20.jpg,pepa,train,parts,q4,phrase_2,List the main parts of this instrument.,"The main parts of this instrument are buffalo horn body, reed and mouthpiece opening."
pepa_train20.jpg,pepa,train,sound,q5,phrase_2,What type of sound is produced by this instrument?,"This instrument produces a sharp, nasal, piercing sound."
pepa_train20.jpg,pepa,train,traditional_player,q6,phrase_2,Which gender plays this instrument traditionally?,This instrument is traditionally played by men.
pepa_train20.jpg,pepa,train,playing_method,q7,phrase_2,What is the method of playing this instrument?,This instrument is played by blowing air through the mouthpiece.
pepa_train20.jpg,pepa,train,instrument_type,q8,phrase_1,Which type of musical instrument does this belong to?,This is a free-reed wind instrument made from buffalo horn and bamboo.
pepa_train20.jpg,pepa,train,description,q9,phrase_1,"Describe this instrument—its cultural significance, and use in Assamese music.","The Pepa is a traditional Assamese wind instrument crafted from the horn of a male buffalo fitted with a small reed made from bamboo, cane, or wood. It is inseparable from Rongali Bihu celebrations and is recognized as one of the most iconic symbols of Assamese folk culture. Its sharp, nasal tone accompanies Bihu dance performances. It is traditionally played by young men during Bihu festivities."
pepa_train21.jpg,pepa,train,festival,q1,phrase_2,During which festival is this instrument played?,It is played during Rongali Bihu which is the spring festival of Assam.
pepa_train21.jpg,pepa,train,origin,q2,phrase_1,What is the origin place of this instrument?,It originated in the plains of Assam.
pepa_train21.jpg,pepa,train,material,q3,phrase_2,Which material is used to make this instrument?,This instrument is made of buffalo horn and bamboo.
pepa_train21.jpg,pepa,train,parts,q4,phrase_1,What are the parts of this instrument?,"The main parts of this instrument are buffalo horn body, reed and mouthpiece opening."
pepa_train21.jpg,pepa,train,sound,q5,phrase_1,What kind of sound does this instrument make?,"This instrument produces a sharp, nasal, piercing sound."
pepa_train21.jpg,pepa,train,traditional_player,q6,phrase_1,Who traditionally plays this instrument?,This instrument is traditionally played by men.
pepa_train21.jpg,pepa,train,playing_method,q7,phrase_1,How do you play this instrument?,This instrument is played by blowing air through the mouthpiece.
pepa_train21.jpg,pepa,train,instrument_type,q8,phrase_2,What type of musical instrument can this be classified as?,This is a free-reed wind instrument made from buffalo horn and bamboo.
pepa_train21.jpg,pepa,train,description,q9,phrase_2,"Explain this instrument's cultural importance, and musical role.","The Pepa is a traditional Assamese wind instrument crafted from the horn of a male buffalo fitted with a small reed made from bamboo, cane, or wood. It is inseparable from Rongali Bihu celebrations and is recognized as one of the most iconic symbols of Assamese folk culture. Its sharp, nasal tone accompanies Bihu dance performances. It is traditionally played by young men during Bihu festivities."
pepa_train22.jpg,pepa,train,festival,q1,phrase_1,What festival is this instrument played in?,It is played during Rongali Bihu which is the spring festival of Assam.
pepa_train22.jpg,pepa,train,origin,q2,phrase_2,From which place does this instrument originate?,It originated in the plains of Assam.
pepa_train22.jpg,pepa,train,material,q3,phrase_1,What is this instrument made from?,This instrument is made of buffalo horn and bamboo.
pepa_train22.jpg,pepa,train,parts,q4,phrase_2,List the main parts of this instrument.,"The main parts of this instrument are buffalo horn body, reed and mouthpiece opening."
pepa_train22.jpg,pepa,train,sound,q5,phrase_2,What type of sound is produced by this instrument?,"This instrument produces a sharp, nasal, piercing sound."
pepa_train22.jpg,pepa,train,traditional_player,q6,phrase_1,Who traditionally plays this instrument?,This instrument is traditionally played by men.
pepa_train22.jpg,pepa,train,playing_method,q7,phrase_2,What is the method of playing this instrument?,This instrument is played by blowing air through the mouthpiece.
pepa_train22.jpg,pepa,train,instrument_type,q8,phrase_2,What type of musical instrument can this be classified as?,This is a free-reed wind instrument made from buffalo horn and bamboo.
pepa_train22.jpg,pepa,train,description,q9,phrase_1,"Describe this instrument—its cultural significance, and use in Assamese music.","The Pepa is a traditional Assamese wind instrument crafted from the horn of a male buffalo fitted with a small reed made from bamboo, cane, or wood. It is inseparable from Rongali Bihu celebrations and is recognized as one of the most iconic symbols of Assamese folk culture. Its sharp, nasal tone accompanies Bihu dance performances. It is traditionally played by young men during Bihu festivities."
pepa_train3.jpg,pepa,train,festival,q1,phrase_2,During which festival is this instrument played?,It is played during Rongali Bihu which is the spring festival of Assam.
pepa_train3.jpg,pepa,train,origin,q2,phrase_1,What is the origin place of this instrument?,It originated in the plains of Assam.
pepa_train3.jpg,pepa,train,material,q3,phrase_2,Which material is used to make this instrument?,This instrument is made of buffalo horn and bamboo.
pepa_train3.jpg,pepa,train,parts,q4,phrase_1,What are the parts of this instrument?,"The main parts of this instrument are buffalo horn body, reed and mouthpiece opening."
pepa_train3.jpg,pepa,train,sound,q5,phrase_1,What kind of sound does this instrument make?,"This instrument produces a sharp, nasal, piercing sound."
pepa_train3.jpg,pepa,train,traditional_player,q6,phrase_2,Which gender plays this instrument traditionally?,This instrument is traditionally played by men.
pepa_train3.jpg,pepa,train,playing_method,q7,phrase_1,How do you play this instrument?,This instrument is played by blowing air through the mouthpiece.
pepa_train3.jpg,pepa,train,instrument_type,q8,phrase_1,Which type of musical instrument does this belong to?,This is a free-reed wind instrument made from buffalo horn and bamboo.
pepa_train3.jpg,pepa,train,description,q9,phrase_2,"Explain this instrument's cultural importance, and musical role.","The Pepa is a traditional Assamese wind instrument crafted from the horn of a male buffalo fitted with a small reed made from bamboo, cane, or wood. It is inseparable from Rongali Bihu celebrations and is recognized as one of the most iconic symbols of Assamese folk culture. Its sharp, nasal tone accompanies Bihu dance performances. It is traditionally played by young men during Bihu festivities."
pepa_train4.jpg,pepa,train,festival,q1,phrase_2,During which festival is this instrument played?,It is played during Rongali Bihu which is the spring festival of Assam.
pepa_train4.jpg,pepa,train,origin,q2,phrase_2,From which place does this instrument originate?,It originated in the plains of Assam.
pepa_train4.jpg,pepa,train,material,q3,phrase_1,What is this instrument made from?,This instrument is made of buffalo horn and bamboo.
pepa_train4.jpg,pepa,train,parts,q4,phrase_1,What are the parts of this instrument?,"The main parts of this instrument are buffalo horn body, reed and mouthpiece opening."
pepa_train4.jpg,pepa,train,sound,q5,phrase_1,What kind of sound does this instrument make?,"This instrument produces a sharp, nasal, piercing sound."
pepa_train4.jpg,pepa,train,traditional_player,q6,phrase_1,Who traditionally plays this instrument?,This instrument is traditionally played by men.
pepa_train4.jpg,pepa,train,playing_method,q7,phrase_2,What is the method of playing this instrument?,This instrument is played by blowing air through the mouthpiece.
pepa_train4.jpg,pepa,train,instrument_type,q8,phrase_2,What type of musical instrument can this be classified as?,This is a free-reed wind instrument made from buffalo horn and bamboo.
pepa_train4.jpg,pepa,train,description,q9,phrase_2,"Explain this instrument's cultural importance, and musical role.","The Pepa is a traditional Assamese wind instrument crafted from the horn of a male buffalo fitted with a small reed made from bamboo, cane, or wood. It is inseparable from Rongali Bihu celebrations and is recognized as one of the most iconic symbols of Assamese folk culture. Its sharp, nasal tone accompanies Bihu dance performances. It is traditionally played by young men during Bihu festivities."
pepa_train5.jpg,pepa,train,festival,q1,phrase_1,What festival is this instrument played in?,It is played during Rongali Bihu which is the spring festival of Assam.
pepa_train5.jpg,pepa,train,origin,q2,phrase_1,What is the origin place of this instrument?,It originated in the plains of Assam.
pepa_train5.jpg,pepa,train,material,q3,phrase_2,Which material is used to make this instrument?,This instrument is made of buffalo horn and bamboo.
pepa_train5.jpg,pepa,train,parts,q4,phrase_2,List the main parts of this instrument.,"The main parts of this instrument are buffalo horn body, reed and mouthpiece opening."
pepa_train5.jpg,pepa,train,sound,q5,phrase_2,What type of sound is produced by this instrument?,"This instrument produces a sharp, nasal, piercing sound."
pepa_train5.jpg,pepa,train,traditional_player,q6,phrase_2,Which gender plays this instrument traditionally?,This instrument is traditionally played by men.
pepa_train5.jpg,pepa,train,playing_method,q7,phrase_1,How do you play this instrument?,This instrument is played by blowing air through the mouthpiece.
pepa_train5.jpg,pepa,train,instrument_type,q8,phrase_1,Which type of musical instrument does this belong to?,This is a free-reed wind instrument made from buffalo horn and bamboo.
pepa_train5.jpg,pepa,train,description,q9,phrase_1,"Describe this instrument—its cultural significance, and use in Assamese music.","The Pepa is a traditional Assamese wind instrument crafted from the horn of a male buffalo fitted with a small reed made from bamboo, cane, or wood. It is inseparable from Rongali Bihu celebrations and is recognized as one of the most iconic symbols of Assamese folk culture. Its sharp, nasal tone accompanies Bihu dance performances. It is traditionally played by young men during Bihu festivities."
pepa_train6.jpg,pepa,train,festival,q1,phrase_2,During which festival is this instrument played?,It is played during Rongali Bihu which is the spring festival of Assam.
pepa_train6.jpg,pepa,train,origin,q2,phrase_2,From which place does this instrument originate?,It originated in the plains of Assam.
pepa_train6.jpg,pepa,train,material,q3,phrase_2,Which material is used to make this instrument?,This instrument is made of buffalo horn and bamboo.
pepa_train6.jpg,pepa,train,parts,q4,phrase_1,What are the parts of this instrument?,"The main parts of this instrument are buffalo horn body, reed and mouthpiece opening."
pepa_train6.jpg,pepa,train,sound,q5,phrase_2,What type of sound is produced by this instrument?,"This instrument produces a sharp, nasal, piercing sound."
pepa_train6.jpg,pepa,train,traditional_player,q6,phrase_1,Who traditionally plays this instrument?,This instrument is traditionally played by men.
pepa_train6.jpg,pepa,train,playing_method,q7,phrase_1,How do you play this instrument?,This instrument is played by blowing air through the mouthpiece.
pepa_train6.jpg,pepa,train,instrument_type,q8,phrase_2,What type of musical instrument can this be classified as?,This is a free-reed wind instrument made from buffalo horn and bamboo.
pepa_train6.jpg,pepa,train,description,q9,phrase_1,"Describe this instrument—its cultural significance, and use in Assamese music.","The Pepa is a traditional Assamese wind instrument crafted from the horn of a male buffalo fitted with a small reed made from bamboo, cane, or wood. It is inseparable from Rongali Bihu celebrations and is recognized as one of the most iconic symbols of Assamese folk culture. Its sharp, nasal tone accompanies Bihu dance performances. It is traditionally played by young men during Bihu festivities."
pepa_train7.jpg,pepa,train,festival,q1,phrase_1,What festival is this instrument played in?,It is played during Rongali Bihu which is the spring festival of Assam.
pepa_train7.jpg,pepa,train,origin,q2,phrase_1,What is the origin place of this instrument?,It originated in the plains of Assam.
pepa_train7.jpg,pepa,train,material,q3,phrase_1,What is this instrument made from?,This instrument is made of buffalo horn and bamboo.
pepa_train7.jpg,pepa,train,parts,q4,phrase_2,List the main parts of this instrument.,"The main parts of this instrument are buffalo horn body, reed and mouthpiece opening."
pepa_train7.jpg,pepa,train,sound,q5,phrase_1,What kind of sound does this instrument make?,"This instrument produces a sharp, nasal, piercing sound."
pepa_train7.jpg,pepa,train,traditional_player,q6,phrase_2,Which gender plays this instrument traditionally?,This instrument is traditionally played by men.
pepa_train7.jpg,pepa,train,playing_method,q7,phrase_2,What is the method of playing this instrument?,This instrument is played by blowing air through the mouthpiece.
pepa_train7.jpg,pepa,train,instrument_type,q8,phrase_1,Which type of musical instrument does this belong to?,This is a free-reed wind instrument made from buffalo horn and bamboo.
pepa_train7.jpg,pepa,train,description,q9,phrase_2,"Explain this instrument's cultural importance, and musical role.","The Pepa is a traditional Assamese wind instrument crafted from the horn of a male buffalo fitted with a small reed made from bamboo, cane, or wood. It is inseparable from Rongali Bihu celebrations and is recognized as one of the most iconic symbols of Assamese folk culture. Its sharp, nasal tone accompanies Bihu dance performances. It is traditionally played by young men during Bihu festivities."
pepa_train8.jpg,pepa,train,festival,q1,phrase_1,What festival is this instrument played in?,It is played during Rongali Bihu which is the spring festival of Assam.
pepa_train8.jpg,pepa,train,origin,q2,phrase_1,What is the origin place of this instrument?,It originated in the plains of Assam.
pepa_train8.jpg,pepa,train,material,q3,phrase_1,What is this instrument made from?,This instrument is made of buffalo horn and bamboo.
pepa_train8.jpg,pepa,train,parts,q4,phrase_2,List the main parts of this instrument.,"The main parts of this instrument are buffalo horn body, reed and mouthpiece opening."
pepa_train8.jpg,pepa,train,sound,q5,phrase_2,What type of sound is produced by this instrument?,"This instrument produces a sharp, nasal, piercing sound."
pepa_train8.jpg,pepa,train,traditional_player,q6,phrase_2,Which gender plays this instrument traditionally?,This instrument is traditionally played by men.
pepa_train8.jpg,pepa,train,playing_method,q7,phrase_2,What is the method of playing this instrument?,This instrument is played by blowing air through the mouthpiece.
pepa_train8.jpg,pepa,train,instrument_type,q8,phrase_2,What type of musical instrument can this be classified as?,This is a free-reed wind instrument made from buffalo horn and bamboo.
pepa_train8.jpg,pepa,train,description,q9,phrase_1,"Describe this instrument—its cultural significance, and use in Assamese music.","The Pepa is a traditional Assamese wind instrument crafted from the horn of a male buffalo fitted with a small reed made from bamboo, cane, or wood. It is inseparable from Rongali Bihu celebrations and is recognized as one of the most iconic symbols of Assamese folk culture. Its sharp, nasal tone accompanies Bihu dance performances. It is traditionally played by young men during Bihu festivities."
pepa_train9.jpg,pepa,train,festival,q1,phrase_2,During which festival is this instrument played?,It is played during Rongali Bihu which is the spring festival of Assam.
pepa_train9.jpg,pepa,train,origin,q2,phrase_2,From which place does this instrument originate?,It originated in the plains of Assam.
pepa_train9.jpg,pepa,train,material,q3,phrase_2,Which material is used to make this instrument?,This instrument is made of buffalo horn and bamboo.
pepa_train9.jpg,pepa,train,parts,q4,phrase_1,What are the parts of this instrument?,"The main parts of this instrument are buffalo horn body, reed and mouthpiece opening."
pepa_train9.jpg,pepa,train,sound,q5,phrase_1,What kind of sound does this instrument make?,"This instrument produces a sharp, nasal, piercing sound."
pepa_train9.jpg,pepa,train,traditional_player,q6,phrase_1,Who traditionally plays this instrument?,This instrument is traditionally played by men.
pepa_train9.jpg,pepa,train,playing_method,q7,phrase_1,How do you play this instrument?,This instrument is played by blowing air through the mouthpiece.
pepa_train9.jpg,pepa,train,instrument_type,q8,phrase_1,Which type of musical instrument does this belong to?,This is a free-reed wind instrument made from buffalo horn and bamboo.
pepa_train9.jpg,pepa,train,description,q9,phrase_2,"Explain this instrument's cultural importance, and musical role.","The Pepa is a traditional Assamese wind instrument crafted from the horn of a male buffalo fitted with a small reed made from bamboo, cane, or wood. It is inseparable from Rongali Bihu celebrations and is recognized as one of the most iconic symbols of Assamese folk culture. Its sharp, nasal tone accompanies Bihu dance performances. It is traditionally played by young men during Bihu festivities."
pepa_val1.jpg,pepa,validation,festival,q1,phrase_3,In which festival is this instrument played?,It is played during Rongali Bihu which is the spring festival of Assam.
pepa_val1.jpg,pepa,validation,origin,q2,phrase_3,Where did this instrument originate?,It originated in the plains of Assam.
pepa_val1.jpg,pepa,validation,material,q3,phrase_3,What material is this instrument made of?,This instrument is made of buffalo horn and bamboo.
pepa_val1.jpg,pepa,validation,parts,q4,phrase_3,Name the major parts of this instrument.,"The main parts of this instrument are buffalo horn body, reed and mouthpiece opening."
pepa_val1.jpg,pepa,validation,sound,q5,phrase_3,What sound does this instrument produce?,"This instrument produces a sharp, nasal, piercing sound."
pepa_val1.jpg,pepa,validation,traditional_player,q6,phrase_3,Which gender traditionally plays this instrument?,This instrument is traditionally played by men.
pepa_val1.jpg,pepa,validation,playing_method,q7,phrase_3,How is this instrument played?,This instrument is played by blowing air through the mouthpiece.
pepa_val1.jpg,pepa,validation,instrument_type,q8,phrase_3,What type of musical instrument is this?,This is a free-reed wind instrument made from buffalo horn and bamboo.
pepa_val1.jpg,pepa,validation,description,q9,phrase_3,"Give a description of this instrument including its cultural significance, and role in Assamese music.","The Pepa is a traditional Assamese wind instrument crafted from the horn of a male buffalo fitted with a small reed made from bamboo, cane, or wood. It is inseparable from Rongali Bihu celebrations and is recognized as one of the most iconic symbols of Assamese folk culture. Its sharp, nasal tone accompanies Bihu dance performances. It is traditionally played by young men during Bihu festivities."
pepa_val2.jpg,pepa,validation,festival,q1,phrase_3,In which festival is this instrument played?,It is played during Rongali Bihu which is the spring festival of Assam.
pepa_val2.jpg,pepa,validation,origin,q2,phrase_3,Where did this instrument originate?,It originated in the plains of Assam.
pepa_val2.jpg,pepa,validation,material,q3,phrase_3,What material is this instrument made of?,This instrument is made of buffalo horn and bamboo.
pepa_val2.jpg,pepa,validation,parts,q4,phrase_3,Name the major parts of this instrument.,"The main parts of this instrument are buffalo horn body, reed and mouthpiece opening."
pepa_val2.jpg,pepa,validation,sound,q5,phrase_3,What sound does this instrument produce?,"This instrument produces a sharp, nasal, piercing sound."
pepa_val2.jpg,pepa,validation,traditional_player,q6,phrase_3,Which gender traditionally plays this instrument?,This instrument is traditionally played by men.
pepa_val2.jpg,pepa,validation,playing_method,q7,phrase_3,How is this instrument played?,This instrument is played by blowing air through the mouthpiece.
pepa_val2.jpg,pepa,validation,instrument_type,q8,phrase_3,What type of musical instrument is this?,This is a free-reed wind instrument made from buffalo horn and bamboo.
pepa_val2.jpg,pepa,validation,description,q9,phrase_3,"Give a description of this instrument including its cultural significance, and role in Assamese music.","The Pepa is a traditional Assamese wind instrument crafted from the horn of a male buffalo fitted with a small reed made from bamboo, cane, or wood. It is inseparable from Rongali Bihu celebrations and is recognized as one of the most iconic symbols of Assamese folk culture. Its sharp, nasal tone accompanies Bihu dance performances. It is traditionally played by young men during Bihu festivities."
pepa_val3.jpg,pepa,validation,festival,q1,phrase_3,In which festival is this instrument played?,It is played during Rongali Bihu which is the spring festival of Assam.
pepa_val3.jpg,pepa,validation,origin,q2,phrase_3,Where did this instrument originate?,It originated in the plains of Assam.
pepa_val3.jpg,pepa,validation,material,q3,phrase_3,What material is this instrument made of?,This instrument is made of buffalo horn and bamboo.
pepa_val3.jpg,pepa,validation,parts,q4,phrase_3,Name the major parts of this instrument.,"The main parts of this instrument are buffalo horn body, reed and mouthpiece opening."
pepa_val3.jpg,pepa,validation,sound,q5,phrase_3,What sound does this instrument produce?,"This instrument produces a sharp, nasal, piercing sound."
pepa_val3.jpg,pepa,validation,traditional_player,q6,phrase_3,Which gender traditionally plays this instrument?,This instrument is traditionally played by men.
pepa_val3.jpg,pepa,validation,playing_method,q7,phrase_3,How is this instrument played?,This instrument is played by blowing air through the mouthpiece.
pepa_val3.jpg,pepa,validation,instrument_type,q8,phrase_3,What type of musical instrument is this?,This is a free-reed wind instrument made from buffalo horn and bamboo.
pepa_val3.jpg,pepa,validation,description,q9,phrase_3,"Give a description of this instrument including its cultural significance, and role in Assamese music.","The Pepa is a traditional Assamese wind instrument crafted from the horn of a male buffalo fitted with a small reed made from bamboo, cane, or wood. It is inseparable from Rongali Bihu celebrations and is recognized as one of the most iconic symbols of Assamese folk culture. Its sharp, nasal tone accompanies Bihu dance performances. It is traditionally played by young men during Bihu festivities."
pepa_val4.jpg,pepa,validation,festival,q1,phrase_3,In which festival is this instrument played?,It is played during Rongali Bihu which is the spring festival of Assam.
pepa_val4.jpg,pepa,validation,origin,q2,phrase_3,Where did this instrument originate?,It originated in the plains of Assam.
pepa_val4.jpg,pepa,validation,material,q3,phrase_3,What material is this instrument made of?,This instrument is made of buffalo horn and bamboo.
pepa_val4.jpg,pepa,validation,parts,q4,phrase_3,Name the major parts of this instrument.,"The main parts of this instrument are buffalo horn body, reed and mouthpiece opening."
pepa_val4.jpg,pepa,validation,sound,q5,phrase_3,What sound does this instrument produce?,"This instrument produces a sharp, nasal, piercing sound."
pepa_val4.jpg,pepa,validation,traditional_player,q6,phrase_3,Which gender traditionally plays this instrument?,This instrument is traditionally played by men.
pepa_val4.jpg,pepa,validation,playing_method,q7,phrase_3,How is this instrument played?,This instrument is played by blowing air through the mouthpiece.
pepa_val4.jpg,pepa,validation,instrument_type,q8,phrase_3,What type of musical instrument is this?,This is a free-reed wind instrument made from buffalo horn and bamboo.
pepa_val4.jpg,pepa,validation,description,q9,phrase_3,"Give a description of this instrument including its cultural significance, and role in Assamese music.","The Pepa is a traditional Assamese wind instrument crafted from the horn of a male buffalo fitted with a small reed made from bamboo, cane, or wood. It is inseparable from Rongali Bihu celebrations and is recognized as one of the most iconic symbols of Assamese folk culture. Its sharp, nasal tone accompanies Bihu dance performances. It is traditionally played by young men during Bihu festivities."
pepa_val5.jpg,pepa,validation,festival,q1,phrase_3,In which festival is this instrument played?,It is played during Rongali Bihu which is the spring festival of Assam.
pepa_val5.jpg,pepa,validation,origin,q2,phrase_3,Where did this instrument originate?,It originated in the plains of Assam.
pepa_val5.jpg,pepa,validation,material,q3,phrase_3,What material is this instrument made of?,This instrument is made of buffalo horn and bamboo.
pepa_val5.jpg,pepa,validation,parts,q4,phrase_3,Name the major parts of this instrument.,"The main parts of this instrument are buffalo horn body, reed and mouthpiece opening."
pepa_val5.jpg,pepa,validation,sound,q5,phrase_3,What sound does this instrument produce?,"This instrument produces a sharp, nasal, piercing sound."
pepa_val5.jpg,pepa,validation,traditional_player,q6,phrase_3,Which gender traditionally plays this instrument?,This instrument is traditionally played by men.
pepa_val5.jpg,pepa,validation,playing_method,q7,phrase_3,How is this instrument played?,This instrument is played by blowing air through the mouthpiece.
pepa_val5.jpg,pepa,validation,instrument_type,q8,phrase_3,What type of musical instrument is this?,This is a free-reed wind instrument made from buffalo horn and bamboo.
pepa_val5.jpg,pepa,validation,description,q9,phrase_3,"Give a description of this instrument including its cultural significance, and role in Assamese music.","The Pepa is a traditional Assamese wind instrument crafted from the horn of a male buffalo fitted with a small reed made from bamboo, cane, or wood. It is inseparable from Rongali Bihu celebrations and is recognized as one of the most iconic symbols of Assamese folk culture. Its sharp, nasal tone accompanies Bihu dance performances. It is traditionally played by young men during Bihu festivities."
pepa_test1.jpg,pepa,test,festival,q1,phrase_3,In which festival is this instrument played?,It is played during Rongali Bihu which is the spring festival of Assam.
pepa_test1.jpg,pepa,test,origin,q2,phrase_3,Where did this instrument originate?,It originated in the plains of Assam.
pepa_test1.jpg,pepa,test,material,q3,phrase_3,What material is this instrument made of?,This instrument is made of buffalo horn and bamboo.
pepa_test1.jpg,pepa,test,parts,q4,phrase_3,Name the major parts of this instrument.,"The main parts of this instrument are buffalo horn body, reed and mouthpiece opening."
pepa_test1.jpg,pepa,test,sound,q5,phrase_3,What sound does this instrument produce?,"This instrument produces a sharp, nasal, piercing sound."
pepa_test1.jpg,pepa,test,traditional_player,q6,phrase_3,Which gender traditionally plays this instrument?,This instrument is traditionally played by men.
pepa_test1.jpg,pepa,test,playing_method,q7,phrase_3,How is this instrument played?,This instrument is played by blowing air through the mouthpiece.
pepa_test1.jpg,pepa,test,instrument_type,q8,phrase_3,What type of musical instrument is this?,This is a free-reed wind instrument made from buffalo horn and bamboo.
pepa_test1.jpg,pepa,test,description,q9,phrase_3,"Give a description of this instrument including its cultural significance, and role in Assamese music.","The Pepa is a traditional Assamese wind instrument crafted from the horn of a male buffalo fitted with a small reed made from bamboo, cane, or wood. It is inseparable from Rongali Bihu celebrations and is recognized as one of the most iconic symbols of Assamese folk culture. Its sharp, nasal tone accompanies Bihu dance performances. It is traditionally played by young men during Bihu festivities."
pepa_test2.jpg,pepa,test,festival,q1,phrase_3,In which festival is this instrument played?,It is played during Rongali Bihu which is the spring festival of Assam.
pepa_test2.jpg,pepa,test,origin,q2,phrase_3,Where did this instrument originate?,It originated in the plains of Assam.
pepa_test2.jpg,pepa,test,material,q3,phrase_3,What material is this instrument made of?,This instrument is made of buffalo horn and bamboo.
pepa_test2.jpg,pepa,test,parts,q4,phrase_3,Name the major parts of this instrument.,"The main parts of this instrument are buffalo horn body, reed and mouthpiece opening."
pepa_test2.jpg,pepa,test,sound,q5,phrase_3,What sound does this instrument produce?,"This instrument produces a sharp, nasal, piercing sound."
pepa_test2.jpg,pepa,test,traditional_player,q6,phrase_3,Which gender traditionally plays this instrument?,This instrument is traditionally played by men.
pepa_test2.jpg,pepa,test,playing_method,q7,phrase_3,How is this instrument played?,This instrument is played by blowing air through the mouthpiece.
pepa_test2.jpg,pepa,test,instrument_type,q8,phrase_3,What type of musical instrument is this?,This is a free-reed wind instrument made from buffalo horn and bamboo.
pepa_test2.jpg,pepa,test,description,q9,phrase_3,"Give a description of this instrument including its cultural significance, and role in Assamese music.","The Pepa is a traditional Assamese wind instrument crafted from the horn of a male buffalo fitted with a small reed made from bamboo, cane, or wood. It is inseparable from Rongali Bihu celebrations and is recognized as one of the most iconic symbols of Assamese folk culture. Its sharp, nasal tone accompanies Bihu dance performances. It is traditionally played by young men during Bihu festivities."
pepa_test3.jpg,pepa,test,festival,q1,phrase_3,In which festival is this instrument played?,It is played during Rongali Bihu which is the spring festival of Assam.
pepa_test3.jpg,pepa,test,origin,q2,phrase_3,Where did this instrument originate?,It originated in the plains of Assam.
pepa_test3.jpg,pepa,test,material,q3,phrase_3,What material is this instrument made of?,This instrument is made of buffalo horn and bamboo.
pepa_test3.jpg,pepa,test,parts,q4,phrase_3,Name the major parts of this instrument.,"The main parts of this instrument are buffalo horn body, reed and mouthpiece opening."
pepa_test3.jpg,pepa,test,sound,q5,phrase_3,What sound does this instrument produce?,"This instrument produces a sharp, nasal, piercing sound."
pepa_test3.jpg,pepa,test,traditional_player,q6,phrase_3,Which gender traditionally plays this instrument?,This instrument is traditionally played by men.
pepa_test3.jpg,pepa,test,playing_method,q7,phrase_3,How is this instrument played?,This instrument is played by blowing air through the mouthpiece.
pepa_test3.jpg,pepa,test,instrument_type,q8,phrase_3,What type of musical instrument is this?,This is a free-reed wind instrument made from buffalo horn and bamboo.
pepa_test3.jpg,pepa,test,description,q9,phrase_3,"Give a description of this instrument including its cultural significance, and role in Assamese music.","The Pepa is a traditional Assamese wind instrument crafted from the horn of a male buffalo fitted with a small reed made from bamboo, cane, or wood. It is inseparable from Rongali Bihu celebrations and is recognized as one of the most iconic symbols of Assamese folk culture. Its sharp, nasal tone accompanies Bihu dance performances. It is traditionally played by young men during Bihu festivities."
pepa_test4.jpg,pepa,test,festival,q1,phrase_3,In which festival is this instrument played?,It is played during Rongali Bihu which is the spring festival of Assam.
pepa_test4.jpg,pepa,test,origin,q2,phrase_3,Where did this instrument originate?,It originated in the plains of Assam.
pepa_test4.jpg,pepa,test,material,q3,phrase_3,What material is this instrument made of?,This instrument is made of buffalo horn and bamboo.
pepa_test4.jpg,pepa,test,parts,q4,phrase_3,Name the major parts of this instrument.,"The main parts of this instrument are buffalo horn body, reed and mouthpiece opening."
pepa_test4.jpg,pepa,test,sound,q5,phrase_3,What sound does this instrument produce?,"This instrument produces a sharp, nasal, piercing sound."
pepa_test4.jpg,pepa,test,traditional_player,q6,phrase_3,Which gender traditionally plays this instrument?,This instrument is traditionally played by men.
pepa_test4.jpg,pepa,test,playing_method,q7,phrase_3,How is this instrument played?,This instrument is played by blowing air through the mouthpiece.
pepa_test4.jpg,pepa,test,instrument_type,q8,phrase_3,What type of musical instrument is this?,This is a free-reed wind instrument made from buffalo horn and bamboo.
pepa_test4.jpg,pepa,test,description,q9,phrase_3,"Give a description of this instrument including its cultural significance, and role in Assamese music.","The Pepa is a traditional Assamese wind instrument crafted from the horn of a male buffalo fitted with a small reed made from bamboo, cane, or wood. It is inseparable from Rongali Bihu celebrations and is recognized as one of the most iconic symbols of Assamese folk culture. Its sharp, nasal tone accompanies Bihu dance performances. It is traditionally played by young men during Bihu festivities."
pepa_test5.jpg,pepa,test,festival,q1,phrase_3,In which festival is this instrument played?,It is played during Rongali Bihu which is the spring festival of Assam.
pepa_test5.jpg,pepa,test,origin,q2,phrase_3,Where did this instrument originate?,It originated in the plains of Assam.
pepa_test5.jpg,pepa,test,material,q3,phrase_3,What material is this instrument made of?,This instrument is made of buffalo horn and bamboo.
pepa_test5.jpg,pepa,test,parts,q4,phrase_3,Name the major parts of this instrument.,"The main parts of this instrument are buffalo horn body, reed and mouthpiece opening."
pepa_test5.jpg,pepa,test,sound,q5,phrase_3,What sound does this instrument produce?,"This instrument produces a sharp, nasal, piercing sound."
pepa_test5.jpg,pepa,test,traditional_player,q6,phrase_3,Which gender traditionally plays this instrument?,This instrument is traditionally played by men.
pepa_test5.jpg,pepa,test,playing_method,q7,phrase_3,How is this instrument played?,This instrument is played by blowing air through the mouthpiece.
pepa_test5.jpg,pepa,test,instrument_type,q8,phrase_3,What type of musical instrument is this?,This is a free-reed wind instrument made from buffalo horn and bamboo.
pepa_test5.jpg,pepa,test,description,q9,phrase_3,"Give a description of this instrument including its cultural significance, and role in Assamese music.","The Pepa is a traditional Assamese wind instrument crafted from the horn of a male buffalo fitted with a small reed made from bamboo, cane, or wood. It is inseparable from Rongali Bihu celebrations and is recognized as one of the most iconic symbols of Assamese folk culture. Its sharp, nasal tone accompanies Bihu dance performances. It is traditionally played by young men during Bihu festivities."
gogona_train1.jpg,gogona,train,festival,q1,phrase_1,What festival is this instrument played in?,It is played during Rongali Bihu which is the spring festival of Assam.
gogona_train1.jpg,gogona,train,origin,q2,phrase_2,From which place does this instrument originate?,It originated in the tribal communities of Assam.
gogona_train1.jpg,gogona,train,material,q3,phrase_2,Which material is used to make this instrument?,This instrument is made of bamboo.
gogona_train1.jpg,gogona,train,parts,q4,phrase_2,List the main parts of this instrument.,"The main parts of this instrument are frame, vibrating tongue, and plucking end."
gogona_train1.jpg,gogona,train,sound,q5,phrase_1,What kind of sound does this instrument make?,"This instrument produces a soft, twangy, vibrating sound."
gogona_train1.jpg,gogona,train,traditional_player,q6,phrase_1,Who traditionally plays this instrument?,This instrument is traditionally played by women.
gogona_train1.jpg,gogona,train,playing_method,q7,phrase_1,How do you play this instrument?,This instrument is played by plucking the vibrating tongue near the mouth.
gogona_train1.jpg,gogona,train,instrument_type,q8,phrase_2,What type of musical instrument can this be classified as?,This is a mouth-resonated plucked idiophone instrument.
gogona_train1.jpg,gogona,train,description,q9,phrase_2,"Explain this instrument's cultural importance, and musical role.","The Gogona is a small mouth-resonated plucked idiophone traditionally made from bamboo and associated with the tribal communities of Assam. It is played by holding the frame near the mouth and plucking the vibrating tongue, using the oral cavity as a resonance chamber to amplify and shape its soft, twangy sound. The Gogona is one of the few Assamese instruments traditionally played by young women during Rongali Bihu. Its unique playing technique makes it one of the most culturally distinctive instruments of Assam."
gogona_train10.jpg,gogona,train,festival,q1,phrase_2,During which festival is this instrument played?,It is played during Rongali Bihu which is the spring festival of Assam.
gogona_train10.jpg,gogona,train,origin,q2,phrase_1,What is the origin place of this instrument?,It originated in the tribal communities of Assam.
gogona_train10.jpg,gogona,train,material,q3,phrase_1,What is this instrument made from?,This instrument is made of bamboo.
gogona_train10.jpg,gogona,train,parts,q4,phrase_1,What are the parts of this instrument?,"The main parts of this instrument are frame, vibrating tongue, and plucking end."
gogona_train10.jpg,gogona,train,sound,q5,phrase_2,What type of sound is produced by this instrument?,"This instrument produces a soft, twangy, vibrating sound."
gogona_train10.jpg,gogona,train,traditional_player,q6,phrase_2,Which gender plays this instrument traditionally?,This instrument is traditionally played by women.
gogona_train10.jpg,gogona,train,playing_method,q7,phrase_2,What is the method of playing this instrument?,This instrument is played by plucking the vibrating tongue near the mouth.
gogona_train10.jpg,gogona,train,instrument_type,q8,phrase_1,Which type of musical instrument does this belong to?,This is a mouth-resonated plucked idiophone instrument.
gogona_train10.jpg,gogona,train,description,q9,phrase_1,"Describe this instrument—its cultural significance, and use in Assamese music.","The Gogona is a small mouth-resonated plucked idiophone traditionally made from bamboo and associated with the tribal communities of Assam. It is played by holding the frame near the mouth and plucking the vibrating tongue, using the oral cavity as a resonance chamber to amplify and shape its soft, twangy sound. The Gogona is one of the few Assamese instruments traditionally played by young women during Rongali Bihu. Its unique playing technique makes it one of the most culturally distinctive instruments of Assam."
gogona_train11.jpg,gogona,train,festival,q1,phrase_2,During which festival is this instrument played?,It is played during Rongali Bihu which is the spring festival of Assam.
gogona_train11.jpg,gogona,train,origin,q2,phrase_1,What is the origin place of this instrument?,It originated in the tribal communities of Assam.
gogona_train11.jpg,gogona,train,material,q3,phrase_2,Which material is used to make this instrument?,This instrument is made of bamboo.
gogona_train11.jpg,gogona,train,parts,q4,phrase_2,List the main parts of this instrument.,"The main parts of this instrument are frame, vibrating tongue, and plucking end."
gogona_train11.jpg,gogona,train,sound,q5,phrase_2,What type of sound is produced by this instrument?,"This instrument produces a soft, twangy, vibrating sound."
gogona_train11.jpg,gogona,train,traditional_player,q6,phrase_1,Who traditionally plays this instrument?,This instrument is traditionally played by women.
gogona_train11.jpg,gogona,train,playing_method,q7,phrase_1,How do you play this instrument?,This instrument is played by plucking the vibrating tongue near the mouth.
gogona_train11.jpg,gogona,train,instrument_type,q8,phrase_1,Which type of musical instrument does this belong to?,This is a mouth-resonated plucked idiophone instrument.
gogona_train11.jpg,gogona,train,description,q9,phrase_2,"Explain this instrument's cultural importance, and musical role.","The Gogona is a small mouth-resonated plucked idiophone traditionally made from bamboo and associated with the tribal communities of Assam. It is played by holding the frame near the mouth and plucking the vibrating tongue, using the oral cavity as a resonance chamber to amplify and shape its soft, twangy sound. The Gogona is one of the few Assamese instruments traditionally played by young women during Rongali Bihu. Its unique playing technique makes it one of the most culturally distinctive instruments of Assam."
gogona_train12.jpg,gogona,train,festival,q1,phrase_1,What festival is this instrument played in?,It is played during Rongali Bihu which is the spring festival of Assam.
gogona_train12.jpg,gogona,train,origin,q2,phrase_2,From which place does this instrument originate?,It originated in the tribal communities of Assam.
gogona_train12.jpg,gogona,train,material,q3,phrase_1,What is this instrument made from?,This instrument is made of bamboo.
gogona_train12.jpg,gogona,train,parts,q4,phrase_1,What are the parts of this instrument?,"The main parts of this instrument are frame, vibrating tongue, and plucking end."
gogona_train12.jpg,gogona,train,sound,q5,phrase_1,What kind of sound does this instrument make?,"This instrument produces a soft, twangy, vibrating sound."
gogona_train12.jpg,gogona,train,traditional_player,q6,phrase_2,Which gender plays this instrument traditionally?,This instrument is traditionally played by women.
gogona_train12.jpg,gogona,train,playing_method,q7,phrase_2,What is the method of playing this instrument?,This instrument is played by plucking the vibrating tongue near the mouth.
gogona_train12.jpg,gogona,train,instrument_type,q8,phrase_2,What type of musical instrument can this be classified as?,This is a mouth-resonated plucked idiophone instrument.
gogona_train12.jpg,gogona,train,description,q9,phrase_1,"Describe this instrument—its cultural significance, and use in Assamese music.","The Gogona is a small mouth-resonated plucked idiophone traditionally made from bamboo and associated with the tribal communities of Assam. It is played by holding the frame near the mouth and plucking the vibrating tongue, using the oral cavity as a resonance chamber to amplify and shape its soft, twangy sound. The Gogona is one of the few Assamese instruments traditionally played by young women during Rongali Bihu. Its unique playing technique makes it one of the most culturally distinctive instruments of Assam."
gogona_train13.jpg,gogona,train,festival,q1,phrase_1,What festival is this instrument played in?,It is played during Rongali Bihu which is the spring festival of Assam.
gogona_train13.jpg,gogona,train,origin,q2,phrase_2,From which place does this instrument originate?,It originated in the tribal communities of Assam.
gogona_train13.jpg,gogona,train,material,q3,phrase_1,What is this instrument made from?,This instrument is made of bamboo.
gogona_train13.jpg,gogona,train,parts,q4,phrase_1,What are the parts of this instrument?,"The main parts of this instrument are frame, vibrating tongue, and plucking end."
gogona_train13.jpg,gogona,train,sound,q5,phrase_1,What kind of sound does this instrument make?,"This instrument produces a soft, twangy, vibrating sound."
gogona_train13.jpg,gogona,train,traditional_player,q6,phrase_2,Which gender plays this instrument traditionally?,This instrument is traditionally played by women.
gogona_train13.jpg,gogona,train,playing_method,q7,phrase_2,What is the method of playing this instrument?,This instrument is played by plucking the vibrating tongue near the mouth.
gogona_train13.jpg,gogona,train,instrument_type,q8,phrase_2,What type of musical instrument can this be classified as?,This is a mouth-resonated plucked idiophone instrument.
gogona_train13.jpg,gogona,train,description,q9,phrase_2,"Explain this instrument's cultural importance, and musical role.","The Gogona is a small mouth-resonated plucked idiophone traditionally made from bamboo and associated with the tribal communities of Assam. It is played by holding the frame near the mouth and plucking the vibrating tongue, using the oral cavity as a resonance chamber to amplify and shape its soft, twangy sound. The Gogona is one of the few Assamese instruments traditionally played by young women during Rongali Bihu. Its unique playing technique makes it one of the most culturally distinctive instruments of Assam."
gogona_train14.jpg,gogona,train,festival,q1,phrase_2,During which festival is this instrument played?,It is played during Rongali Bihu which is the spring festival of Assam.
gogona_train14.jpg,gogona,train,origin,q2,phrase_1,What is the origin place of this instrument?,It originated in the tribal communities of Assam.
gogona_train14.jpg,gogona,train,material,q3,phrase_2,Which material is used to make this instrument?,This instrument is made of bamboo.
gogona_train14.jpg,gogona,train,parts,q4,phrase_2,List the main parts of this instrument.,"The main parts of this instrument are frame, vibrating tongue, and plucking end."
gogona_train14.jpg,gogona,train,sound,q5,phrase_2,What type of sound is produced by this instrument?,"This instrument produces a soft, twangy, vibrating sound."
gogona_train14.jpg,gogona,train,traditional_player,q6,phrase_1,Who traditionally plays this instrument?,This instrument is traditionally played by women.
gogona_train14.jpg,gogona,train,playing_method,q7,phrase_1,How do you play this instrument?,This instrument is played by plucking the vibrating tongue near the mouth.
gogona_train14.jpg,gogona,train,instrument_type,q8,phrase_1,Which type of musical instrument does this belong to?,This is a mouth-resonated plucked idiophone instrument.
gogona_train14.jpg,gogona,train,description,q9,phrase_1,"Describe this instrument—its cultural significance, and use in Assamese music.","The Gogona is a small mouth-resonated plucked idiophone traditionally made from bamboo and associated with the tribal communities of Assam. It is played by holding the frame near the mouth and plucking the vibrating tongue, using the oral cavity as a resonance chamber to amplify and shape its soft, twangy sound. The Gogona is one of the few Assamese instruments traditionally played by young women during Rongali Bihu. Its unique playing technique makes it one of the most culturally distinctive instruments of Assam."
gogona_train15.jpg,gogona,train,festival,q1,phrase_1,What festival is this instrument played in?,It is played during Rongali Bihu which is the spring festival of Assam.
gogona_train15.jpg,gogona,train,origin,q2,phrase_2,From which place does this instrument originate?,It originated in the tribal communities of Assam.
gogona_train15.jpg,gogona,train,material,q3,phrase_2,Which material is used to make this instrument?,This instrument is made of bamboo.
gogona_train15.jpg,gogona,train,parts,q4,phrase_2,List the main parts of this instrument.,"The main parts of this instrument are frame, vibrating tongue, and plucking end."
gogona_train15.jpg,gogona,train,sound,q5,phrase_1,What kind of sound does this instrument make?,"This instrument produces a soft, twangy, vibrating sound."
gogona_train15.jpg,gogona,train,traditional_player,q6,phrase_1,Who traditionally plays this instrument?,This instrument is traditionally played by women.
gogona_train15.jpg,gogona,train,playing_method,q7,phrase_2,What is the method of playing this instrument?,This instrument is played by plucking the vibrating tongue near the mouth.
gogona_train15.jpg,gogona,train,instrument_type,q8,phrase_1,Which type of musical instrument does this belong to?,This is a mouth-resonated plucked idiophone instrument.
gogona_train15.jpg,gogona,train,description,q9,phrase_2,"Explain this instrument's cultural importance, and musical role.","The Gogona is a small mouth-resonated plucked idiophone traditionally made from bamboo and associated with the tribal communities of Assam. It is played by holding the frame near the mouth and plucking the vibrating tongue, using the oral cavity as a resonance chamber to amplify and shape its soft, twangy sound. The Gogona is one of the few Assamese instruments traditionally played by young women during Rongali Bihu. Its unique playing technique makes it one of the most culturally distinctive instruments of Assam."
gogona_train16.jpg,gogona,train,festival,q1,phrase_2,During which festival is this instrument played?,It is played during Rongali Bihu which is the spring festival of Assam.
gogona_train16.jpg,gogona,train,origin,q2,phrase_1,What is the origin place of this instrument?,It originated in the tribal communities of Assam.
gogona_train16.jpg,gogona,train,material,q3,phrase_1,What is this instrument made from?,This instrument is made of bamboo.
gogona_train16.jpg,gogona,train,parts,q4,phrase_1,What are the parts of this instrument?,"The main parts of this instrument are frame, vibrating tongue, and plucking end."
gogona_train16.jpg,gogona,train,sound,q5,phrase_2,What type of sound is produced by this instrument?,"This instrument produces a soft, twangy, vibrating sound."
gogona_train16.jpg,gogona,train,traditional_player,q6,phrase_2,Which gender plays this instrument traditionally?,This instrument is traditionally played by women.
gogona_train16.jpg,gogona,train,playing_method,q7,phrase_1,How do you play this instrument?,This instrument is played by plucking the vibrating tongue near the mouth.
gogona_train16.jpg,gogona,train,instrument_type,q8,phrase_2,What type of musical instrument can this be classified as?,This is a mouth-resonated plucked idiophone instrument.
gogona_train16.jpg,gogona,train,description,q9,phrase_1,"Describe this instrument—its cultural significance, and use in Assamese music.","The Gogona is a small mouth-resonated plucked idiophone traditionally made from bamboo and associated with the tribal communities of Assam. It is played by holding the frame near the mouth and plucking the vibrating tongue, using the oral cavity as a resonance chamber to amplify and shape its soft, twangy sound. The Gogona is one of the few Assamese instruments traditionally played by young women during Rongali Bihu. Its unique playing technique makes it one of the most culturally distinctive instruments of Assam."
gogona_train17.jpg,gogona,train,festival,q1,phrase_2,During which festival is this instrument played?,It is played during Rongali Bihu which is the spring festival of Assam.
gogona_train17.jpg,gogona,train,origin,q2,phrase_1,What is the origin place of this instrument?,It originated in the tribal communities of Assam.
gogona_train17.jpg,gogona,train,material,q3,phrase_1,What is this instrument made from?,This instrument is made of bamboo.
gogona_train17.jpg,gogona,train,parts,q4,phrase_2,List the main parts of this instrument.,"The main parts of this instrument are frame, vibrating tongue, and plucking end."
gogona_train17.jpg,gogona,train,sound,q5,phrase_2,What type of sound is produced by this instrument?,"This instrument produces a soft, twangy, vibrating sound."
gogona_train17.jpg,gogona,train,traditional_player,q6,phrase_1,Who traditionally plays this instrument?,This instrument is traditionally played by women.
gogona_train17.jpg,gogona,train,playing_method,q7,phrase_2,What is the method of playing this instrument?,This instrument is played by plucking the vibrating tongue near the mouth.
gogona_train17.jpg,gogona,train,instrument_type,q8,phrase_1,Which type of musical instrument does this belong to?,This is a mouth-resonated plucked idiophone instrument.
gogona_train17.jpg,gogona,train,description,q9,phrase_2,"Explain this instrument's cultural importance, and musical role.","The Gogona is a small mouth-resonated plucked idiophone traditionally made from bamboo and associated with the tribal communities of Assam. It is played by holding the frame near the mouth and plucking the vibrating tongue, using the oral cavity as a resonance chamber to amplify and shape its soft, twangy sound. The Gogona is one of the few Assamese instruments traditionally played by young women during Rongali Bihu. Its unique playing technique makes it one of the most culturally distinctive instruments of Assam."
gogona_train18.jpg,gogona,train,festival,q1,phrase_1,What festival is this instrument played in?,It is played during Rongali Bihu which is the spring festival of Assam.
gogona_train18.jpg,gogona,train,origin,q2,phrase_2,From which place does this instrument originate?,It originated in the tribal communities of Assam.
gogona_train18.jpg,gogona,train,material,q3,phrase_2,Which material is used to make this instrument?,This instrument is made of bamboo.
gogona_train18.jpg,gogona,train,parts,q4,phrase_1,What are the parts of this instrument?,"The main parts of this instrument are frame, vibrating tongue, and plucking end."
gogona_train18.jpg,gogona,train,sound,q5,phrase_1,What kind of sound does this instrument make?,"This instrument produces a soft, twangy, vibrating sound."
gogona_train18.jpg,gogona,train,traditional_player,q6,phrase_2,Which gender plays this instrument traditionally?,This instrument is traditionally played by women.
gogona_train18.jpg,gogona,train,playing_method,q7,phrase_1,How do you play this instrument?,This instrument is played by plucking the vibrating tongue near the mouth.
gogona_train18.jpg,gogona,train,instrument_type,q8,phrase_2,What type of musical instrument can this be classified as?,This is a mouth-resonated plucked idiophone instrument.
gogona_train18.jpg,gogona,train,description,q9,phrase_1,"Describe this instrument—its cultural significance, and use in Assamese music.","The Gogona is a small mouth-resonated plucked idiophone traditionally made from bamboo and associated with the tribal communities of Assam. It is played by holding the frame near the mouth and plucking the vibrating tongue, using the oral cavity as a resonance chamber to amplify and shape its soft, twangy sound. The Gogona is one of the few Assamese instruments traditionally played by young women during Rongali Bihu. Its unique playing technique makes it one of the most culturally distinctive instruments of Assam."
gogona_train19.jpg,gogona,train,festival,q1,phrase_1,What festival is this instrument played in?,It is played during Rongali Bihu which is the spring festival of Assam.
gogona_train19.jpg,gogona,train,origin,q2,phrase_1,What is the origin place of this instrument?,It originated in the tribal communities of Assam.
gogona_train19.jpg,gogona,train,material,q3,phrase_1,What is this instrument made from?,This instrument is made of bamboo.
gogona_train19.jpg,gogona,train,parts,q4,phrase_2,List the main parts of this instrument.,"The main parts of this instrument are frame, vibrating tongue, and plucking end."
gogona_train19.jpg,gogona,train,sound,q5,phrase_2,What type of sound is produced by this instrument?,"This instrument produces a soft, twangy, vibrating sound."
gogona_train19.jpg,gogona,train,traditional_player,q6,phrase_2,Which gender plays this instrument traditionally?,This instrument is traditionally played by women.
gogona_train19.jpg,gogona,train,playing_method,q7,phrase_2,What is the method of playing this instrument?,This instrument is played by plucking the vibrating tongue near the mouth.
gogona_train19.jpg,gogona,train,instrument_type,q8,phrase_1,Which type of musical instrument does this belong to?,This is a mouth-resonated plucked idiophone instrument.
gogona_train19.jpg,gogona,train,description,q9,phrase_2,"Explain this instrument's cultural importance, and musical role.","The Gogona is a small mouth-resonated plucked idiophone traditionally made from bamboo and associated with the tribal communities of Assam. It is played by holding the frame near the mouth and plucking the vibrating tongue, using the oral cavity as a resonance chamber to amplify and shape its soft, twangy sound. The Gogona is one of the few Assamese instruments traditionally played by young women during Rongali Bihu. Its unique playing technique makes it one of the most culturally distinctive instruments of Assam."
gogona_train2.jpg,gogona,train,festival,q1,phrase_2,During which festival is this instrument played?,It is played during Rongali Bihu which is the spring festival of Assam.
gogona_train2.jpg,gogona,train,origin,q2,phrase_2,From which place does this instrument originate?,It originated in the tribal communities of Assam.
gogona_train2.jpg,gogona,train,material,q3,phrase_2,Which material is used to make this instrument?,This instrument is made of bamboo.
gogona_train2.jpg,gogona,train,parts,q4,phrase_1,What are the parts of this instrument?,"The main parts of this instrument are frame, vibrating tongue, and plucking end."
gogona_train2.jpg,gogona,train,sound,q5,phrase_1,What kind of sound does this instrument make?,"This instrument produces a soft, twangy, vibrating sound."
gogona_train2.jpg,gogona,train,traditional_player,q6,phrase_1,Who traditionally plays this instrument?,This instrument is traditionally played by women.
gogona_train2.jpg,gogona,train,playing_method,q7,phrase_1,How do you play this instrument?,This instrument is played by plucking the vibrating tongue near the mouth.
gogona_train2.jpg,gogona,train,instrument_type,q8,phrase_2,What type of musical instrument can this be classified as?,This is a mouth-resonated plucked idiophone instrument.
gogona_train2.jpg,gogona,train,description,q9,phrase_1,"Describe this instrument—its cultural significance, and use in Assamese music.","The Gogona is a small mouth-resonated plucked idiophone traditionally made from bamboo and associated with the tribal communities of Assam. It is played by holding the frame near the mouth and plucking the vibrating tongue, using the oral cavity as a resonance chamber to amplify and shape its soft, twangy sound. The Gogona is one of the few Assamese instruments traditionally played by young women during Rongali Bihu. Its unique playing technique makes it one of the most culturally distinctive instruments of Assam."
gogona_train20.jpg,gogona,train,festival,q1,phrase_2,During which festival is this instrument played?,It is played during Rongali Bihu which is the spring festival of Assam.
gogona_train20.jpg,gogona,train,origin,q2,phrase_1,What is the origin place of this instrument?,It originated in the tribal communities of Assam.
gogona_train20.jpg,gogona,train,material,q3,phrase_1,What is this instrument made from?,This instrument is made of bamboo.
gogona_train20.jpg,gogona,train,parts,q4,phrase_2,List the main parts of this instrument.,"The main parts of this instrument are frame, vibrating tongue, and plucking end."
gogona_train20.jpg,gogona,train,sound,q5,phrase_2,What type of sound is produced by this instrument?,"This instrument produces a soft, twangy, vibrating sound."
gogona_train20.jpg,gogona,train,traditional_player,q6,phrase_1,Who traditionally plays this instrument?,This instrument is traditionally played by women.
gogona_train20.jpg,gogona,train,playing_method,q7,phrase_2,What is the method of playing this instrument?,This instrument is played by plucking the vibrating tongue near the mouth.
gogona_train20.jpg,gogona,train,instrument_type,q8,phrase_2,What type of musical instrument can this be classified as?,This is a mouth-resonated plucked idiophone instrument.
gogona_train20.jpg,gogona,train,description,q9,phrase_1,"Describe this instrument—its cultural significance, and use in Assamese music.","The Gogona is a small mouth-resonated plucked idiophone traditionally made from bamboo and associated with the tribal communities of Assam. It is played by holding the frame near the mouth and plucking the vibrating tongue, using the oral cavity as a resonance chamber to amplify and shape its soft, twangy sound. The Gogona is one of the few Assamese instruments traditionally played by young women during Rongali Bihu. Its unique playing technique makes it one of the most culturally distinctive instruments of Assam."
gogona_train21.jpg,gogona,train,festival,q1,phrase_1,What festival is this instrument played in?,It is played during Rongali Bihu which is the spring festival of Assam.
gogona_train21.jpg,gogona,train,origin,q2,phrase_2,From which place does this instrument originate?,It originated in the tribal communities of Assam.
gogona_train21.jpg,gogona,train,material,q3,phrase_2,Which material is used to make this instrument?,This instrument is made of bamboo.
gogona_train21.jpg,gogona,train,parts,q4,phrase_1,What are the parts of this instrument?,"The main parts of this instrument are frame, vibrating tongue, and plucking end."
gogona_train21.jpg,gogona,train,sound,q5,phrase_1,What kind of sound does this instrument make?,"This instrument produces a soft, twangy, vibrating sound."
gogona_train21.jpg,gogona,train,traditional_player,q6,phrase_2,Which gender plays this instrument traditionally?,This instrument is traditionally played by women.
gogona_train21.jpg,gogona,train,playing_method,q7,phrase_1,How do you play this instrument?,This instrument is played by plucking the vibrating tongue near the mouth.
gogona_train21.jpg,gogona,train,instrument_type,q8,phrase_1,Which type of musical instrument does this belong to?,This is a mouth-resonated plucked idiophone instrument.
gogona_train21.jpg,gogona,train,description,q9,phrase_2,"Explain this instrument's cultural importance, and musical role.","The Gogona is a small mouth-resonated plucked idiophone traditionally made from bamboo and associated with the tribal communities of Assam. It is played by holding the frame near the mouth and plucking the vibrating tongue, using the oral cavity as a resonance chamber to amplify and shape its soft, twangy sound. The Gogona is one of the few Assamese instruments traditionally played by young women during Rongali Bihu. Its unique playing technique makes it one of the most culturally distinctive instruments of Assam."
gogona_train22.jpg,gogona,train,festival,q1,phrase_1,What festival is this instrument played in?,It is played during Rongali Bihu which is the spring festival of Assam.
gogona_train22.jpg,gogona,train,origin,q2,phrase_2,From which place does this instrument originate?,It originated in the tribal communities of Assam.
gogona_train22.jpg,gogona,train,material,q3,phrase_2,Which material is used to make this instrument?,This instrument is made of bamboo.
gogona_train22.jpg,gogona,train,parts,q4,phrase_1,What are the parts of this instrument?,"The main parts of this instrument are frame, vibrating tongue, and plucking end."
gogona_train22.jpg,gogona,train,sound,q5,phrase_2,What type of sound is produced by this instrument?,"This instrument produces a soft, twangy, vibrating sound."
gogona_train22.jpg,gogona,train,traditional_player,q6,phrase_2,Which gender plays this instrument traditionally?,This instrument is traditionally played by women.
gogona_train22.jpg,gogona,train,playing_method,q7,phrase_1,How do you play this instrument?,This instrument is played by plucking the vibrating tongue near the mouth.
gogona_train22.jpg,gogona,train,instrument_type,q8,phrase_2,What type of musical instrument can this be classified as?,This is a mouth-resonated plucked idiophone instrument.
gogona_train22.jpg,gogona,train,description,q9,phrase_1,"Describe this instrument—its cultural significance, and use in Assamese music.","The Gogona is a small mouth-resonated plucked idiophone traditionally made from bamboo and associated with the tribal communities of Assam. It is played by holding the frame near the mouth and plucking the vibrating tongue, using the oral cavity as a resonance chamber to amplify and shape its soft, twangy sound. The Gogona is one of the few Assamese instruments traditionally played by young women during Rongali Bihu. Its unique playing technique makes it one of the most culturally distinctive instruments of Assam."
gogona_train3.jpg,gogona,train,festival,q1,phrase_2,During which festival is this instrument played?,It is played during Rongali Bihu which is the spring festival of Assam.
gogona_train3.jpg,gogona,train,origin,q2,phrase_1,What is the origin place of this instrument?,It originated in the tribal communities of Assam.
gogona_train3.jpg,gogona,train,material,q3,phrase_1,What is this instrument made from?,This instrument is made of bamboo.
gogona_train3.jpg,gogona,train,parts,q4,phrase_2,List the main parts of this instrument.,"The main parts of this instrument are frame, vibrating tongue, and plucking end."
gogona_train3.jpg,gogona,train,sound,q5,phrase_1,What kind of sound does this instrument make?,"This instrument produces a soft, twangy, vibrating sound."
gogona_train3.jpg,gogona,train,traditional_player,q6,phrase_1,Who traditionally plays this instrument?,This instrument is traditionally played by women.
gogona_train3.jpg,gogona,train,playing_method,q7,phrase_2,What is the method of playing this instrument?,This instrument is played by plucking the vibrating tongue near the mouth.
gogona_train3.jpg,gogona,train,instrument_type,q8,phrase_1,Which type of musical instrument does this belong to?,This is a mouth-resonated plucked idiophone instrument.
gogona_train3.jpg,gogona,train,description,q9,phrase_2,"Explain this instrument's cultural importance, and musical role.","The Gogona is a small mouth-resonated plucked idiophone traditionally made from bamboo and associated with the tribal communities of Assam. It is played by holding the frame near the mouth and plucking the vibrating tongue, using the oral cavity as a resonance chamber to amplify and shape its soft, twangy sound. The Gogona is one of the few Assamese instruments traditionally played by young women during Rongali Bihu. Its unique playing technique makes it one of the most culturally distinctive instruments of Assam."
gogona_train4.jpg,gogona,train,festival,q1,phrase_1,What festival is this instrument played in?,It is played during Rongali Bihu which is the spring festival of Assam.
gogona_train4.jpg,gogona,train,origin,q2,phrase_2,From which place does this instrument originate?,It originated in the tribal communities of Assam.
gogona_train4.jpg,gogona,train,material,q3,phrase_1,What is this instrument made from?,This instrument is made of bamboo.
gogona_train4.jpg,gogona,train,parts,q4,phrase_2,List the main parts of this instrument.,"The main parts of this instrument are frame, vibrating tongue, and plucking end."
gogona_train4.jpg,gogona,train,sound,q5,phrase_1,What kind of sound does this instrument make?,"This instrument produces a soft, twangy, vibrating sound."
gogona_train4.jpg,gogona,train,traditional_player,q6,phrase_1,Who traditionally plays this instrument?,This instrument is traditionally played by women.
gogona_train4.jpg,gogona,train,playing_method,q7,phrase_2,What is the method of playing this instrument?,This instrument is played by plucking the vibrating tongue near the mouth.
gogona_train4.jpg,gogona,train,instrument_type,q8,phrase_2,What type of musical instrument can this be classified as?,This is a mouth-resonated plucked idiophone instrument.
gogona_train4.jpg,gogona,train,description,q9,phrase_2,"Explain this instrument's cultural importance, and musical role.","The Gogona is a small mouth-resonated plucked idiophone traditionally made from bamboo and associated with the tribal communities of Assam. It is played by holding the frame near the mouth and plucking the vibrating tongue, using the oral cavity as a resonance chamber to amplify and shape its soft, twangy sound. The Gogona is one of the few Assamese instruments traditionally played by young women during Rongali Bihu. Its unique playing technique makes it one of the most culturally distinctive instruments of Assam."
gogona_train5.jpg,gogona,train,festival,q1,phrase_2,During which festival is this instrument played?,It is played during Rongali Bihu which is the spring festival of Assam.
gogona_train5.jpg,gogona,train,origin,q2,phrase_1,What is the origin place of this instrument?,It originated in the tribal communities of Assam.
gogona_train5.jpg,gogona,train,material,q3,phrase_2,Which material is used to make this instrument?,This instrument is made of bamboo.
gogona_train5.jpg,gogona,train,parts,q4,phrase_1,What are the parts of this instrument?,"The main parts of this instrument are frame, vibrating tongue, and plucking end."
gogona_train5.jpg,gogona,train,sound,q5,phrase_2,What type of sound is produced by this instrument?,"This instrument produces a soft, twangy, vibrating sound."
gogona_train5.jpg,gogona,train,traditional_player,q6,phrase_2,Which gender plays this instrument traditionally?,This instrument is traditionally played by women.
gogona_train5.jpg,gogona,train,playing_method,q7,phrase_1,How do you play this instrument?,This instrument is played by plucking the vibrating tongue near the mouth.
gogona_train5.jpg,gogona,train,instrument_type,q8,phrase_1,Which type of musical instrument does this belong to?,This is a mouth-resonated plucked idiophone instrument.
gogona_train5.jpg,gogona,train,description,q9,phrase_1,"Describe this instrument—its cultural significance, and use in Assamese music.","The Gogona is a small mouth-resonated plucked idiophone traditionally made from bamboo and associated with the tribal communities of Assam. It is played by holding the frame near the mouth and plucking the vibrating tongue, using the oral cavity as a resonance chamber to amplify and shape its soft, twangy sound. The Gogona is one of the few Assamese instruments traditionally played by young women during Rongali Bihu. Its unique playing technique makes it one of the most culturally distinctive instruments of Assam."
gogona_train6.jpg,gogona,train,festival,q1,phrase_1,What festival is this instrument played in?,It is played during Rongali Bihu which is the spring festival of Assam.
gogona_train6.jpg,gogona,train,origin,q2,phrase_1,What is the origin place of this instrument?,It originated in the tribal communities of Assam.
gogona_train6.jpg,gogona,train,material,q3,phrase_2,Which material is used to make this instrument?,This instrument is made of bamboo.
gogona_train6.jpg,gogona,train,parts,q4,phrase_2,List the main parts of this instrument.,"The main parts of this instrument are frame, vibrating tongue, and plucking end."
gogona_train6.jpg,gogona,train,sound,q5,phrase_1,What kind of sound does this instrument make?,"This instrument produces a soft, twangy, vibrating sound."
gogona_train6.jpg,gogona,train,traditional_player,q6,phrase_2,Which gender plays this instrument traditionally?,This instrument is traditionally played by women.
gogona_train6.jpg,gogona,train,playing_method,q7,phrase_1,How do you play this instrument?,This instrument is played by plucking the vibrating tongue near the mouth.
gogona_train6.jpg,gogona,train,instrument_type,q8,phrase_2,What type of musical instrument can this be classified as?,This is a mouth-resonated plucked idiophone instrument.
gogona_train6.jpg,gogona,train,description,q9,phrase_2,"Explain this instrument's cultural importance, and musical role.","The Gogona is a small mouth-resonated plucked idiophone traditionally made from bamboo and associated with the tribal communities of Assam. It is played by holding the frame near the mouth and plucking the vibrating tongue, using the oral cavity as a resonance chamber to amplify and shape its soft, twangy sound. The Gogona is one of the few Assamese instruments traditionally played by young women during Rongali Bihu. Its unique playing technique makes it one of the most culturally distinctive instruments of Assam."
gogona_train7.jpg,gogona,train,festival,q1,phrase_2,During which festival is this instrument played?,It is played during Rongali Bihu which is the spring festival of Assam.
gogona_train7.jpg,gogona,train,origin,q2,phrase_2,From which place does this instrument originate?,It originated in the tribal communities of Assam.
gogona_train7.jpg,gogona,train,material,q3,phrase_1,What is this instrument made from?,This instrument is made of bamboo.
gogona_train7.jpg,gogona,train,parts,q4,phrase_1,What are the parts of this instrument?,"The main parts of this instrument are frame, vibrating tongue, and plucking end."
gogona_train7.jpg,gogona,train,sound,q5,phrase_2,What type of sound is produced by this instrument?,"This instrument produces a soft, twangy, vibrating sound."
gogona_train7.jpg,gogona,train,traditional_player,q6,phrase_1,Who traditionally plays this instrument?,This instrument is traditionally played by women.
gogona_train7.jpg,gogona,train,playing_method,q7,phrase_2,What is the method of playing this instrument?,This instrument is played by plucking the vibrating tongue near the mouth.
gogona_train7.jpg,gogona,train,instrument_type,q8,phrase_1,Which type of musical instrument does this belong to?,This is a mouth-resonated plucked idiophone instrument.
gogona_train7.jpg,gogona,train,description,q9,phrase_1,"Describe this instrument—its cultural significance, and use in Assamese music.","The Gogona is a small mouth-resonated plucked idiophone traditionally made from bamboo and associated with the tribal communities of Assam. It is played by holding the frame near the mouth and plucking the vibrating tongue, using the oral cavity as a resonance chamber to amplify and shape its soft, twangy sound. The Gogona is one of the few Assamese instruments traditionally played by young women during Rongali Bihu. Its unique playing technique makes it one of the most culturally distinctive instruments of Assam."
gogona_train8.jpg,gogona,train,festival,q1,phrase_2,During which festival is this instrument played?,It is played during Rongali Bihu which is the spring festival of Assam.
gogona_train8.jpg,gogona,train,origin,q2,phrase_2,From which place does this instrument originate?,It originated in the tribal communities of Assam.
gogona_train8.jpg,gogona,train,material,q3,phrase_1,What is this instrument made from?,This instrument is made of bamboo.
gogona_train8.jpg,gogona,train,parts,q4,phrase_2,List the main parts of this instrument.,"The main parts of this instrument are frame, vibrating tongue, and plucking end."
gogona_train8.jpg,gogona,train,sound,q5,phrase_2,What type of sound is produced by this instrument?,"This instrument produces a soft, twangy, vibrating sound."
gogona_train8.jpg,gogona,train,traditional_player,q6,phrase_1,Who traditionally plays this instrument?,This instrument is traditionally played by women.
gogona_train8.jpg,gogona,train,playing_method,q7,phrase_1,How do you play this instrument?,This instrument is played by plucking the vibrating tongue near the mouth.
gogona_train8.jpg,gogona,train,instrument_type,q8,phrase_1,Which type of musical instrument does this belong to?,This is a mouth-resonated plucked idiophone instrument.
gogona_train8.jpg,gogona,train,description,q9,phrase_2,"Explain this instrument's cultural importance, and musical role.","The Gogona is a small mouth-resonated plucked idiophone traditionally made from bamboo and associated with the tribal communities of Assam. It is played by holding the frame near the mouth and plucking the vibrating tongue, using the oral cavity as a resonance chamber to amplify and shape its soft, twangy sound. The Gogona is one of the few Assamese instruments traditionally played by young women during Rongali Bihu. Its unique playing technique makes it one of the most culturally distinctive instruments of Assam."
gogona_train9.jpg,gogona,train,festival,q1,phrase_1,What festival is this instrument played in?,It is played during Rongali Bihu which is the spring festival of Assam.
gogona_train9.jpg,gogona,train,origin,q2,phrase_1,What is the origin place of this instrument?,It originated in the tribal communities of Assam.
gogona_train9.jpg,gogona,train,material,q3,phrase_2,Which material is used to make this instrument?,This instrument is made of bamboo.
gogona_train9.jpg,gogona,train,parts,q4,phrase_1,What are the parts of this instrument?,"The main parts of this instrument are frame, vibrating tongue, and plucking end."
gogona_train9.jpg,gogona,train,sound,q5,phrase_1,What kind of sound does this instrument make?,"This instrument produces a soft, twangy, vibrating sound."
gogona_train9.jpg,gogona,train,traditional_player,q6,phrase_2,Which gender plays this instrument traditionally?,This instrument is traditionally played by women.
gogona_train9.jpg,gogona,train,playing_method,q7,phrase_2,What is the method of playing this instrument?,This instrument is played by plucking the vibrating tongue near the mouth.
gogona_train9.jpg,gogona,train,instrument_type,q8,phrase_2,What type of musical instrument can this be classified as?,This is a mouth-resonated plucked idiophone instrument.
gogona_train9.jpg,gogona,train,description,q9,phrase_1,"Describe this instrument—its cultural significance, and use in Assamese music.","The Gogona is a small mouth-resonated plucked idiophone traditionally made from bamboo and associated with the tribal communities of Assam. It is played by holding the frame near the mouth and plucking the vibrating tongue, using the oral cavity as a resonance chamber to amplify and shape its soft, twangy sound. The Gogona is one of the few Assamese instruments traditionally played by young women during Rongali Bihu. Its unique playing technique makes it one of the most culturally distinctive instruments of Assam."
gogona_val1.jpg,gogona,validation,festival,q1,phrase_3,In which festival is this instrument played?,It is played during Rongali Bihu which is the spring festival of Assam.
gogona_val1.jpg,gogona,validation,origin,q2,phrase_3,Where did this instrument originate?,It originated in the tribal communities of Assam.
gogona_val1.jpg,gogona,validation,material,q3,phrase_3,What material is this instrument made of?,This instrument is made of bamboo.
gogona_val1.jpg,gogona,validation,parts,q4,phrase_3,Name the major parts of this instrument.,"The main parts of this instrument are frame, vibrating tongue, and plucking end."
gogona_val1.jpg,gogona,validation,sound,q5,phrase_3,What sound does this instrument produce?,"This instrument produces a soft, twangy, vibrating sound."
gogona_val1.jpg,gogona,validation,traditional_player,q6,phrase_3,Which gender traditionally plays this instrument?,This instrument is traditionally played by women.
gogona_val1.jpg,gogona,validation,playing_method,q7,phrase_3,How is this instrument played?,This instrument is played by plucking the vibrating tongue near the mouth.
gogona_val1.jpg,gogona,validation,instrument_type,q8,phrase_3,What type of musical instrument is this?,This is a mouth-resonated plucked idiophone instrument.
gogona_val1.jpg,gogona,validation,description,q9,phrase_3,"Give a description of this instrument including its cultural significance, and role in Assamese music.","The Gogona is a small mouth-resonated plucked idiophone traditionally made from bamboo and associated with the tribal communities of Assam. It is played by holding the frame near the mouth and plucking the vibrating tongue, using the oral cavity as a resonance chamber to amplify and shape its soft, twangy sound. The Gogona is one of the few Assamese instruments traditionally played by young women during Rongali Bihu. Its unique playing technique makes it one of the most culturally distinctive instruments of Assam."
gogona_val2.jpg,gogona,validation,festival,q1,phrase_3,In which festival is this instrument played?,It is played during Rongali Bihu which is the spring festival of Assam.
gogona_val2.jpg,gogona,validation,origin,q2,phrase_3,Where did this instrument originate?,It originated in the tribal communities of Assam.
gogona_val2.jpg,gogona,validation,material,q3,phrase_3,What material is this instrument made of?,This instrument is made of bamboo.
gogona_val2.jpg,gogona,validation,parts,q4,phrase_3,Name the major parts of this instrument.,"The main parts of this instrument are frame, vibrating tongue, and plucking end."
gogona_val2.jpg,gogona,validation,sound,q5,phrase_3,What sound does this instrument produce?,"This instrument produces a soft, twangy, vibrating sound."
gogona_val2.jpg,gogona,validation,traditional_player,q6,phrase_3,Which gender traditionally plays this instrument?,This instrument is traditionally played by women.
gogona_val2.jpg,gogona,validation,playing_method,q7,phrase_3,How is this instrument played?,This instrument is played by plucking the vibrating tongue near the mouth.
gogona_val2.jpg,gogona,validation,instrument_type,q8,phrase_3,What type of musical instrument is this?,This is a mouth-resonated plucked idiophone instrument.
gogona_val2.jpg,gogona,validation,description,q9,phrase_3,"Give a description of this instrument including its cultural significance, and role in Assamese music.","The Gogona is a small mouth-resonated plucked idiophone traditionally made from bamboo and associated with the tribal communities of Assam. It is played by holding the frame near the mouth and plucking the vibrating tongue, using the oral cavity as a resonance chamber to amplify and shape its soft, twangy sound. The Gogona is one of the few Assamese instruments traditionally played by young women during Rongali Bihu. Its unique playing technique makes it one of the most culturally distinctive instruments of Assam."
gogona_val3.jpg,gogona,validation,festival,q1,phrase_3,In which festival is this instrument played?,It is played during Rongali Bihu which is the spring festival of Assam.
gogona_val3.jpg,gogona,validation,origin,q2,phrase_3,Where did this instrument originate?,It originated in the tribal communities of Assam.
gogona_val3.jpg,gogona,validation,material,q3,phrase_3,What material is this instrument made of?,This instrument is made of bamboo.
gogona_val3.jpg,gogona,validation,parts,q4,phrase_3,Name the major parts of this instrument.,"The main parts of this instrument are frame, vibrating tongue, and plucking end."
gogona_val3.jpg,gogona,validation,sound,q5,phrase_3,What sound does this instrument produce?,"This instrument produces a soft, twangy, vibrating sound."
gogona_val3.jpg,gogona,validation,traditional_player,q6,phrase_3,Which gender traditionally plays this instrument?,This instrument is traditionally played by women.
gogona_val3.jpg,gogona,validation,playing_method,q7,phrase_3,How is this instrument played?,This instrument is played by plucking the vibrating tongue near the mouth.
gogona_val3.jpg,gogona,validation,instrument_type,q8,phrase_3,What type of musical instrument is this?,This is a mouth-resonated plucked idiophone instrument.
gogona_val3.jpg,gogona,validation,description,q9,phrase_3,"Give a description of this instrument including its cultural significance, and role in Assamese music.","The Gogona is a small mouth-resonated plucked idiophone traditionally made from bamboo and associated with the tribal communities of Assam. It is played by holding the frame near the mouth and plucking the vibrating tongue, using the oral cavity as a resonance chamber to amplify and shape its soft, twangy sound. The Gogona is one of the few Assamese instruments traditionally played by young women during Rongali Bihu. Its unique playing technique makes it one of the most culturally distinctive instruments of Assam."
gogona_val4.jpg,gogona,validation,festival,q1,phrase_3,In which festival is this instrument played?,It is played during Rongali Bihu which is the spring festival of Assam.
gogona_val4.jpg,gogona,validation,origin,q2,phrase_3,Where did this instrument originate?,It originated in the tribal communities of Assam.
gogona_val4.jpg,gogona,validation,material,q3,phrase_3,What material is this instrument made of?,This instrument is made of bamboo.
gogona_val4.jpg,gogona,validation,parts,q4,phrase_3,Name the major parts of this instrument.,"The main parts of this instrument are frame, vibrating tongue, and plucking end."
gogona_val4.jpg,gogona,validation,sound,q5,phrase_3,What sound does this instrument produce?,"This instrument produces a soft, twangy, vibrating sound."
gogona_val4.jpg,gogona,validation,traditional_player,q6,phrase_3,Which gender traditionally plays this instrument?,This instrument is traditionally played by women.
gogona_val4.jpg,gogona,validation,playing_method,q7,phrase_3,How is this instrument played?,This instrument is played by plucking the vibrating tongue near the mouth.
gogona_val4.jpg,gogona,validation,instrument_type,q8,phrase_3,What type of musical instrument is this?,This is a mouth-resonated plucked idiophone instrument.
gogona_val4.jpg,gogona,validation,description,q9,phrase_3,"Give a description of this instrument including its cultural significance, and role in Assamese music.","The Gogona is a small mouth-resonated plucked idiophone traditionally made from bamboo and associated with the tribal communities of Assam. It is played by holding the frame near the mouth and plucking the vibrating tongue, using the oral cavity as a resonance chamber to amplify and shape its soft, twangy sound. The Gogona is one of the few Assamese instruments traditionally played by young women during Rongali Bihu. Its unique playing technique makes it one of the most culturally distinctive instruments of Assam."
gogona_val5.jpg,gogona,validation,festival,q1,phrase_3,In which festival is this instrument played?,It is played during Rongali Bihu which is the spring festival of Assam.
gogona_val5.jpg,gogona,validation,origin,q2,phrase_3,Where did this instrument originate?,It originated in the tribal communities of Assam.
gogona_val5.jpg,gogona,validation,material,q3,phrase_3,What material is this instrument made of?,This instrument is made of bamboo.
gogona_val5.jpg,gogona,validation,parts,q4,phrase_3,Name the major parts of this instrument.,"The main parts of this instrument are frame, vibrating tongue, and plucking end."
gogona_val5.jpg,gogona,validation,sound,q5,phrase_3,What sound does this instrument produce?,"This instrument produces a soft, twangy, vibrating sound."
gogona_val5.jpg,gogona,validation,traditional_player,q6,phrase_3,Which gender traditionally plays this instrument?,This instrument is traditionally played by women.
gogona_val5.jpg,gogona,validation,playing_method,q7,phrase_3,How is this instrument played?,This instrument is played by plucking the vibrating tongue near the mouth.
gogona_val5.jpg,gogona,validation,instrument_type,q8,phrase_3,What type of musical instrument is this?,This is a mouth-resonated plucked idiophone instrument.
gogona_val5.jpg,gogona,validation,description,q9,phrase_3,"Give a description of this instrument including its cultural significance, and role in Assamese music.","The Gogona is a small mouth-resonated plucked idiophone traditionally made from bamboo and associated with the tribal communities of Assam. It is played by holding the frame near the mouth and plucking the vibrating tongue, using the oral cavity as a resonance chamber to amplify and shape its soft, twangy sound. The Gogona is one of the few Assamese instruments traditionally played by young women during Rongali Bihu. Its unique playing technique makes it one of the most culturally distinctive instruments of Assam."
gogona_test1.jpg,gogona,test,festival,q1,phrase_3,In which festival is this instrument played?,It is played during Rongali Bihu which is the spring festival of Assam.
gogona_test1.jpg,gogona,test,origin,q2,phrase_3,Where did this instrument originate?,It originated in the tribal communities of Assam.
gogona_test1.jpg,gogona,test,material,q3,phrase_3,What material is this instrument made of?,This instrument is made of bamboo.
gogona_test1.jpg,gogona,test,parts,q4,phrase_3,Name the major parts of this instrument.,"The main parts of this instrument are frame, vibrating tongue, and plucking end."
gogona_test1.jpg,gogona,test,sound,q5,phrase_3,What sound does this instrument produce?,"This instrument produces a soft, twangy, vibrating sound."
gogona_test1.jpg,gogona,test,traditional_player,q6,phrase_3,Which gender traditionally plays this instrument?,This instrument is traditionally played by women.
gogona_test1.jpg,gogona,test,playing_method,q7,phrase_3,How is this instrument played?,This instrument is played by plucking the vibrating tongue near the mouth.
gogona_test1.jpg,gogona,test,instrument_type,q8,phrase_3,What type of musical instrument is this?,This is a mouth-resonated plucked idiophone instrument.
gogona_test1.jpg,gogona,test,description,q9,phrase_3,"Give a description of this instrument including its cultural significance, and role in Assamese music.","The Gogona is a small mouth-resonated plucked idiophone traditionally made from bamboo and associated with the tribal communities of Assam. It is played by holding the frame near the mouth and plucking the vibrating tongue, using the oral cavity as a resonance chamber to amplify and shape its soft, twangy sound. The Gogona is one of the few Assamese instruments traditionally played by young women during Rongali Bihu. Its unique playing technique makes it one of the most culturally distinctive instruments of Assam."
gogona_test2.jpg,gogona,test,festival,q1,phrase_3,In which festival is this instrument played?,It is played during Rongali Bihu which is the spring festival of Assam.
gogona_test2.jpg,gogona,test,origin,q2,phrase_3,Where did this instrument originate?,It originated in the tribal communities of Assam.
gogona_test2.jpg,gogona,test,material,q3,phrase_3,What material is this instrument made of?,This instrument is made of bamboo.
gogona_test2.jpg,gogona,test,parts,q4,phrase_3,Name the major parts of this instrument.,"The main parts of this instrument are frame, vibrating tongue, and plucking end."
gogona_test2.jpg,gogona,test,sound,q5,phrase_3,What sound does this instrument produce?,"This instrument produces a soft, twangy, vibrating sound."
gogona_test2.jpg,gogona,test,traditional_player,q6,phrase_3,Which gender traditionally plays this instrument?,This instrument is traditionally played by women.
gogona_test2.jpg,gogona,test,playing_method,q7,phrase_3,How is this instrument played?,This instrument is played by plucking the vibrating tongue near the mouth.
gogona_test2.jpg,gogona,test,instrument_type,q8,phrase_3,What type of musical instrument is this?,This is a mouth-resonated plucked idiophone instrument.
gogona_test2.jpg,gogona,test,description,q9,phrase_3,"Give a description of this instrument including its cultural significance, and role in Assamese music.","The Gogona is a small mouth-resonated plucked idiophone traditionally made from bamboo and associated with the tribal communities of Assam. It is played by holding the frame near the mouth and plucking the vibrating tongue, using the oral cavity as a resonance chamber to amplify and shape its soft, twangy sound. The Gogona is one of the few Assamese instruments traditionally played by young women during Rongali Bihu. Its unique playing technique makes it one of the most culturally distinctive instruments of Assam."
gogona_test3.jpg,gogona,test,festival,q1,phrase_3,In which festival is this instrument played?,It is played during Rongali Bihu which is the spring festival of Assam.
gogona_test3.jpg,gogona,test,origin,q2,phrase_3,Where did this instrument originate?,It originated in the tribal communities of Assam.
gogona_test3.jpg,gogona,test,material,q3,phrase_3,What material is this instrument made of?,This instrument is made of bamboo.
gogona_test3.jpg,gogona,test,parts,q4,phrase_3,Name the major parts of this instrument.,"The main parts of this instrument are frame, vibrating tongue, and plucking end."
gogona_test3.jpg,gogona,test,sound,q5,phrase_3,What sound does this instrument produce?,"This instrument produces a soft, twangy, vibrating sound."
gogona_test3.jpg,gogona,test,traditional_player,q6,phrase_3,Which gender traditionally plays this instrument?,This instrument is traditionally played by women.
gogona_test3.jpg,gogona,test,playing_method,q7,phrase_3,How is this instrument played?,This instrument is played by plucking the vibrating tongue near the mouth.
gogona_test3.jpg,gogona,test,instrument_type,q8,phrase_3,What type of musical instrument is this?,This is a mouth-resonated plucked idiophone instrument.
gogona_test3.jpg,gogona,test,description,q9,phrase_3,"Give a description of this instrument including its cultural significance, and role in Assamese music.","The Gogona is a small mouth-resonated plucked idiophone traditionally made from bamboo and associated with the tribal communities of Assam. It is played by holding the frame near the mouth and plucking the vibrating tongue, using the oral cavity as a resonance chamber to amplify and shape its soft, twangy sound. The Gogona is one of the few Assamese instruments traditionally played by young women during Rongali Bihu. Its unique playing technique makes it one of the most culturally distinctive instruments of Assam."
gogona_test4.jpg,gogona,test,festival,q1,phrase_3,In which festival is this instrument played?,It is played during Rongali Bihu which is the spring festival of Assam.
gogona_test4.jpg,gogona,test,origin,q2,phrase_3,Where did this instrument originate?,It originated in the tribal communities of Assam.
gogona_test4.jpg,gogona,test,material,q3,phrase_3,What material is this instrument made of?,This instrument is made of bamboo.
gogona_test4.jpg,gogona,test,parts,q4,phrase_3,Name the major parts of this instrument.,"The main parts of this instrument are frame, vibrating tongue, and plucking end."
gogona_test4.jpg,gogona,test,sound,q5,phrase_3,What sound does this instrument produce?,"This instrument produces a soft, twangy, vibrating sound."
gogona_test4.jpg,gogona,test,traditional_player,q6,phrase_3,Which gender traditionally plays this instrument?,This instrument is traditionally played by women.
gogona_test4.jpg,gogona,test,playing_method,q7,phrase_3,How is this instrument played?,This instrument is played by plucking the vibrating tongue near the mouth.
gogona_test4.jpg,gogona,test,instrument_type,q8,phrase_3,What type of musical instrument is this?,This is a mouth-resonated plucked idiophone instrument.
gogona_test4.jpg,gogona,test,description,q9,phrase_3,"Give a description of this instrument including its cultural significance, and role in Assamese music.","The Gogona is a small mouth-resonated plucked idiophone traditionally made from bamboo and associated with the tribal communities of Assam. It is played by holding the frame near the mouth and plucking the vibrating tongue, using the oral cavity as a resonance chamber to amplify and shape its soft, twangy sound. The Gogona is one of the few Assamese instruments traditionally played by young women during Rongali Bihu. Its unique playing technique makes it one of the most culturally distinctive instruments of Assam."
gogona_test5.jpg,gogona,test,festival,q1,phrase_3,In which festival is this instrument played?,It is played during Rongali Bihu which is the spring festival of Assam.
gogona_test5.jpg,gogona,test,origin,q2,phrase_3,Where did this instrument originate?,It originated in the tribal communities of Assam.
gogona_test5.jpg,gogona,test,material,q3,phrase_3,What material is this instrument made of?,This instrument is made of bamboo.
gogona_test5.jpg,gogona,test,parts,q4,phrase_3,Name the major parts of this instrument.,"The main parts of this instrument are frame, vibrating tongue, and plucking end."
gogona_test5.jpg,gogona,test,sound,q5,phrase_3,What sound does this instrument produce?,"This instrument produces a soft, twangy, vibrating sound."
gogona_test5.jpg,gogona,test,traditional_player,q6,phrase_3,Which gender traditionally plays this instrument?,This instrument is traditionally played by women.
gogona_test5.jpg,gogona,test,playing_method,q7,phrase_3,How is this instrument played?,This instrument is played by plucking the vibrating tongue near the mouth.
gogona_test5.jpg,gogona,test,instrument_type,q8,phrase_3,What type of musical instrument is this?,This is a mouth-resonated plucked idiophone instrument.
gogona_test5.jpg,gogona,test,description,q9,phrase_3,"Give a description of this instrument including its cultural significance, and role in Assamese music.","The Gogona is a small mouth-resonated plucked idiophone traditionally made from bamboo and associated with the tribal communities of Assam. It is played by holding the frame near the mouth and plucking the vibrating tongue, using the oral cavity as a resonance chamber to amplify and shape its soft, twangy sound. The Gogona is one of the few Assamese instruments traditionally played by young women during Rongali Bihu. Its unique playing technique makes it one of the most culturally distinctive instruments of Assam."
