image,instrument,question_id,concept,prediction,axis_1_alignment,axis_2a_content,axis_2b_hedge,axis_3_correctness,axis_4_completeness,axis_5_termination,axis_6_repetition,axis_7_unsupported,core_category,needs_review,toka_q9_limitation
/kaggle/input/datasets/bbeastboy/assamese-instrument-vlm-datasetqwen2-5-vl-3b/kaggle_dataset32/dataset_32images/bahi/test/bahi_test1.jpg,bahi,q1,festival,"This small, conical wind instrument is made from a single piece of bamboo. It is blown from both ends to produce a sharp, piercing sound.",misaligned,yes,no,not_applicable,not_applicable,intact,absent,present,Question Misunderstanding,False,False
/kaggle/input/datasets/bbeastboy/assamese-instrument-vlm-datasetqwen2-5-vl-3b/kaggle_dataset32/dataset_32images/bahi/test/bahi_test1.jpg,bahi,q2,origin,This instrument is made by splitting a bamboo stick lengthwise and inserting a small piece of bamboo at one end.,misaligned,yes,no,not_applicable,not_applicable,intact,absent,present,Question Misunderstanding,False,False
/kaggle/input/datasets/bbeastboy/assamese-instrument-vlm-datasetqwen2-5-vl-3b/kaggle_dataset32/dataset_32images/bahi/test/bahi_test1.jpg,bahi,q3,material,This instrument is made of bamboo.,aligned,yes,no,correct,complete,intact,absent,none,Correct,False,False
/kaggle/input/datasets/bbeastboy/assamese-instrument-vlm-datasetqwen2-5-vl-3b/kaggle_dataset32/dataset_32images/bahi/test/bahi_test1.jpg,bahi,q4,parts,"The main parts of this instrument are bamboo tube body, blow hole and finger holes.",aligned,yes,no,correct,complete,intact,absent,none,Correct,False,False
/kaggle/input/datasets/bbeastboy/assamese-instrument-vlm-datasetqwen2-5-vl-3b/kaggle_dataset32/dataset_32images/bahi/test/bahi_test1.jpg,bahi,q5,sound,"This instrument produces a soft, melodic, flute-like sound.",aligned,yes,no,correct,complete,intact,absent,none,Correct,False,False
/kaggle/input/datasets/bbeastboy/assamese-instrument-vlm-datasetqwen2-5-vl-3b/kaggle_dataset32/dataset_32images/bahi/test/bahi_test1.jpg,bahi,q6,traditional_player,This instrument is traditionally played by men. It is traditionally played by men.,aligned,yes,no,correct,complete,intact,present,none,Correct,False,False
/kaggle/input/datasets/bbeastboy/assamese-instrument-vlm-datasetqwen2-5-vl-3b/kaggle_dataset32/dataset_32images/bahi/test/bahi_test1.jpg,bahi,q7,playing_method,This instrument is played by blowing air across the blow hole and covering finger holes.,aligned,yes,no,correct,complete,intact,absent,none,Correct,False,False
/kaggle/input/datasets/bbeastboy/assamese-instrument-vlm-datasetqwen2-5-vl-3b/kaggle_dataset32/dataset_32images/bahi/test/bahi_test1.jpg,bahi,q8,instrument_type,This is a transverse bamboo flute instrument. It is made from bamboo and played by blowing air across the mouthpiece while pressing the fingers against the finger holes.,aligned,yes,no,correct,complete,intact,absent,present,Correct,False,False
/kaggle/input/datasets/bbeastboy/assamese-instrument-vlm-datasetqwen2-5-vl-3b/kaggle_dataset32/dataset_32images/bahi/test/bahi_test1.jpg,bahi,q9,description,"The Bahi is a transverse flute made entirely from bamboo, played by blowing air across a side blow hole while controlling pitch through finger holes along the tube. It is one of the oldest melodic instruments in Assamese folk music and is prominently used during Rongali Bihu celebrations. Unlike the rhythm-keeping instruments of the Bihu ensemble, the Bahi carries the melodic layer with its soft, flute-like tone. It is traditionally played by men and is closely associated with pastoral and folk music traditions of Assam.",aligned,yes,no,correct,complete,intact,absent,none,Correct,False,False
/kaggle/input/datasets/bbeastboy/assamese-instrument-vlm-datasetqwen2-5-vl-3b/kaggle_dataset32/dataset_32images/bahi/test/bahi_test2.jpg,bahi,q1,festival,"This small, conical wind instrument is made from a single piece of bamboo and is traditionally played by women.",misaligned,yes,no,not_applicable,not_applicable,intact,absent,present,Question Misunderstanding,False,False
/kaggle/input/datasets/bbeastboy/assamese-instrument-vlm-datasetqwen2-5-vl-3b/kaggle_dataset32/dataset_32images/bahi/test/bahi_test2.jpg,bahi,q2,origin,This instrument is made by splitting a bamboo cane lengthwise and inserting small pieces of bamboo inside.,misaligned,yes,no,not_applicable,not_applicable,intact,absent,present,Question Misunderstanding,False,False
/kaggle/input/datasets/bbeastboy/assamese-instrument-vlm-datasetqwen2-5-vl-3b/kaggle_dataset32/dataset_32images/bahi/test/bahi_test2.jpg,bahi,q3,material,This instrument is made of bamboo.,aligned,yes,no,correct,complete,intact,absent,none,Correct,False,False
/kaggle/input/datasets/bbeastboy/assamese-instrument-vlm-datasetqwen2-5-vl-3b/kaggle_dataset32/dataset_32images/bahi/test/bahi_test2.jpg,bahi,q4,parts,"The main parts of this instrument are bamboo tube body, blow hole and finger holes.",aligned,yes,no,correct,complete,intact,absent,none,Correct,False,False
/kaggle/input/datasets/bbeastboy/assamese-instrument-vlm-datasetqwen2-5-vl-3b/kaggle_dataset32/dataset_32images/bahi/test/bahi_test2.jpg,bahi,q5,sound,The thin end of this instrument is blown to produce sound. It is played by blowing air through the narrow end and covering the open end with the lips.,misaligned,yes,no,not_applicable,not_applicable,intact,absent,present,Question Misunderstanding,False,False
/kaggle/input/datasets/bbeastboy/assamese-instrument-vlm-datasetqwen2-5-vl-3b/kaggle_dataset32/dataset_32images/bahi/test/bahi_test2.jpg,bahi,q6,traditional_player,This instrument is traditionally played by men.,aligned,yes,no,correct,complete,intact,absent,none,Correct,False,False
/kaggle/input/datasets/bbeastboy/assamese-instrument-vlm-datasetqwen2-5-vl-3b/kaggle_dataset32/dataset_32images/bahi/test/bahi_test2.jpg,bahi,q7,playing_method,This instrument is played by placing both mouthpieces in the airflow and covering finger holes with one hand while covering the other mouthpiece with the other hand.,aligned,yes,no,incorrect,not_applicable,intact,absent,present,Hallucination,False,False
/kaggle/input/datasets/bbeastboy/assamese-instrument-vlm-datasetqwen2-5-vl-3b/kaggle_dataset32/dataset_32images/bahi/test/bahi_test2.jpg,bahi,q8,instrument_type,This is a transverse bamboo flute instrument. It is made from bamboo and played by blowing air across the mouthpiece.,aligned,yes,no,correct,complete,intact,absent,present,Correct,False,False
/kaggle/input/datasets/bbeastboy/assamese-instrument-vlm-datasetqwen2-5-vl-3b/kaggle_dataset32/dataset_32images/bahi/test/bahi_test2.jpg,bahi,q9,description,"The Bahi is a transverse flute made entirely from bamboo, played by blowing air across a side blow hole while controlling pitch through finger holes along the tube. It is one of the oldest melodic instruments in Assamese folk music and is prominently used during Rongali Bihu celebrations. Unlike the rhythm-keeping instruments of the Bihu ensemble, the Bahi carries the melodic layer with its soft, flute-like tone. It is traditionally played by men and is closely associated with pastoral and folk music traditions of Assam.",aligned,yes,no,correct,complete,intact,absent,none,Correct,False,False
/kaggle/input/datasets/bbeastboy/assamese-instrument-vlm-datasetqwen2-5-vl-3b/kaggle_dataset32/dataset_32images/bahi/test/bahi_test3.jpg,bahi,q1,festival,This instrument is played during Rongali Bihu which is the spring festival of Assam. It is played by both men and women.,aligned,yes,no,correct,complete,intact,absent,present,Correct,False,False
/kaggle/input/datasets/bbeastboy/assamese-instrument-vlm-datasetqwen2-5-vl-3b/kaggle_dataset32/dataset_32images/bahi/test/bahi_test3.jpg,bahi,q2,origin,This instrument is made from a single piece of bamboo and consists of two separate pieces connected by a joint.,misaligned,yes,no,not_applicable,not_applicable,intact,absent,present,Question Misunderstanding,False,False
/kaggle/input/datasets/bbeastboy/assamese-instrument-vlm-datasetqwen2-5-vl-3b/kaggle_dataset32/dataset_32images/bahi/test/bahi_test3.jpg,bahi,q3,material,This instrument is made of bamboo.,aligned,yes,no,correct,complete,intact,absent,none,Correct,False,False
/kaggle/input/datasets/bbeastboy/assamese-instrument-vlm-datasetqwen2-5-vl-3b/kaggle_dataset32/dataset_32images/bahi/test/bahi_test3.jpg,bahi,q4,parts,"The main parts of this instrument are bamboo tube body, blow hole and finger holes.",aligned,yes,no,correct,complete,intact,absent,none,Correct,False,False
/kaggle/input/datasets/bbeastboy/assamese-instrument-vlm-datasetqwen2-5-vl-3b/kaggle_dataset32/dataset_32images/bahi/test/bahi_test3.jpg,bahi,q5,sound,"This instrument produces a soft, melodic, flute-like sound.",aligned,yes,no,correct,complete,intact,absent,none,Correct,False,False
/kaggle/input/datasets/bbeastboy/assamese-instrument-vlm-datasetqwen2-5-vl-3b/kaggle_dataset32/dataset_32images/bahi/test/bahi_test3.jpg,bahi,q6,traditional_player,This instrument is traditionally played by men.,aligned,yes,no,correct,complete,intact,absent,none,Correct,False,False
/kaggle/input/datasets/bbeastboy/assamese-instrument-vlm-datasetqwen2-5-vl-3b/kaggle_dataset32/dataset_32images/bahi/test/bahi_test3.jpg,bahi,q7,playing_method,This instrument is played by blowing air across the blow hole and covering finger holes.,aligned,yes,no,correct,complete,intact,absent,none,Correct,False,False
/kaggle/input/datasets/bbeastboy/assamese-instrument-vlm-datasetqwen2-5-vl-3b/kaggle_dataset32/dataset_32images/bahi/test/bahi_test3.jpg,bahi,q8,instrument_type,This is a transverse bamboo flute instrument. It is played by blowing air across the mouthpiece and covering finger holes.,aligned,yes,no,correct,complete,intact,absent,present,Correct,False,False
/kaggle/input/datasets/bbeastboy/assamese-instrument-vlm-datasetqwen2-5-vl-3b/kaggle_dataset32/dataset_32images/bahi/test/bahi_test3.jpg,bahi,q9,description,"The Bahi is a transverse-assamese wind instrument made entirely from bamboo, played by blowing air across a side blow hole while controlling pitch through finger holes along the tube. It is one of the oldest melodic instruments in Assamese folk music and is prominently used during Rongali Bihu celebrations. Unlike the rhythm-keeping instruments of the Bihu ensemble, the Bahi carries the melodic layer with its soft, flute-like tone. It is traditionally played by men and is closely associated with pastoral and folk music traditions of Assam.",aligned,yes,no,correct,complete,intact,absent,none,Correct,False,False
/kaggle/input/datasets/bbeastboy/assamese-instrument-vlm-datasetqwen2-5-vl-3b/kaggle_dataset32/dataset_32images/bahi/test/bahi_test4.jpg,bahi,q1,festival,This instrument is played during Rongali Bihu which is the spring festival of Assam. It is played by both men and women.,aligned,yes,no,correct,complete,intact,absent,present,Correct,False,False
/kaggle/input/datasets/bbeastboy/assamese-instrument-vlm-datasetqwen2-5-vl-3b/kaggle_dataset32/dataset_32images/bahi/test/bahi_test4.jpg,bahi,q2,origin,This instrument is made from a single piece of bamboo and has two blow holes. It is played by blowing air through both ends.,misaligned,yes,no,not_applicable,not_applicable,intact,absent,present,Question Misunderstanding,False,False
/kaggle/input/datasets/bbeastboy/assamese-instrument-vlm-datasetqwen2-5-vl-3b/kaggle_dataset32/dataset_32images/bahi/test/bahi_test4.jpg,bahi,q3,material,This instrument is made of bamboo.,aligned,yes,no,correct,complete,intact,absent,none,Correct,False,False
/kaggle/input/datasets/bbeastboy/assamese-instrument-vlm-datasetqwen2-5-vl-3b/kaggle_dataset32/dataset_32images/bahi/test/bahi_test4.jpg,bahi,q4,parts,"The main parts of this instrument are bamboo tube body, blow hole and finger holes.",aligned,yes,no,correct,complete,intact,absent,none,Correct,False,False
/kaggle/input/datasets/bbeastboy/assamese-instrument-vlm-datasetqwen2-5-vl-3b/kaggle_dataset32/dataset_32images/bahi/test/bahi_test4.jpg,bahi,q5,sound,"This instrument produces a soft, melodic, flute-like sound.",aligned,yes,no,correct,complete,intact,absent,none,Correct,False,False
/kaggle/input/datasets/bbeastboy/assamese-instrument-vlm-datasetqwen2-5-vl-3b/kaggle_dataset32/dataset_32images/bahi/test/bahi_test4.jpg,bahi,q6,traditional_player,This instrument is traditionally played by men.,aligned,yes,no,correct,complete,intact,absent,none,Correct,False,False
/kaggle/input/datasets/bbeastboy/assamese-instrument-vlm-datasetqwen2-5-vl-3b/kaggle_dataset32/dataset_32images/bahi/test/bahi_test4.jpg,bahi,q7,playing_method,This instrument is played by blowing air across the blow hole and covering finger holes.,aligned,yes,no,correct,complete,intact,absent,none,Correct,False,False
/kaggle/input/datasets/bbeastboy/assamese-instrument-vlm-datasetqwen2-5-vl-3b/kaggle_dataset32/dataset_32images/bahi/test/bahi_test4.jpg,bahi,q8,instrument_type,This is a transverse bamboo flute instrument. It is played by blowing air across the mouthpiece and covering finger holes.,aligned,yes,no,correct,complete,intact,absent,present,Correct,False,False
/kaggle/input/datasets/bbeastboy/assamese-instrument-vlm-datasetqwen2-5-vl-3b/kaggle_dataset32/dataset_32images/bahi/test/bahi_test4.jpg,bahi,q9,description,"The Bahi is a transverse bamboo flute that is traditionally made from a single piece of bamboo. It is played by blowing air across a side blow hole while controlling pitch through finger holes along the tube. The Bahi is one of the oldest transverse flutes in Assamese folk music and is traditionally played by men. It is closely associated with pastoral and folk music traditions of Assam. Its soft, flute-like tone makes it suitable for accompanying other rhythmic instruments during Bihu celebrations.",aligned,yes,no,correct,partial,intact,absent,none,Partial Answer,False,False
/kaggle/input/datasets/bbeastboy/assamese-instrument-vlm-datasetqwen2-5-vl-3b/kaggle_dataset32/dataset_32images/bahi/test/bahi_test5.jpg,bahi,q1,festival,This instrument is blown to produce a high pitched wailing sound. It is played by both men and women.,misaligned,yes,no,not_applicable,not_applicable,intact,absent,present,Question Misunderstanding,False,False
/kaggle/input/datasets/bbeastboy/assamese-instrument-vlm-datasetqwen2-5-vl-3b/kaggle_dataset32/dataset_32images/bahi/test/bahi_test5.jpg,bahi,q2,origin,"This instrument is made from a single piece of bamboo and is blown to produce a high-pitched, sharp tone.",misaligned,yes,no,not_applicable,not_applicable,intact,absent,present,Question Misunderstanding,False,False
/kaggle/input/datasets/bbeastboy/assamese-instrument-vlm-datasetqwen2-5-vl-3b/kaggle_dataset32/dataset_32images/bahi/test/bahi_test5.jpg,bahi,q3,material,This instrument is made of bamboo.,aligned,yes,no,correct,complete,intact,absent,none,Correct,False,False
/kaggle/input/datasets/bbeastboy/assamese-instrument-vlm-datasetqwen2-5-vl-3b/kaggle_dataset32/dataset_32images/bahi/test/bahi_test5.jpg,bahi,q4,parts,During which festival is this instrument played?,misaligned,yes,no,not_applicable,not_applicable,intact,absent,present,Question Misunderstanding,False,False
/kaggle/input/datasets/bbeastboy/assamese-instrument-vlm-datasetqwen2-5-vl-3b/kaggle_dataset32/dataset_32images/bahi/test/bahi_test5.jpg,bahi,q5,sound,"This instrument produces a soft, melodic, flute-like sound.",aligned,yes,no,correct,complete,intact,absent,none,Correct,False,False
/kaggle/input/datasets/bbeastboy/assamese-instrument-vlm-datasetqwen2-5-vl-3b/kaggle_dataset32/dataset_32images/bahi/test/bahi_test5.jpg,bahi,q6,traditional_player,This instrument is traditionally played by men.,aligned,yes,no,correct,complete,intact,absent,none,Correct,False,False
/kaggle/input/datasets/bbeastboy/assamese-instrument-vlm-datasetqwen2-5-vl-3b/kaggle_dataset32/dataset_32images/bahi/test/bahi_test5.jpg,bahi,q7,playing_method,This instrument is played by blowing air across the blow hole and covering finger holes.,aligned,yes,no,correct,complete,intact,absent,none,Correct,False,False
/kaggle/input/datasets/bbeastboy/assamese-instrument-vlm-datasetqwen2-5-vl-3b/kaggle_dataset32/dataset_32images/bahi/test/bahi_test5.jpg,bahi,q8,instrument_type,This is a transverse bamboo flute instrument. It is played by blowing air across the open end and covering finger holes.,aligned,yes,no,correct,complete,intact,absent,present,Correct,False,False
/kaggle/input/datasets/bbeastboy/assamese-instrument-vlm-datasetqwen2-5-vl-3b/kaggle_dataset32/dataset_32images/bahi/test/bahi_test5.jpg,bahi,q9,description,"The Bahi is a transverse flute made entirely from bamboo, played by blowing air across a side blow hole while controlling pitch through finger holes along the tube. It is one of the oldest melodic instruments in Assamese folk music and is prominently used during Rongali Bihu celebrations. Unlike the rhythm-keeping instruments of the Bihu ensemble, the Bahi carries the melodic layer with its soft, flute-like tone. It is traditionally played by men and is closely associated with pastoral and folk music traditions of Assam.",aligned,yes,no,correct,complete,intact,absent,none,Correct,False,False
/kaggle/input/datasets/bbeastboy/assamese-instrument-vlm-datasetqwen2-5-vl-3b/kaggle_dataset32/dataset_32images/toka/test/toka_test1.jpg,toka,q1,festival,"This small bamboo flute is blown to produce a sharp, piercing sound. It is traditionally played during Rongali Bihu.",aligned,yes,no,correct,complete,intact,absent,present,Correct,False,False
/kaggle/input/datasets/bbeastboy/assamese-instrument-vlm-datasetqwen2-5-vl-3b/kaggle_dataset32/dataset_32images/toka/test/toka_test1.jpg,toka,q2,origin,This instrument is played by holding both ends and vibrating the vibrating bar by striking it against the other end or a hard surface.,misaligned,yes,no,not_applicable,not_applicable,intact,absent,present,Question Misunderstanding,False,False
/kaggle/input/datasets/bbeastboy/assamese-instrument-vlm-datasetqwen2-5-vl-3b/kaggle_dataset32/dataset_32images/toka/test/toka_test1.jpg,toka,q3,material,This instrument is made of bamboo.,aligned,yes,no,correct,complete,intact,absent,none,Correct,False,False
/kaggle/input/datasets/bbeastboy/assamese-instrument-vlm-datasetqwen2-5-vl-3b/kaggle_dataset32/dataset_32images/toka/test/toka_test1.jpg,toka,q4,parts,This instrument is played by striking both ends with the fingers.,misaligned,yes,no,not_applicable,not_applicable,intact,absent,present,Question Misunderstanding,False,False
/kaggle/input/datasets/bbeastboy/assamese-instrument-vlm-datasetqwen2-5-vl-3b/kaggle_dataset32/dataset_32images/toka/test/toka_test1.jpg,toka,q5,sound,"This instrument produces a sharp, dry clicking sound.",aligned,yes,no,correct,complete,intact,absent,none,Correct,False,False
/kaggle/input/datasets/bbeastboy/assamese-instrument-vlm-datasetqwen2-5-vl-3b/kaggle_dataset32/dataset_32images/toka/test/toka_test1.jpg,toka,q6,traditional_player,This instrument is traditionally played by women.,aligned,yes,no,incorrect,not_applicable,intact,absent,present,Hallucination,False,False
/kaggle/input/datasets/bbeastboy/assamese-instrument-vlm-datasetqwen2-5-vl-3b/kaggle_dataset32/dataset_32images/toka/test/toka_test1.jpg,toka,q7,playing_method,This instrument is played by striking both ends of the bamboo piece against each other.,aligned,yes,no,incorrect,not_applicable,intact,absent,present,Hallucination,False,False
/kaggle/input/datasets/bbeastboy/assamese-instrument-vlm-datasetqwen2-5-vl-3b/kaggle_dataset32/dataset_32images/toka/test/toka_test1.jpg,toka,q8,instrument_type,"During performances, this instrument is played by striking the two ends of the bamboo stick together.",misaligned,yes,no,not_applicable,not_applicable,intact,absent,present,Question Misunderstanding,False,False
/kaggle/input/datasets/bbeastboy/assamese-instrument-vlm-datasetqwen2-5-vl-3b/kaggle_dataset32/dataset_32images/toka/test/toka_test1.jpg,toka,q9,description,"The Toka is a traditional Assamese percussion instrument made entirely from bamboo, consisting of two pieces joined and clapped together rhythmically. Its sharp, dry clicking sound provides rhythmic accompaniment that complements heavier instruments like the Dhol. Toka is played by both men and women, making it an inclusive instrument in Assamese folk music. It is one of the earliest percussion instruments used in Assamese folk music. The small size of the Toka makes it easy to carry and play, making it popular among performers.",aligned,yes,no,correct,complete,intact,absent,present,Correct,False,True
/kaggle/input/datasets/bbeastboy/assamese-instrument-vlm-datasetqwen2-5-vl-3b/kaggle_dataset32/dataset_32images/toka/test/toka_test2.jpg,toka,q1,festival,"This small, cone-shaped instrument is made of bamboo and a small piece of metal or stone. It is blown to make a sharp, clicking sound.",misaligned,yes,no,not_applicable,not_applicable,intact,absent,present,Question Misunderstanding,False,False
/kaggle/input/datasets/bbeastboy/assamese-instrument-vlm-datasetqwen2-5-vl-3b/kaggle_dataset32/dataset_32images/toka/test/toka_test2.jpg,toka,q2,origin,This instrument is played by holding both ends and vibrating the vibrating bar while plucking the ring.,misaligned,yes,no,not_applicable,not_applicable,intact,absent,present,Question Misunderstanding,False,False
/kaggle/input/datasets/bbeastboy/assamese-instrument-vlm-datasetqwen2-5-vl-3b/kaggle_dataset32/dataset_32images/toka/test/toka_test2.jpg,toka,q3,material,This instrument is made of bamboo.,aligned,yes,no,correct,complete,intact,absent,none,Correct,False,False
/kaggle/input/datasets/bbeastboy/assamese-instrument-vlm-datasetqwen2-5-vl-3b/kaggle_dataset32/dataset_32images/toka/test/toka_test2.jpg,toka,q4,parts,"The main parts of this instrument are two bamboo pieces, hinged joint, and striking ends.",aligned,yes,no,correct,complete,intact,absent,none,Correct,False,False
/kaggle/input/datasets/bbeastboy/assamese-instrument-vlm-datasetqwen2-5-vl-3b/kaggle_dataset32/dataset_32images/toka/test/toka_test2.jpg,toka,q5,sound,"This instrument produces a sharp, dry clicking sound.",aligned,yes,no,correct,complete,intact,absent,none,Correct,False,False
/kaggle/input/datasets/bbeastboy/assamese-instrument-vlm-datasetqwen2-5-vl-3b/kaggle_dataset32/dataset_32images/toka/test/toka_test2.jpg,toka,q6,traditional_player,This instrument is traditionally played by women.,aligned,yes,no,incorrect,not_applicable,intact,absent,present,Hallucination,False,False
/kaggle/input/datasets/bbeastboy/assamese-instrument-vlm-datasetqwen2-5-vl-3b/kaggle_dataset32/dataset_32images/toka/test/toka_test2.jpg,toka,q7,playing_method,This instrument is played by striking the two metal bars against each other.,aligned,yes,no,incorrect,not_applicable,intact,absent,present,Hallucination,False,False
/kaggle/input/datasets/bbeastboy/assamese-instrument-vlm-datasetqwen2-5-vl-3b/kaggle_dataset32/dataset_32images/toka/test/toka_test2.jpg,toka,q8,instrument_type,"This is a bamboo clapper percussion instrument. It consists of two bamboo pieces that are struck against each other to produce a sharp, dry sound.",aligned,yes,no,correct,complete,intact,absent,present,Correct,False,False
/kaggle/input/datasets/bbeastboy/assamese-instrument-vlm-datasetqwen2-5-vl-3b/kaggle_dataset32/dataset_32images/toka/test/toka_test2.jpg,toka,q9,description,"The Toka is a traditional Assamese percussion instrument made entirely from bamboo, consisting of two pieces joined and clapped together rhythmically. Its sharp, dry clicking sound provides rhythmic accompaniment that complements heavier instruments like the Dhol. Toka is played by both men and women, making it an inclusive instrument in Assamese folk music.",aligned,yes,no,correct,complete,intact,absent,none,Correct,False,True
/kaggle/input/datasets/bbeastboy/assamese-instrument-vlm-datasetqwen2-5-vl-3b/kaggle_dataset32/dataset_32images/toka/test/toka_test3.jpg,toka,q1,festival,"This small conical wind instrument is blown to produce a sharp, piercing sound. It is played by both men and women.",misaligned,yes,no,not_applicable,not_applicable,intact,absent,present,Question Misunderstanding,False,False
/kaggle/input/datasets/bbeastboy/assamese-instrument-vlm-datasetqwen2-5-vl-3b/kaggle_dataset32/dataset_32images/toka/test/toka_test3.jpg,toka,q2,origin,This instrument is made from a single piece of bamboo and consists of two vibrating pieces connected by a string.,misaligned,yes,no,not_applicable,not_applicable,intact,absent,present,Question Misunderstanding,False,False
/kaggle/input/datasets/bbeastboy/assamese-instrument-vlm-datasetqwen2-5-vl-3b/kaggle_dataset32/dataset_32images/toka/test/toka_test3.jpg,toka,q3,material,This instrument is made of bamboo.,aligned,yes,no,correct,complete,intact,absent,none,Correct,False,False
/kaggle/input/datasets/bbeastboy/assamese-instrument-vlm-datasetqwen2-5-vl-3b/kaggle_dataset32/dataset_32images/toka/test/toka_test3.jpg,toka,q4,parts,"The main parts of this instrument are two bamboo pieces, a hinged joint, and striking ends.",aligned,yes,no,correct,complete,intact,absent,none,Correct,False,False
/kaggle/input/datasets/bbeastboy/assamese-instrument-vlm-datasetqwen2-5-vl-3b/kaggle_dataset32/dataset_32images/toka/test/toka_test3.jpg,toka,q5,sound,"This instrument produces a sharp, dry clicking sound.",aligned,yes,no,correct,complete,intact,absent,none,Correct,False,False
/kaggle/input/datasets/bbeastboy/assamese-instrument-vlm-datasetqwen2-5-vl-3b/kaggle_dataset32/dataset_32images/toka/test/toka_test3.jpg,toka,q6,traditional_player,This instrument is traditionally played by women.,aligned,yes,no,incorrect,not_applicable,intact,absent,present,Hallucination,False,False
/kaggle/input/datasets/bbeastboy/assamese-instrument-vlm-datasetqwen2-5-vl-3b/kaggle_dataset32/dataset_32images/toka/test/toka_test3.jpg,toka,q7,playing_method,This instrument is played by clapping the two bamboo pieces together.,aligned,yes,no,correct,complete,intact,absent,none,Correct,False,False
/kaggle/input/datasets/bbeastboy/assamese-instrument-vlm-datasetqwen2-5-vl-3b/kaggle_dataset32/dataset_32images/toka/test/toka_test3.jpg,toka,q8,instrument_type,This is a bamboo clapper percussion instrument played by striking the two ends together. It is traditionally played during Rongali Bihu festivals.,aligned,yes,no,correct,complete,intact,absent,present,Correct,False,False
/kaggle/input/datasets/bbeastboy/assamese-instrument-vlm-datasetqwen2-5-vl-3b/kaggle_dataset32/dataset_32images/toka/test/toka_test3.jpg,toka,q9,description,"The Toka is a traditional Assamese percussion instrument made entirely from bamboo, consisting of two pieces joined and clapped together rhythmically. Its sharp, dry clicking sound provides rhythmic accompaniment that complements heavier instruments like the Dhol. Toka is played by both men and women, making it an inclusive instrument in Assamese folk music. It is one of the earliest percussion instruments used in Assamese folk music. The Toka's unique construction and sound make it an important part of Assamese cultural heritage.",aligned,yes,no,correct,complete,intact,absent,present,Correct,False,True
/kaggle/input/datasets/bbeastboy/assamese-instrument-vlm-datasetqwen2-5-vl-3b/kaggle_dataset32/dataset_32images/toka/test/toka_test4.jpg,toka,q1,festival,This instrument is played during Rongali Bihu which is the spring festival of Assam.,aligned,yes,no,correct,complete,intact,absent,none,Correct,False,False
/kaggle/input/datasets/bbeastboy/assamese-instrument-vlm-datasetqwen2-5-vl-3b/kaggle_dataset32/dataset_32images/toka/test/toka_test4.jpg,toka,q2,origin,This instrument originated in the rural communities of Assam.,aligned,yes,no,correct,complete,intact,absent,none,Correct,False,False
/kaggle/input/datasets/bbeastboy/assamese-instrument-vlm-datasetqwen2-5-vl-3b/kaggle_dataset32/dataset_32images/toka/test/toka_test4.jpg,toka,q3,material,This instrument is made of bamboo.,aligned,yes,no,correct,complete,intact,absent,none,Correct,False,False
/kaggle/input/datasets/bbeastboy/assamese-instrument-vlm-datasetqwen2-5-vl-3b/kaggle_dataset32/dataset_32images/toka/test/toka_test4.jpg,toka,q4,parts,During which festival is this instrument played?,misaligned,yes,no,not_applicable,not_applicable,intact,absent,present,Question Misunderstanding,False,False
/kaggle/input/datasets/bbeastboy/assamese-instrument-vlm-datasetqwen2-5-vl-3b/kaggle_dataset32/dataset_32images/toka/test/toka_test4.jpg,toka,q5,sound,"This instrument produces a sharp, dry clicking sound.",aligned,yes,no,correct,complete,intact,absent,none,Correct,False,False
/kaggle/input/datasets/bbeastboy/assamese-instrument-vlm-datasetqwen2-5-vl-3b/kaggle_dataset32/dataset_32images/toka/test/toka_test4.jpg,toka,q6,traditional_player,This instrument is traditionally played by women.,aligned,yes,no,incorrect,not_applicable,intact,absent,present,Hallucination,False,False
/kaggle/input/datasets/bbeastboy/assamese-instrument-vlm-datasetqwen2-5-vl-3b/kaggle_dataset32/dataset_32images/toka/test/toka_test4.jpg,toka,q7,playing_method,This instrument is played by striking the two bamboo pieces together near the mouthpiece.,aligned,yes,no,incorrect,not_applicable,intact,absent,present,Hallucination,False,False
/kaggle/input/datasets/bbeastboy/assamese-instrument-vlm-datasetqwen2-5-vl-3b/kaggle_dataset32/dataset_32images/toka/test/toka_test4.jpg,toka,q8,instrument_type,"This is a bamboo clapper percussion instrument. It consists of two bamboo pieces that are struck against each other to produce a sharp, dry sound.",aligned,yes,no,correct,complete,intact,absent,present,Correct,False,False
/kaggle/input/datasets/bbeastboy/assamese-instrument-vlm-datasetqwen2-5-vl-3b/kaggle_dataset32/dataset_32images/toka/test/toka_test4.jpg,toka,q9,description,"The Toka is a traditional Assamese percussion instrument made entirely from bamboo, consisting of two pieces joined and clapped together rhythmically. Its sharp, dry clicking sound provides rhythmic accompaniment that complements heavier instruments like the Dhol. Toka is played by both men and women, making it an inclusive instrument in Assamese folk music. It is one of the earliest percussion instruments used in Assamese music. The small size of the Toka makes it suitable for accompanying other instruments during live performances.",aligned,yes,no,correct,complete,intact,absent,present,Correct,False,True
/kaggle/input/datasets/bbeastboy/assamese-instrument-vlm-datasetqwen2-5-vl-3b/kaggle_dataset32/dataset_32images/toka/test/toka_test5.jpg,toka,q1,festival,This instrument is made by splitting a bamboo stick lengthwise and wrapping it with cloth.,misaligned,yes,no,not_applicable,not_applicable,intact,absent,present,Question Misunderstanding,False,False
/kaggle/input/datasets/bbeastboy/assamese-instrument-vlm-datasetqwen2-5-vl-3b/kaggle_dataset32/dataset_32images/toka/test/toka_test5.jpg,toka,q2,origin,This instrument originated in the rural communities of Assam. It is played by plucking both ends of the bamboo tube.,aligned,yes,no,correct,complete,intact,absent,present,Correct,False,False
/kaggle/input/datasets/bbeastboy/assamese-instrument-vlm-datasetqwen2-5-vl-3b/kaggle_dataset32/dataset_32images/toka/test/toka_test5.jpg,toka,q3,material,This instrument is made of bamboo.,aligned,yes,no,correct,complete,intact,absent,none,Correct,False,False
/kaggle/input/datasets/bbeastboy/assamese-instrument-vlm-datasetqwen2-5-vl-3b/kaggle_dataset32/dataset_32images/toka/test/toka_test5.jpg,toka,q4,parts,"The main parts of this instrument are two bamboo pieces, hinged joint, and striking ends.",aligned,yes,no,correct,complete,intact,absent,none,Correct,False,False
/kaggle/input/datasets/bbeastboy/assamese-instrument-vlm-datasetqwen2-5-vl-3b/kaggle_dataset32/dataset_32images/toka/test/toka_test5.jpg,toka,q5,sound,"This instrument produces a sharp, dry clicking sound.",aligned,yes,no,correct,complete,intact,absent,none,Correct,False,False
/kaggle/input/datasets/bbeastboy/assamese-instrument-vlm-datasetqwen2-5-vl-3b/kaggle_dataset32/dataset_32images/toka/test/toka_test5.jpg,toka,q6,traditional_player,This instrument is traditionally played by women.,aligned,yes,no,incorrect,not_applicable,intact,absent,present,Hallucination,False,False
/kaggle/input/datasets/bbeastboy/assamese-instrument-vlm-datasetqwen2-5-vl-3b/kaggle_dataset32/dataset_32images/toka/test/toka_test5.jpg,toka,q7,playing_method,This instrument is played by striking the two bamboo pieces together.,aligned,yes,no,correct,complete,intact,absent,none,Correct,False,False
/kaggle/input/datasets/bbeastboy/assamese-instrument-vlm-datasetqwen2-5-vl-3b/kaggle_dataset32/dataset_32images/toka/test/toka_test5.jpg,toka,q8,instrument_type,"This is a bamboo clapper percussion instrument. It consists of two bamboo pieces that are struck against each other to produce a sharp, dry sound.",aligned,yes,no,correct,complete,intact,absent,present,Correct,False,False
/kaggle/input/datasets/bbeastboy/assamese-instrument-vlm-datasetqwen2-5-vl-3b/kaggle_dataset32/dataset_32images/toka/test/toka_test5.jpg,toka,q9,description,"The Toka is a traditional Assamese percussion instrument made entirely from bamboo, consisting of two pieces joined and clapped together rhythmically. Its sharp, dry clicking sound provides rhythmic accompaniment that complements heavier instruments like the Dhol. Toka is played by both men and women, making it an inclusive instrument in Assamese folk music. It is one of the earliest percussion instruments used in Assamese folk music. The small size of the Toka makes it suitable for accompanying other instruments during live performances.",aligned,yes,no,correct,complete,intact,absent,present,Correct,False,True
/kaggle/input/datasets/bbeastboy/assamese-instrument-vlm-datasetqwen2-5-vl-3b/kaggle_dataset32/dataset_32images/khutitaal/test/khutitaal_test1.jpg,khutitaal,q1,festival,"This small, round, flat percussion instrument is made from a split bamboo or wood cylinder. It is played by striking both ends of the instrument against each other.",misaligned,yes,no,not_applicable,not_applicable,intact,absent,present,Question Misunderstanding,False,False
/kaggle/input/datasets/bbeastboy/assamese-instrument-vlm-datasetqwen2-5-vl-3b/kaggle_dataset32/dataset_32images/khutitaal/test/khutitaal_test1.jpg,khutitaal,q2,origin,"This small, conical percussion instrument is made from the hollowed horn or bone of a cattle or buffalo. It is traditionally played during Rongali Bihu celebrations.",misaligned,yes,no,not_applicable,not_applicable,intact,absent,present,Question Misunderstanding,False,False
/kaggle/input/datasets/bbeastboy/assamese-instrument-vlm-datasetqwen2-5-vl-3b/kaggle_dataset32/dataset_32images/khutitaal/test/khutitaal_test1.jpg,khutitaal,q3,material,This instrument is made of bell metal.,aligned,yes,no,correct,complete,intact,absent,none,Correct,False,False
/kaggle/input/datasets/bbeastboy/assamese-instrument-vlm-datasetqwen2-5-vl-3b/kaggle_dataset32/dataset_32images/khutitaal/test/khutitaal_test1.jpg,khutitaal,q4,parts,The main parts of this instrument are two small metal discs and connecting cord.,aligned,yes,no,incorrect,not_applicable,intact,absent,present,Hallucination,False,False
/kaggle/input/datasets/bbeastboy/assamese-instrument-vlm-datasetqwen2-5-vl-3b/kaggle_dataset32/dataset_32images/khutitaal/test/khutitaal_test1.jpg,khutitaal,q5,sound,"This instrument produces a sharp, ringing high-pitched sound.",aligned,yes,no,correct,complete,intact,absent,none,Correct,False,False
/kaggle/input/datasets/bbeastboy/assamese-instrument-vlm-datasetqwen2-5-vl-3b/kaggle_dataset32/dataset_32images/khutitaal/test/khutitaal_test1.jpg,khutitaal,q6,traditional_player,"This small, round, conical percussion instrument is traditionally made from the hollowed stem of a grass plant or bamboo.",misaligned,yes,no,not_applicable,not_applicable,intact,absent,present,Question Misunderstanding,False,False
/kaggle/input/datasets/bbeastboy/assamese-instrument-vlm-datasetqwen2-5-vl-3b/kaggle_dataset32/dataset_32images/khutitaal/test/khutitaal_test1.jpg,khutitaal,q7,playing_method,This instrument is played by striking the two metal discs against each other.,aligned,yes,no,correct,complete,intact,absent,none,Correct,False,False
/kaggle/input/datasets/bbeastboy/assamese-instrument-vlm-datasetqwen2-5-vl-3b/kaggle_dataset32/dataset_32images/khutitaal/test/khutitaal_test1.jpg,khutitaal,q8,instrument_type,"This is a small paired metal cymbal percussion instrument. It consists of two small round metal plates that are struck against each other to produce a sharp, dry sound.",aligned,yes,no,correct,complete,intact,absent,present,Correct,False,False
/kaggle/input/datasets/bbeastboy/assamese-instrument-vlm-datasetqwen2-5-vl-3b/kaggle_dataset32/dataset_32images/khutitaal/test/khutitaal_test1.jpg,khutitaal,q9,description,"The Khuti-Taal is a small paired cymbal instrument made of bell metal, a brass alloy traditionally crafted in the Brahmaputra valley of Assam. It consists of two small metal discs connected by a cord and struck together to produce a bright, high-pitched ringing sound that provides rhythmic accompaniment during Bihu performances. The Khuti-Taal is traditionally played by both men and women and is commonly used alongside the Dhol and Pepa during Rongali Bihu performances. Its metallic timbre and compact size make it an important rhythm-keeping instrument in Assamese folk music.",aligned,yes,no,correct,partial,intact,absent,none,Partial Answer,False,False
/kaggle/input/datasets/bbeastboy/assamese-instrument-vlm-datasetqwen2-5-vl-3b/kaggle_dataset32/dataset_32images/khutitaal/test/khutitaal_test2.jpg,khutitaal,q1,festival,This instrument is played during Rongali Bihu which is the spring festival of Assam. It is played by both men and women.,aligned,yes,no,correct,complete,intact,absent,present,Correct,False,False
/kaggle/input/datasets/bbeastboy/assamese-instrument-vlm-datasetqwen2-5-vl-3b/kaggle_dataset32/dataset_32images/khutitaal/test/khutitaal_test2.jpg,khutitaal,q2,origin,This instrument originated in the Brahmaputra valley of Assam.,aligned,yes,no,correct,complete,intact,absent,none,Correct,False,False
/kaggle/input/datasets/bbeastboy/assamese-instrument-vlm-datasetqwen2-5-vl-3b/kaggle_dataset32/dataset_32images/khutitaal/test/khutitaal_test2.jpg,khutitaal,q3,material,This instrument is made of bell metal.,aligned,yes,no,correct,complete,intact,absent,none,Correct,False,False
/kaggle/input/datasets/bbeastboy/assamese-instrument-vlm-datasetqwen2-5-vl-3b/kaggle_dataset32/dataset_32images/khutitaal/test/khutitaal_test2.jpg,khutitaal,q4,parts,The main parts of this instrument are two small cymbal discs and connecting cord.,aligned,yes,no,correct,complete,intact,absent,none,Correct,False,False
/kaggle/input/datasets/bbeastboy/assamese-instrument-vlm-datasetqwen2-5-vl-3b/kaggle_dataset32/dataset_32images/khutitaal/test/khutitaal_test2.jpg,khutitaal,q5,sound,"This instrument produces a sharp, ringing high-pitched sound.",aligned,yes,no,correct,complete,intact,absent,none,Correct,False,False
/kaggle/input/datasets/bbeastboy/assamese-instrument-vlm-datasetqwen2-5-vl-3b/kaggle_dataset32/dataset_32images/khutitaal/test/khutitaal_test2.jpg,khutitaal,q6,traditional_player,This instrument is traditionally played by women.,aligned,yes,no,incorrect,not_applicable,intact,absent,present,Hallucination,False,False
/kaggle/input/datasets/bbeastboy/assamese-instrument-vlm-datasetqwen2-5-vl-3b/kaggle_dataset32/dataset_32images/khutitaal/test/khutitaal_test2.jpg,khutitaal,q7,playing_method,This instrument is played by striking the two metal discs against each other.,aligned,yes,no,correct,complete,intact,absent,none,Correct,False,False
/kaggle/input/datasets/bbeastboy/assamese-instrument-vlm-datasetqwen2-5-vl-3b/kaggle_dataset32/dataset_32images/khutitaal/test/khutitaal_test2.jpg,khutitaal,q8,instrument_type,"This is a small paired metal cymbal percussion instrument. It consists of two small round metal discs that are struck against each other to produce a sharp, dry clicking sound.",aligned,yes,no,correct,complete,intact,absent,present,Correct,False,False
/kaggle/input/datasets/bbeastboy/assamese-instrument-vlm-datasetqwen2-5-vl-3b/kaggle_dataset32/dataset_32images/khutitaal/test/khutitaal_test2.jpg,khutitaal,q9,description,"The Khuti-Taal is a small paired cymbal instrument made of bell metal, a brass alloy traditionally crafted in the Brahmaputra valley of Assam. It consists of two small metal discs connected by a cord and struck together to produce a bright, high-pitched ringing sound that provides rhythmic accompaniment during Bihu performances. The Khuti-Taal is traditionally played by both men and women and is commonly used alongside the Dhol and Pepa during Rongali Bihu performances. Its metallic timbre and compact size make it an important rhythm-keeping instrument in Assamese folk music.",aligned,yes,no,correct,partial,intact,absent,none,Partial Answer,False,False
/kaggle/input/datasets/bbeastboy/assamese-instrument-vlm-datasetqwen2-5-vl-3b/kaggle_dataset32/dataset_32images/khutitaal/test/khutitaal_test3.jpg,khutitaal,q1,festival,This instrument is played during Rongali Bihu which is the spring festival of Assam. It is played by clapping both cymbal halves together.,aligned,yes,no,correct,complete,intact,absent,present,Correct,False,False
/kaggle/input/datasets/bbeastboy/assamese-instrument-vlm-datasetqwen2-5-vl-3b/kaggle_dataset32/dataset_32images/khutitaal/test/khutitaal_test3.jpg,khutitaal,q2,origin,This instrument originated in the Brahmaputra valley of Assam. It is traditionally played during Rongali Bihu.,aligned,yes,no,correct,complete,intact,absent,present,Correct,False,False
/kaggle/input/datasets/bbeastboy/assamese-instrument-vlm-datasetqwen2-5-vl-3b/kaggle_dataset32/dataset_32images/khutitaal/test/khutitaal_test3.jpg,khutitaal,q3,material,This instrument is made of bell metal.,aligned,yes,no,correct,complete,intact,absent,none,Correct,False,False
/kaggle/input/datasets/bbeastboy/assamese-instrument-vlm-datasetqwen2-5-vl-3b/kaggle_dataset32/dataset_32images/khutitaal/test/khutitaal_test3.jpg,khutitaal,q4,parts,The major parts of this instrument are two small cymbal discs and connecting cord.,aligned,yes,no,correct,complete,intact,absent,none,Correct,False,False
/kaggle/input/datasets/bbeastboy/assamese-instrument-vlm-datasetqwen2-5-vl-3b/kaggle_dataset32/dataset_32images/khutitaal/test/khutitaal_test3.jpg,khutitaal,q5,sound,"This instrument produces a sharp, metallic ringing sound.",aligned,yes,no,incorrect,not_applicable,intact,absent,present,Hallucination,False,False
/kaggle/input/datasets/bbeastboy/assamese-instrument-vlm-datasetqwen2-5-vl-3b/kaggle_dataset32/dataset_32images/khutitaal/test/khutitaal_test3.jpg,khutitaal,q6,traditional_player,This instrument is traditionally played by men.,aligned,yes,no,incorrect,not_applicable,intact,absent,present,Hallucination,False,False
/kaggle/input/datasets/bbeastboy/assamese-instrument-vlm-datasetqwen2-5-vl-3b/kaggle_dataset32/dataset_32images/khutitaal/test/khutitaal_test3.jpg,khutitaal,q7,playing_method,This instrument is played by striking the two metal discs against each other.,aligned,yes,no,correct,complete,intact,absent,none,Correct,False,False
/kaggle/input/datasets/bbeastboy/assamese-instrument-vlm-datasetqwen2-5-vl-3b/kaggle_dataset32/dataset_32images/khutitaal/test/khutitaal_test3.jpg,khutitaal,q8,instrument_type,"During performances, this instrument is used in pairs and is played by striking both cymbals against each other.",aligned,yes,no,correct,partial,intact,absent,present,Partial Answer,False,False
/kaggle/input/datasets/bbeastboy/assamese-instrument-vlm-datasetqwen2-5-vl-3b/kaggle_dataset32/dataset_32images/khutitaal/test/khutitaal_test3.jpg,khutitaal,q9,description,"The Khuti-Taal is a small paired cymbal instrument made of bell metal, a brass alloy traditionally crafted in the Brahmaputra valley of Assam. It consists of two small metal discs connected by a cord and struck together to produce a bright, high-pitched ringing sound that provides rhythmic accompaniment during Bihu performances. The Khuti-Taal is traditionally played by both men and women and is commonly used alongside the Dhol and Pepa during Rongali Bihu performances. Its metallic timbre and compact size make it an important rhythm-keeping instrument in Assamese folk music.",aligned,yes,no,correct,partial,intact,absent,none,Partial Answer,False,False
/kaggle/input/datasets/bbeastboy/assamese-instrument-vlm-datasetqwen2-5-vl-3b/kaggle_dataset32/dataset_32images/khutitaal/test/khutitaal_test4.jpg,khutitaal,q1,festival,This instrument is played during Rongali Bihu which is the spring festival of Assam.,aligned,yes,no,correct,complete,intact,absent,none,Correct,False,False
/kaggle/input/datasets/bbeastboy/assamese-instrument-vlm-datasetqwen2-5-vl-3b/kaggle_dataset32/dataset_32images/khutitaal/test/khutitaal_test4.jpg,khutitaal,q2,origin,This instrument originated in the Brahmaputra valley of Assam.,aligned,yes,no,correct,complete,intact,absent,none,Correct,False,False
/kaggle/input/datasets/bbeastboy/assamese-instrument-vlm-datasetqwen2-5-vl-3b/kaggle_dataset32/dataset_32images/khutitaal/test/khutitaal_test4.jpg,khutitaal,q3,material,This instrument is made of bell metal.,aligned,yes,no,correct,complete,intact,absent,none,Correct,False,False
/kaggle/input/datasets/bbeastboy/assamese-instrument-vlm-datasetqwen2-5-vl-3b/kaggle_dataset32/dataset_32images/khutitaal/test/khutitaal_test4.jpg,khutitaal,q4,parts,During which season is this instrument played traditionally?,misaligned,yes,no,not_applicable,not_applicable,intact,absent,present,Question Misunderstanding,False,False
/kaggle/input/datasets/bbeastboy/assamese-instrument-vlm-datasetqwen2-5-vl-3b/kaggle_dataset32/dataset_32images/khutitaal/test/khutitaal_test4.jpg,khutitaal,q5,sound,"This instrument produces a bright, high-pitched ringing sound.",aligned,yes,no,correct,complete,intact,absent,none,Correct,False,False
/kaggle/input/datasets/bbeastboy/assamese-instrument-vlm-datasetqwen2-5-vl-3b/kaggle_dataset32/dataset_32images/khutitaal/test/khutitaal_test4.jpg,khutitaal,q6,traditional_player,"During festivals, this instrument is traditionally played by young men.",aligned,yes,no,incorrect,not_applicable,intact,absent,present,Hallucination,False,False
/kaggle/input/datasets/bbeastboy/assamese-instrument-vlm-datasetqwen2-5-vl-3b/kaggle_dataset32/dataset_32images/khutitaal/test/khutitaal_test4.jpg,khutitaal,q7,playing_method,This instrument is played by striking the two metal discs against each other.,aligned,yes,no,correct,complete,intact,absent,none,Correct,False,False
/kaggle/input/datasets/bbeastboy/assamese-instrument-vlm-datasetqwen2-5-vl-3b/kaggle_dataset32/dataset_32images/khutitaal/test/khutitaal_test4.jpg,khutitaal,q8,instrument_type,"During performances, this instrument is played by striking both cymbal heads together or hitting one head against a hard surface.",misaligned,yes,no,not_applicable,not_applicable,intact,absent,present,Question Misunderstanding,False,False
/kaggle/input/datasets/bbeastboy/assamese-instrument-vlm-datasetqwen2-5-vl-3b/kaggle_dataset32/dataset_32images/khutitaal/test/khutitaal_test4.jpg,khutitaal,q9,description,"The Khuti-Taal is a small paired cymbal instrument made of bell metal, a brass alloy traditionally crafted in the Brahmaputra valley of Assam. It consists of two small metal discs connected by a cord and struck together to produce a bright, high-pitched ringing sound that provides rhythmic accompaniment during Bihu performances. The Khuti-Taal is traditionally played by both men and women and is commonly used alongside the Dhol and Pepa during Rongali Bihu performances. Its metallic timbre and compact size make it an important rhythm-keeping instrument in Assamese folk music.",aligned,yes,no,correct,partial,intact,absent,none,Partial Answer,False,False
/kaggle/input/datasets/bbeastboy/assamese-instrument-vlm-datasetqwen2-5-vl-3b/kaggle_dataset32/dataset_32images/khutitaal/test/khutitaal_test5.jpg,khutitaal,q1,festival,This small flat percussion instrument is traditionally made from the hollowed horn or bone of a cattle or buffalo. It is played by striking two pieces of the instrument together or against a hard surface.,misaligned,yes,no,not_applicable,not_applicable,intact,absent,present,Question Misunderstanding,False,False
/kaggle/input/datasets/bbeastboy/assamese-instrument-vlm-datasetqwen2-5-vl-3b/kaggle_dataset32/dataset_32images/khutitaal/test/khutitaal_test5.jpg,khutitaal,q2,origin,"This small, conical percussion instrument is traditionally played by men during Rongali Bihu. It is made by shaping a piece of clay or wood into a cone shape and hitting it with the palm of the hand or a stick.",misaligned,yes,no,not_applicable,not_applicable,intact,absent,present,Question Misunderstanding,False,False
/kaggle/input/datasets/bbeastboy/assamese-instrument-vlm-datasetqwen2-5-vl-3b/kaggle_dataset32/dataset_32images/khutitaal/test/khutitaal_test5.jpg,khutitaal,q3,material,This instrument is made of bell metal.,aligned,yes,no,correct,complete,intact,absent,none,Correct,False,False
/kaggle/input/datasets/bbeastboy/assamese-instrument-vlm-datasetqwen2-5-vl-3b/kaggle_dataset32/dataset_32images/khutitaal/test/khutitaal_test5.jpg,khutitaal,q4,parts,The main parts of this instrument are two small metal discs and connecting cord.,aligned,yes,no,incorrect,not_applicable,intact,absent,present,Hallucination,False,False
/kaggle/input/datasets/bbeastboy/assamese-instrument-vlm-datasetqwen2-5-vl-3b/kaggle_dataset32/dataset_32images/khutitaal/test/khutitaal_test5.jpg,khutitaal,q5,sound,"This instrument produces a sharp, dry clicking sound.",aligned,yes,no,incorrect,not_applicable,intact,absent,present,Hallucination,False,False
/kaggle/input/datasets/bbeastboy/assamese-instrument-vlm-datasetqwen2-5-vl-3b/kaggle_dataset32/dataset_32images/khutitaal/test/khutitaal_test5.jpg,khutitaal,q6,traditional_player,This instrument is traditionally played by women.,aligned,yes,no,incorrect,not_applicable,intact,absent,present,Hallucination,False,False
/kaggle/input/datasets/bbeastboy/assamese-instrument-vlm-datasetqwen2-5-vl-3b/kaggle_dataset32/dataset_32images/khutitaal/test/khutitaal_test5.jpg,khutitaal,q7,playing_method,This instrument is played by striking the two metal discs against each other.,aligned,yes,no,correct,complete,intact,absent,none,Correct,False,False
/kaggle/input/datasets/bbeastboy/assamese-instrument-vlm-datasetqwen2-5-vl-3b/kaggle_dataset32/dataset_32images/khutitaal/test/khutitaal_test5.jpg,khutitaal,q8,instrument_type,"This is a small paired metal cymbal percussion instrument. It consists of two small metal discs that are struck against each other to produce a sharp, dry sound.",aligned,yes,no,correct,complete,intact,absent,present,Correct,False,False
/kaggle/input/datasets/bbeastboy/assamese-instrument-vlm-datasetqwen2-5-vl-3b/kaggle_dataset32/dataset_32images/khutitaal/test/khutitaal_test5.jpg,khutitaal,q9,description,"The Khuti-Taal is a small paired cymbal instrument made of bell metal, a brass alloy traditionally crafted in the Brahmaputra valley of Assam. It consists of two small metal discs connected by a cord and struck together to produce a bright, high-pitched ringing sound that provides rhythmic accompaniment during Bihu performances. The Khuti-Taal is traditionally played by both men and women and is commonly used alongside the Dhol and Pepa during Rongali Bihu performances. Its metallic timbre and compact size make it an important rhythm-keeping instrument in Assamese folk music.",aligned,yes,no,correct,partial,intact,absent,none,Partial Answer,False,False
/kaggle/input/datasets/bbeastboy/assamese-instrument-vlm-datasetqwen2-5-vl-3b/kaggle_dataset32/dataset_32images/xutuli/test/xutuli_test1.jpg,xutuli,q1,festival,This instrument is played during Rongali Bihu which is the spring festival of Assam.,aligned,yes,no,correct,complete,intact,absent,none,Correct,False,False
/kaggle/input/datasets/bbeastboy/assamese-instrument-vlm-datasetqwen2-5-vl-3b/kaggle_dataset32/dataset_32images/xutuli/test/xutuli_test1.jpg,xutuli,q2,origin,This instrument is played by blowing air through the blow hole and covering finger holes.,misaligned,yes,no,not_applicable,not_applicable,intact,absent,present,Question Misunderstanding,False,False
/kaggle/input/datasets/bbeastboy/assamese-instrument-vlm-datasetqwen2-5-vl-3b/kaggle_dataset32/dataset_32images/xutuli/test/xutuli_test1.jpg,xutuli,q3,material,This instrument is made of clay or bamboo.,aligned,yes,no,correct,complete,intact,absent,none,Correct,False,False
/kaggle/input/datasets/bbeastboy/assamese-instrument-vlm-datasetqwen2-5-vl-3b/kaggle_dataset32/dataset_32images/xutuli/test/xutuli_test1.jpg,xutuli,q4,parts,During which festival is this instrument played?,misaligned,yes,no,not_applicable,not_applicable,intact,absent,present,Question Misunderstanding,False,False
/kaggle/input/datasets/bbeastboy/assamese-instrument-vlm-datasetqwen2-5-vl-3b/kaggle_dataset32/dataset_32images/xutuli/test/xutuli_test1.jpg,xutuli,q5,sound,"This instrument produces a high-pitched, sharp whistling sound.",aligned,yes,no,correct,complete,intact,absent,none,Correct,False,False
/kaggle/input/datasets/bbeastboy/assamese-instrument-vlm-datasetqwen2-5-vl-3b/kaggle_dataset32/dataset_32images/xutuli/test/xutuli_test1.jpg,xutuli,q6,traditional_player,This instrument is traditionally played by women.,aligned,yes,no,incorrect,not_applicable,intact,absent,present,Hallucination,False,False
/kaggle/input/datasets/bbeastboy/assamese-instrument-vlm-datasetqwen2-5-vl-3b/kaggle_dataset32/dataset_32images/xutuli/test/xutuli_test1.jpg,xutuli,q7,playing_method,This instrument is played by blowing air into the blow end and covering finger holes.,aligned,yes,no,correct,complete,intact,absent,none,Correct,False,False
/kaggle/input/datasets/bbeastboy/assamese-instrument-vlm-datasetqwen2-5-vl-3b/kaggle_dataset32/dataset_32images/xutuli/test/xutuli_test1.jpg,xutuli,q8,instrument_type,This is a small conical end-blown wind instrument made from bamboo or wood. It is played by blowing air into the larger end and covering finger holes.,aligned,yes,no,correct,complete,intact,absent,present,Correct,False,False
/kaggle/input/datasets/bbeastboy/assamese-instrument-vlm-datasetqwen2-5-vl-3b/kaggle_dataset32/dataset_32images/xutuli/test/xutuli_test1.jpg,xutuli,q9,description,"The Xutuli is a small conical end-blown wind instrument traditionally made from clay or bamboo in the rural communities of Assam. It is played by blowing air directly into one end, producing a distinctly high-pitched, sharp whistling tone. It is an important traditional wind instrument in Assamese folk music. Its compact size and traditional use make it popular during Bihu celebrations.",aligned,yes,no,correct,complete,intact,absent,none,Correct,False,False
/kaggle/input/datasets/bbeastboy/assamese-instrument-vlm-datasetqwen2-5-vl-3b/kaggle_dataset32/dataset_32images/xutuli/test/xutuli_test2.jpg,xutuli,q1,festival,"This small, conical instrument is made from a single piece of stone or bamboo and is traditionally played by women. It is played by blowing air through the narrow end while clapping the two larger ends together.",misaligned,yes,no,not_applicable,not_applicable,intact,absent,present,Question Misunderstanding,False,False
/kaggle/input/datasets/bbeastboy/assamese-instrument-vlm-datasetqwen2-5-vl-3b/kaggle_dataset32/dataset_32images/xutuli/test/xutuli_test2.jpg,xutuli,q2,origin,This instrument is played by blowing air into the blow end and covering the finger holes.,misaligned,yes,no,not_applicable,not_applicable,intact,absent,present,Question Misunderstanding,False,False
/kaggle/input/datasets/bbeastboy/assamese-instrument-vlm-datasetqwen2-5-vl-3b/kaggle_dataset32/dataset_32images/xutuli/test/xutuli_test2.jpg,xutuli,q3,material,This instrument is made of clay or bamboo.,aligned,yes,no,correct,complete,intact,absent,none,Correct,False,False
/kaggle/input/datasets/bbeastboy/assamese-instrument-vlm-datasetqwen2-5-vl-3b/kaggle_dataset32/dataset_32images/xutuli/test/xutuli_test2.jpg,xutuli,q4,parts,"The main parts of this instrument are hollow body, blow end, and finger holes.",aligned,yes,no,correct,complete,intact,absent,none,Correct,False,False
/kaggle/input/datasets/bbeastboy/assamese-instrument-vlm-datasetqwen2-5-vl-3b/kaggle_dataset32/dataset_32images/xutuli/test/xutuli_test2.jpg,xutuli,q5,sound,"This instrument produces a high-pitched, sharp whistling sound.",aligned,yes,no,correct,complete,intact,absent,none,Correct,False,False
/kaggle/input/datasets/bbeastboy/assamese-instrument-vlm-datasetqwen2-5-vl-3b/kaggle_dataset32/dataset_32images/xutuli/test/xutuli_test2.jpg,xutuli,q6,traditional_player,This instrument is traditionally played by women.,aligned,yes,no,incorrect,not_applicable,intact,absent,present,Hallucination,False,False
/kaggle/input/datasets/bbeastboy/assamese-instrument-vlm-datasetqwen2-5-vl-3b/kaggle_dataset32/dataset_32images/xutuli/test/xutuli_test2.jpg,xutuli,q7,playing_method,This instrument is played by blowing air into the blow end and covering finger holes.,aligned,yes,no,correct,complete,intact,absent,none,Correct,False,False
/kaggle/input/datasets/bbeastboy/assamese-instrument-vlm-datasetqwen2-5-vl-3b/kaggle_dataset32/dataset_32images/xutuli/test/xutuli_test2.jpg,xutuli,q8,instrument_type,This is a small conical end-blown wind instrument made from the horn of a buffalo or deer. The player blows air into the mouthpiece and blows it out through the blow hole at the opposite end.,aligned,yes,no,correct,complete,intact,absent,present,Correct,False,False
/kaggle/input/datasets/bbeastboy/assamese-instrument-vlm-datasetqwen2-5-vl-3b/kaggle_dataset32/dataset_32images/xutuli/test/xutuli_test2.jpg,xutuli,q9,description,"The Xutuli is a small conical end-blown wind instrument traditionally made from clay or bamboo in the rural communities of Assam. It is played by blowing air directly into one end, producing a distinctly high-pitched, sharp whistling tone. It is an important traditional wind instrument in Assamese folk music. Its compact size and traditional use make it popular during Bihu celebrations.",aligned,yes,no,correct,complete,intact,absent,none,Correct,False,False
/kaggle/input/datasets/bbeastboy/assamese-instrument-vlm-datasetqwen2-5-vl-3b/kaggle_dataset32/dataset_32images/xutuli/test/xutuli_test3.jpg,xutuli,q1,festival,This small mouthpiece wind instrument is made of bamboo and a piece of cloth or leather. It is blown from the bottom end.,misaligned,yes,no,not_applicable,not_applicable,intact,absent,present,Question Misunderstanding,False,False
/kaggle/input/datasets/bbeastboy/assamese-instrument-vlm-datasetqwen2-5-vl-3b/kaggle_dataset32/dataset_32images/xutuli/test/xutuli_test3.jpg,xutuli,q2,origin,This instrument is played by placing both mouthpieces against the cheeks and blowing air through them.,misaligned,yes,no,not_applicable,not_applicable,intact,absent,present,Question Misunderstanding,False,False
/kaggle/input/datasets/bbeastboy/assamese-instrument-vlm-datasetqwen2-5-vl-3b/kaggle_dataset32/dataset_32images/xutuli/test/xutuli_test3.jpg,xutuli,q3,material,This instrument is made of clay or bamboo.,aligned,yes,no,correct,complete,intact,absent,none,Correct,False,False
/kaggle/input/datasets/bbeastboy/assamese-instrument-vlm-datasetqwen2-5-vl-3b/kaggle_dataset32/dataset_32images/xutuli/test/xutuli_test3.jpg,xutuli,q4,parts,"The main parts of this instrument are hollow body, blow end, and finger holes.",aligned,yes,no,correct,complete,intact,absent,none,Correct,False,False
/kaggle/input/datasets/bbeastboy/assamese-instrument-vlm-datasetqwen2-5-vl-3b/kaggle_dataset32/dataset_32images/xutuli/test/xutuli_test3.jpg,xutuli,q5,sound,"This instrument produces a high-pitched, sharp whistling sound.",aligned,yes,no,correct,complete,intact,absent,none,Correct,False,False
/kaggle/input/datasets/bbeastboy/assamese-instrument-vlm-datasetqwen2-5-vl-3b/kaggle_dataset32/dataset_32images/xutuli/test/xutuli_test3.jpg,xutuli,q6,traditional_player,This instrument is traditionally played by women.,aligned,yes,no,incorrect,not_applicable,intact,absent,present,Hallucination,False,False
/kaggle/input/datasets/bbeastboy/assamese-instrument-vlm-datasetqwen2-5-vl-3b/kaggle_dataset32/dataset_32images/xutuli/test/xutuli_test3.jpg,xutuli,q7,playing_method,This instrument is played by blowing air into the blow end and covering finger holes.,aligned,yes,no,correct,complete,intact,absent,none,Correct,False,False
/kaggle/input/datasets/bbeastboy/assamese-instrument-vlm-datasetqwen2-5-vl-3b/kaggle_dataset32/dataset_32images/xutuli/test/xutuli_test3.jpg,xutuli,q8,instrument_type,This is a small conical end-blown wind instrument made from bamboo or wood. It is played by blowing air into the blow end and covering finger holes.,aligned,yes,no,correct,complete,intact,absent,present,Correct,False,False
/kaggle/input/datasets/bbeastboy/assamese-instrument-vlm-datasetqwen2-5-vl-3b/kaggle_dataset32/dataset_32images/xutuli/test/xutuli_test3.jpg,xutuli,q9,description,"The Xutuli is a small conical end-blown wind instrument traditionally made from clay or bamboo in the rural communities of Assam. It is played by blowing air directly into one end, producing a distinctly high-pitched, sharp whistling tone. It is an important traditional wind instrument in Assamese folk music. Its compact size and traditional use make it popular during Bihu celebrations.",aligned,yes,no,correct,complete,intact,absent,none,Correct,False,False
/kaggle/input/datasets/bbeastboy/assamese-instrument-vlm-datasetqwen2-5-vl-3b/kaggle_dataset32/dataset_32images/xutuli/test/xutuli_test4.jpg,xutuli,q1,festival,This instrument is played during Rongali Bihu which is the spring festival of Assam.,aligned,yes,no,correct,complete,intact,absent,none,Correct,False,False
/kaggle/input/datasets/bbeastboy/assamese-instrument-vlm-datasetqwen2-5-vl-3b/kaggle_dataset32/dataset_32images/xutuli/test/xutuli_test4.jpg,xutuli,q2,origin,This instrument is played by holding both ends and hitting it with the fingers or a stick.,misaligned,yes,no,not_applicable,not_applicable,intact,absent,present,Question Misunderstanding,False,False
/kaggle/input/datasets/bbeastboy/assamese-instrument-vlm-datasetqwen2-5-vl-3b/kaggle_dataset32/dataset_32images/xutuli/test/xutuli_test4.jpg,xutuli,q3,material,This instrument is made of clay or bamboo.,aligned,yes,no,correct,complete,intact,absent,none,Correct,False,False
/kaggle/input/datasets/bbeastboy/assamese-instrument-vlm-datasetqwen2-5-vl-3b/kaggle_dataset32/dataset_32images/xutuli/test/xutuli_test4.jpg,xutuli,q4,parts,"The main parts of this instrument are hollow body, blow end, and finger holes.",aligned,yes,no,correct,complete,intact,absent,none,Correct,False,False
/kaggle/input/datasets/bbeastboy/assamese-instrument-vlm-datasetqwen2-5-vl-3b/kaggle_dataset32/dataset_32images/xutuli/test/xutuli_test4.jpg,xutuli,q5,sound,"This instrument produces a high-pitched, sharp, whistling sound.",aligned,yes,no,correct,complete,intact,absent,none,Correct,False,False
/kaggle/input/datasets/bbeastboy/assamese-instrument-vlm-datasetqwen2-5-vl-3b/kaggle_dataset32/dataset_32images/xutuli/test/xutuli_test4.jpg,xutuli,q6,traditional_player,This instrument is traditionally played by women.,aligned,yes,no,incorrect,not_applicable,intact,absent,present,Hallucination,False,False
/kaggle/input/datasets/bbeastboy/assamese-instrument-vlm-datasetqwen2-5-vl-3b/kaggle_dataset32/dataset_32images/xutuli/test/xutuli_test4.jpg,xutuli,q7,playing_method,This instrument is played by blowing air into the blow end and covering finger holes.,aligned,yes,no,correct,complete,intact,absent,none,Correct,False,False
/kaggle/input/datasets/bbeastboy/assamese-instrument-vlm-datasetqwen2-5-vl-3b/kaggle_dataset32/dataset_32images/xutuli/test/xutuli_test4.jpg,xutuli,q8,instrument_type,This is a small conical end-blown wind instrument made from bamboo or wood. It is played by blowing air into the blow end and covering finger holes.,aligned,yes,no,correct,complete,intact,absent,present,Correct,False,False
/kaggle/input/datasets/bbeastboy/assamese-instrument-vlm-datasetqwen2-5-vl-3b/kaggle_dataset32/dataset_32images/xutuli/test/xutuli_test4.jpg,xutuli,q9,description,"The Xutuli is a small conical end-blown wind instrument traditionally made from clay or bamboo in the rural communities of Assam. It is played by blowing air directly into one end, producing a distinctly high-pitched, sharp whistling tone. It is an important traditional wind instrument in Assamese folk music. Its compact size and traditional use make it popular during Bihu celebrations.",aligned,yes,no,correct,complete,intact,absent,none,Correct,False,False
/kaggle/input/datasets/bbeastboy/assamese-instrument-vlm-datasetqwen2-5-vl-3b/kaggle_dataset32/dataset_32images/xutuli/test/xutuli_test5.jpg,xutuli,q1,festival,This instrument is made from the horn of a male buffalo and is traditionally played by men. It is played by blowing air through the blow hole and covering the finger holes.,misaligned,yes,no,not_applicable,not_applicable,intact,absent,present,Question Misunderstanding,False,False
/kaggle/input/datasets/bbeastboy/assamese-instrument-vlm-datasetqwen2-5-vl-3b/kaggle_dataset32/dataset_32images/xutuli/test/xutuli_test5.jpg,xutuli,q2,origin,This instrument is made from a single piece of hollowed-out bamboo.,misaligned,yes,no,not_applicable,not_applicable,intact,absent,present,Question Misunderstanding,False,False
/kaggle/input/datasets/bbeastboy/assamese-instrument-vlm-datasetqwen2-5-vl-3b/kaggle_dataset32/dataset_32images/xutuli/test/xutuli_test5.jpg,xutuli,q3,material,This instrument is made of clay or bamboo.,aligned,yes,no,correct,complete,intact,absent,none,Correct,False,False
/kaggle/input/datasets/bbeastboy/assamese-instrument-vlm-datasetqwen2-5-vl-3b/kaggle_dataset32/dataset_32images/xutuli/test/xutuli_test5.jpg,xutuli,q4,parts,During which festival is this instrument played?,misaligned,yes,no,not_applicable,not_applicable,intact,absent,present,Question Misunderstanding,False,False
/kaggle/input/datasets/bbeastboy/assamese-instrument-vlm-datasetqwen2-5-vl-3b/kaggle_dataset32/dataset_32images/xutuli/test/xutuli_test5.jpg,xutuli,q5,sound,"This instrument produces a high-pitched, sharp whistling sound.",aligned,yes,no,correct,complete,intact,absent,none,Correct,False,False
/kaggle/input/datasets/bbeastboy/assamese-instrument-vlm-datasetqwen2-5-vl-3b/kaggle_dataset32/dataset_32images/xutuli/test/xutuli_test5.jpg,xutuli,q6,traditional_player,This instrument is traditionally played by women.,aligned,yes,no,incorrect,not_applicable,intact,absent,present,Hallucination,False,False
/kaggle/input/datasets/bbeastboy/assamese-instrument-vlm-datasetqwen2-5-vl-3b/kaggle_dataset32/dataset_32images/xutuli/test/xutuli_test5.jpg,xutuli,q7,playing_method,This instrument is played by blowing air into the blow end and covering finger holes.,aligned,yes,no,correct,complete,intact,absent,none,Correct,False,False
/kaggle/input/datasets/bbeastboy/assamese-instrument-vlm-datasetqwen2-5-vl-3b/kaggle_dataset32/dataset_32images/xutuli/test/xutuli_test5.jpg,xutuli,q8,instrument_type,This is a small conical end-blown wind instrument made from the horn of a buffalo or deer. It is played by blowing air into one end and covering the other to change the pitch.,aligned,yes,no,correct,complete,intact,absent,present,Correct,False,False
/kaggle/input/datasets/bbeastboy/assamese-instrument-vlm-datasetqwen2-5-vl-3b/kaggle_dataset32/dataset_32images/xutuli/test/xutuli_test5.jpg,xutuli,q9,description,"The Xutuli is a small conical end-blown wind instrument traditionally made from clay or bamboo in the rural communities of Assam. It is played by blowing air directly into one end, producing a distinctly high-pitched, sharp whistling tone. It is an important traditional wind instrument in Assamese folk music. Its compact size and traditional use make it popular during Bihu celebrations.",aligned,yes,no,correct,complete,intact,absent,none,Correct,False,False
/kaggle/input/datasets/bbeastboy/assamese-instrument-vlm-datasetqwen2-5-vl-3b/kaggle_dataset32/dataset_32images/bihu_dhol/test/bihu_dhol_test1.jpg,bihu_dhol,q1,festival,This small drum is played by both men and women during Rongali Bihu. It is played by striking the two heads of the drum against each other.,aligned,yes,no,correct,complete,intact,absent,present,Correct,False,False
/kaggle/input/datasets/bbeastboy/assamese-instrument-vlm-datasetqwen2-5-vl-3b/kaggle_dataset32/dataset_32images/bihu_dhol/test/bihu_dhol_test1.jpg,bihu_dhol,q2,origin,This small drum is played by beating both ends simultaneously. It is played during Rongali Bihu and other folk festivals in Assam.,misaligned,yes,no,not_applicable,not_applicable,intact,absent,present,Question Misunderstanding,False,False
/kaggle/input/datasets/bbeastboy/assamese-instrument-vlm-datasetqwen2-5-vl-3b/kaggle_dataset32/dataset_32images/bihu_dhol/test/bihu_dhol_test1.jpg,bihu_dhol,q3,material,This instrument is made of wood and animal skin.,aligned,yes,no,correct,complete,intact,absent,none,Correct,False,False
/kaggle/input/datasets/bbeastboy/assamese-instrument-vlm-datasetqwen2-5-vl-3b/kaggle_dataset32/dataset_32images/bihu_dhol/test/bihu_dhol_test1.jpg,bihu_dhol,q4,parts,"The main parts of this instrument are the hollow cylindrical body made from bamboo or wood, two skin drumheads, and a carrying strap.",aligned,yes,no,incorrect,not_applicable,intact,absent,present,Hallucination,False,False
/kaggle/input/datasets/bbeastboy/assamese-instrument-vlm-datasetqwen2-5-vl-3b/kaggle_dataset32/dataset_32images/bihu_dhol/test/bihu_dhol_test1.jpg,bihu_dhol,q5,sound,"This instrument produces a deep, resonant booming sound.",aligned,yes,no,correct,complete,intact,absent,none,Correct,False,False
/kaggle/input/datasets/bbeastboy/assamese-instrument-vlm-datasetqwen2-5-vl-3b/kaggle_dataset32/dataset_32images/bihu_dhol/test/bihu_dhol_test1.jpg,bihu_dhol,q6,traditional_player,This instrument is traditionally played by men. It is traditionally played by men.,aligned,yes,no,correct,complete,intact,present,none,Correct,False,False
/kaggle/input/datasets/bbeastboy/assamese-instrument-vlm-datasetqwen2-5-vl-3b/kaggle_dataset32/dataset_32images/bihu_dhol/test/bihu_dhol_test1.jpg,bihu_dhol,q7,playing_method,This instrument is played by striking both drumheads with the hands.,aligned,yes,no,incorrect,not_applicable,intact,absent,none,Hallucination,False,False
/kaggle/input/datasets/bbeastboy/assamese-instrument-vlm-datasetqwen2-5-vl-3b/kaggle_dataset32/dataset_32images/bihu_dhol/test/bihu_dhol_test1.jpg,bihu_dhol,q8,instrument_type,This is a double-headed barrel-shaped percussion instrument made from bamboo or wood.,aligned,yes,no,correct,complete,intact,absent,present,Correct,False,False
/kaggle/input/datasets/bbeastboy/assamese-instrument-vlm-datasetqwen2-5-vl-3b/kaggle_dataset32/dataset_32images/bihu_dhol/test/bihu_dhol_test1.jpg,bihu_dhol,q9,description,"The Dhol consists of two conical drums made from bamboo or wood, covered with animal skin. The larger, lower-frequency drum is struck with bare hands while the smaller, higher-frequency drum is struck with drumsticks. Its rhythmic beats provide the foundation for Assamese folk music.",aligned,yes,no,correct,partial,intact,absent,present,Partial Answer,False,False
/kaggle/input/datasets/bbeastboy/assamese-instrument-vlm-datasetqwen2-5-vl-3b/kaggle_dataset32/dataset_32images/bihu_dhol/test/bihu_dhol_test2.jpg,bihu_dhol,q1,festival,This instrument is played during Rongali Bihu which is the spring festival of Assam.,aligned,yes,no,correct,complete,intact,absent,none,Correct,False,False
/kaggle/input/datasets/bbeastboy/assamese-instrument-vlm-datasetqwen2-5-vl-3b/kaggle_dataset32/dataset_32images/bihu_dhol/test/bihu_dhol_test2.jpg,bihu_dhol,q2,origin,This instrument originated in the Brahmaputra valley of Assam.,aligned,yes,no,correct,complete,intact,absent,none,Correct,False,False
/kaggle/input/datasets/bbeastboy/assamese-instrument-vlm-datasetqwen2-5-vl-3b/kaggle_dataset32/dataset_32images/bihu_dhol/test/bihu_dhol_test2.jpg,bihu_dhol,q3,material,This instrument is made of bamboo and animal skin.,aligned,yes,no,incorrect,not_applicable,intact,absent,present,Hallucination,False,False
/kaggle/input/datasets/bbeastboy/assamese-instrument-vlm-datasetqwen2-5-vl-3b/kaggle_dataset32/dataset_32images/bihu_dhol/test/bihu_dhol_test2.jpg,bihu_dhol,q4,parts,"The main parts of this instrument are the wooden barrel body, two leather drum heads, and carrying strap.",aligned,yes,no,correct,complete,intact,absent,none,Correct,False,False
/kaggle/input/datasets/bbeastboy/assamese-instrument-vlm-datasetqwen2-5-vl-3b/kaggle_dataset32/dataset_32images/bihu_dhol/test/bihu_dhol_test2.jpg,bihu_dhol,q5,sound,"This instrument produces a deep, resonant booming sound.",aligned,yes,no,correct,complete,intact,absent,none,Correct,False,False
/kaggle/input/datasets/bbeastboy/assamese-instrument-vlm-datasetqwen2-5-vl-3b/kaggle_dataset32/dataset_32images/bihu_dhol/test/bihu_dhol_test2.jpg,bihu_dhol,q6,traditional_player,This instrument is traditionally played by men.,aligned,yes,no,correct,complete,intact,absent,none,Correct,False,False
/kaggle/input/datasets/bbeastboy/assamese-instrument-vlm-datasetqwen2-5-vl-3b/kaggle_dataset32/dataset_32images/bihu_dhol/test/bihu_dhol_test2.jpg,bihu_dhol,q7,playing_method,This instrument is played by striking both drumheads with the hands and a stick.,aligned,yes,no,correct,complete,intact,absent,none,Correct,False,False
/kaggle/input/datasets/bbeastboy/assamese-instrument-vlm-datasetqwen2-5-vl-3b/kaggle_dataset32/dataset_32images/bihu_dhol/test/bihu_dhol_test2.jpg,bihu_dhol,q8,instrument_type,This is a double-headed barrel-shaped percussion instrument made from bamboo and cloth. It is played by striking both ends simultaneously.,aligned,yes,no,correct,complete,intact,absent,present,Correct,False,False
/kaggle/input/datasets/bbeastboy/assamese-instrument-vlm-datasetqwen2-5-vl-3b/kaggle_dataset32/dataset_32images/bihu_dhol/test/bihu_dhol_test2.jpg,bihu_dhol,q9,description,"The Dhol consists of two cylindrical drums made from bamboo or wood, covered with animal skin or cloth. The larger, lower pitch drum is struck with bare hands while the smaller, higher pitch drum is struck with drumsticks. Both drums are played simultaneously to create a rich, rhythmic foundation for Assamese folk music.",aligned,yes,no,correct,partial,intact,absent,present,Partial Answer,False,False
/kaggle/input/datasets/bbeastboy/assamese-instrument-vlm-datasetqwen2-5-vl-3b/kaggle_dataset32/dataset_32images/bihu_dhol/test/bihu_dhol_test3.jpg,bihu_dhol,q1,festival,This small drum is played by both men and women during Bihu festivals. It is played by striking the two heads of the drum against each other.,aligned,yes,no,correct,complete,intact,absent,present,Correct,False,False
/kaggle/input/datasets/bbeastboy/assamese-instrument-vlm-datasetqwen2-5-vl-3b/kaggle_dataset32/dataset_32images/bihu_dhol/test/bihu_dhol_test3.jpg,bihu_dhol,q2,origin,This small drum is played by holding both ends and hitting them together. It is played during Rongali Bihu.,misaligned,yes,no,not_applicable,not_applicable,intact,absent,present,Question Misunderstanding,False,False
/kaggle/input/datasets/bbeastboy/assamese-instrument-vlm-datasetqwen2-5-vl-3b/kaggle_dataset32/dataset_32images/bihu_dhol/test/bihu_dhol_test3.jpg,bihu_dhol,q3,material,This instrument is made of wood and animal skin.,aligned,yes,no,correct,complete,intact,absent,none,Correct,False,False
/kaggle/input/datasets/bbeastboy/assamese-instrument-vlm-datasetqwen2-5-vl-3b/kaggle_dataset32/dataset_32images/bihu_dhol/test/bihu_dhol_test3.jpg,bihu_dhol,q4,parts,"The main parts of this instrument are the barrel-shaped body, two drumheads, and the carrying strap.",aligned,yes,no,correct,complete,intact,absent,none,Correct,False,False
/kaggle/input/datasets/bbeastboy/assamese-instrument-vlm-datasetqwen2-5-vl-3b/kaggle_dataset32/dataset_32images/bihu_dhol/test/bihu_dhol_test3.jpg,bihu_dhol,q5,sound,"This instrument produces a deep, resonant booming sound.",aligned,yes,no,correct,complete,intact,absent,none,Correct,False,False
/kaggle/input/datasets/bbeastboy/assamese-instrument-vlm-datasetqwen2-5-vl-3b/kaggle_dataset32/dataset_32images/bihu_dhol/test/bihu_dhol_test3.jpg,bihu_dhol,q6,traditional_player,This small drum is traditionally played by men during festive occasions. It is played by striking the two heads of the drum against each other.,aligned,yes,no,correct,complete,intact,absent,present,Correct,False,False
/kaggle/input/datasets/bbeastboy/assamese-instrument-vlm-datasetqwen2-5-vl-3b/kaggle_dataset32/dataset_32images/bihu_dhol/test/bihu_dhol_test3.jpg,bihu_dhol,q7,playing_method,This instrument is played by striking both drumheads with the palms of the hands.,aligned,yes,no,incorrect,not_applicable,intact,absent,present,Hallucination,False,False
/kaggle/input/datasets/bbeastboy/assamese-instrument-vlm-datasetqwen2-5-vl-3b/kaggle_dataset32/dataset_32images/bihu_dhol/test/bihu_dhol_test3.jpg,bihu_dhol,q8,instrument_type,"This is a double-headed barrel-shaped percussion instrument. It consists of two drumheads made from animal skin, one larger than the other, and struck rhythmically.",aligned,yes,no,correct,complete,intact,absent,present,Correct,False,False
/kaggle/input/datasets/bbeastboy/assamese-instrument-vlm-datasetqwen2-5-vl-3b/kaggle_dataset32/dataset_32images/bihu_dhol/test/bihu_dhol_test3.jpg,bihu_dhol,q9,description,"The Dhol consists of two barrel-shaped drums made from bamboo or wood, covered with animal skin. The larger side is struck with bare hands while the smaller side is hit with a mallet. It is played by both men and women and is traditionally played during Bihu festivities.",aligned,yes,no,correct,partial,intact,absent,present,Partial Answer,False,False
/kaggle/input/datasets/bbeastboy/assamese-instrument-vlm-datasetqwen2-5-vl-3b/kaggle_dataset32/dataset_32images/bihu_dhol/test/bihu_dhol_test4.jpg,bihu_dhol,q1,festival,This instrument is played during Rongali Bihu which is the spring festival of Assam. It is played by both men and women. The small end is struck rhythmically while the large end is hit with a stick to produce a sharp crash sound. It is made from a hollowed out tenon root covered with animal skin.,aligned,yes,no,correct,complete,intact,absent,present,Correct,False,False
/kaggle/input/datasets/bbeastboy/assamese-instrument-vlm-datasetqwen2-5-vl-3b/kaggle_dataset32/dataset_32images/bihu_dhol/test/bihu_dhol_test4.jpg,bihu_dhol,q2,origin,This instrument originated in the Brahmaputra valley of Assam. It is made from a single piece of wood and has two vibrating surfaces.,aligned,yes,no,correct,complete,intact,absent,present,Correct,False,False
/kaggle/input/datasets/bbeastboy/assamese-instrument-vlm-datasetqwen2-5-vl-3b/kaggle_dataset32/dataset_32images/bihu_dhol/test/bihu_dhol_test4.jpg,bihu_dhol,q3,material,This instrument is made of wood and animal skin.,aligned,yes,no,correct,complete,intact,absent,none,Correct,False,False
/kaggle/input/datasets/bbeastboy/assamese-instrument-vlm-datasetqwen2-5-vl-3b/kaggle_dataset32/dataset_32images/bihu_dhol/test/bihu_dhol_test4.jpg,bihu_dhol,q4,parts,"The main parts of this instrument are the wooden barrel body, two leather drum heads, and the carrying strap.",aligned,yes,no,correct,complete,intact,absent,none,Correct,False,False
/kaggle/input/datasets/bbeastboy/assamese-instrument-vlm-datasetqwen2-5-vl-3b/kaggle_dataset32/dataset_32images/bihu_dhol/test/bihu_dhol_test4.jpg,bihu_dhol,q5,sound,"This instrument produces a deep, resonant booming sound.",aligned,yes,no,correct,complete,intact,absent,none,Correct,False,False
/kaggle/input/datasets/bbeastboy/assamese-instrument-vlm-datasetqwen2-5-vl-3b/kaggle_dataset32/dataset_32images/bihu_dhol/test/bihu_dhol_test4.jpg,bihu_dhol,q6,traditional_player,This instrument is traditionally played by men.,aligned,yes,no,correct,complete,intact,absent,none,Correct,False,False
/kaggle/input/datasets/bbeastboy/assamese-instrument-vlm-datasetqwen2-5-vl-3b/kaggle_dataset32/dataset_32images/bihu_dhol/test/bihu_dhol_test4.jpg,bihu_dhol,q7,playing_method,This instrument is played by striking both drumheads with the hands and a stick.,aligned,yes,no,correct,complete,intact,absent,none,Correct,False,False
/kaggle/input/datasets/bbeastboy/assamese-instrument-vlm-datasetqwen2-5-vl-3b/kaggle_dataset32/dataset_32images/bihu_dhol/test/bihu_dhol_test4.jpg,bihu_dhol,q8,instrument_type,This is a double-headed barrel-shaped percussion instrument made from bamboo and leather. It is played by striking both ends simultaneously.,aligned,yes,no,correct,complete,intact,absent,present,Correct,False,False
/kaggle/input/datasets/bbeastboy/assamese-instrument-vlm-datasetqwen2-5-vl-3b/kaggle_dataset32/dataset_32images/bihu_dhol/test/bihu_dhol_test4.jpg,bihu_dhol,q9,description,"The Dhol is made from two hollowed-out bamboo drums of different sizes, connected by a string mechanism that vibrates when struck. It is played by striking both ends simultaneously or hitting one end while holding the other steady. The Dhol's rhythmic beats provide the foundation for Bihu dances and are an essential component of traditional Assamese musical ensembles.",aligned,yes,no,correct,partial,intact,absent,present,Partial Answer,False,False
/kaggle/input/datasets/bbeastboy/assamese-instrument-vlm-datasetqwen2-5-vl-3b/kaggle_dataset32/dataset_32images/bihu_dhol/test/bihu_dhol_test5.jpg,bihu_dhol,q1,festival,This small drum is played by both men and women and is traditionally played during Rongali Bihu. It is played by striking the two heads of the drum against each other.,aligned,yes,no,correct,complete,intact,absent,present,Correct,False,False
/kaggle/input/datasets/bbeastboy/assamese-instrument-vlm-datasetqwen2-5-vl-3b/kaggle_dataset32/dataset_32images/bihu_dhol/test/bihu_dhol_test5.jpg,bihu_dhol,q2,origin,This small drum is played by striking both heads together. It is played during Rongali Bihu and other folk festivals.,misaligned,yes,no,not_applicable,not_applicable,intact,absent,present,Question Misunderstanding,False,False
/kaggle/input/datasets/bbeastboy/assamese-instrument-vlm-datasetqwen2-5-vl-3b/kaggle_dataset32/dataset_32images/bihu_dhol/test/bihu_dhol_test5.jpg,bihu_dhol,q3,material,This instrument is made of wood and animal skin.,aligned,yes,no,correct,complete,intact,absent,none,Correct,False,False
/kaggle/input/datasets/bbeastboy/assamese-instrument-vlm-datasetqwen2-5-vl-3b/kaggle_dataset32/dataset_32images/bihu_dhol/test/bihu_dhol_test5.jpg,bihu_dhol,q4,parts,This instrument is played by striking both drum heads with wooden sticks.,misaligned,yes,no,not_applicable,not_applicable,intact,absent,present,Question Misunderstanding,False,False
/kaggle/input/datasets/bbeastboy/assamese-instrument-vlm-datasetqwen2-5-vl-3b/kaggle_dataset32/dataset_32images/bihu_dhol/test/bihu_dhol_test5.jpg,bihu_dhol,q5,sound,"This instrument produces a deep, resonant booming sound.",aligned,yes,no,correct,complete,intact,absent,none,Correct,False,False
/kaggle/input/datasets/bbeastboy/assamese-instrument-vlm-datasetqwen2-5-vl-3b/kaggle_dataset32/dataset_32images/bihu_dhol/test/bihu_dhol_test5.jpg,bihu_dhol,q6,traditional_player,This instrument is traditionally played by men. It is traditionally played by men.,aligned,yes,no,correct,complete,intact,present,none,Correct,False,False
/kaggle/input/datasets/bbeastboy/assamese-instrument-vlm-datasetqwen2-5-vl-3b/kaggle_dataset32/dataset_32images/bihu_dhol/test/bihu_dhol_test5.jpg,bihu_dhol,q7,playing_method,This instrument is played by striking both drumheads with the hands and a stick.,aligned,yes,no,correct,complete,intact,absent,none,Correct,False,False
/kaggle/input/datasets/bbeastboy/assamese-instrument-vlm-datasetqwen2-5-vl-3b/kaggle_dataset32/dataset_32images/bihu_dhol/test/bihu_dhol_test5.jpg,bihu_dhol,q8,instrument_type,This is a double-headed barrel-shaped percussion instrument made from bamboo or wood. It is played by striking both ends of the instrument with wooden or metal beaters.,aligned,yes,no,correct,complete,intact,absent,present,Correct,False,False
/kaggle/input/datasets/bbeastboy/assamese-instrument-vlm-datasetqwen2-5-vl-3b/kaggle_dataset32/dataset_32images/bihu_dhol/test/bihu_dhol_test5.jpg,bihu_dhol,q9,description,"The Dhol is made from two hollowed bamboo or wood barrels, covered with animal skin and drumheads made from animal skin or cloth. The smaller head is struck with a small wooden beater, while the larger head is hit with a larger stick. It is played by striking both heads simultaneously or hitting one head harder than the other to create different tones.",misaligned,yes,no,not_applicable,not_applicable,intact,absent,present,Question Misunderstanding,False,False
/kaggle/input/datasets/bbeastboy/assamese-instrument-vlm-datasetqwen2-5-vl-3b/kaggle_dataset32/dataset_32images/pepa/test/pepa_test1.jpg,pepa,q1,festival,"This small conical wind instrument is blown to produce a sharp, piercing sound. It is played by both men and women.",misaligned,yes,no,not_applicable,not_applicable,intact,absent,present,Question Misunderstanding,False,False
/kaggle/input/datasets/bbeastboy/assamese-instrument-vlm-datasetqwen2-5-vl-3b/kaggle_dataset32/dataset_32images/pepa/test/pepa_test1.jpg,pepa,q2,origin,This instrument originated in the plains of Assam. It is played by blowing air through the blow hole and plucking the vibrating tongue.,aligned,yes,no,correct,complete,intact,absent,present,Correct,False,False
/kaggle/input/datasets/bbeastboy/assamese-instrument-vlm-datasetqwen2-5-vl-3b/kaggle_dataset32/dataset_32images/pepa/test/pepa_test1.jpg,pepa,q3,material,This instrument is made of buffalo horn and bamboo.,aligned,yes,no,correct,complete,intact,absent,none,Correct,False,False
/kaggle/input/datasets/bbeastboy/assamese-instrument-vlm-datasetqwen2-5-vl-3b/kaggle_dataset32/dataset_32images/pepa/test/pepa_test1.jpg,pepa,q4,parts,"The main parts of this instrument are buffalo horn body, reed and mouthpiece opening.",aligned,yes,no,correct,complete,intact,absent,none,Correct,False,False
/kaggle/input/datasets/bbeastboy/assamese-instrument-vlm-datasetqwen2-5-vl-3b/kaggle_dataset32/dataset_32images/pepa/test/pepa_test1.jpg,pepa,q5,sound,"This instrument produces a sharp, nasal, piercing sound.",aligned,yes,no,correct,complete,intact,absent,none,Correct,False,False
/kaggle/input/datasets/bbeastboy/assamese-instrument-vlm-datasetqwen2-5-vl-3b/kaggle_dataset32/dataset_32images/pepa/test/pepa_test1.jpg,pepa,q6,traditional_player,This instrument is traditionally played by men.,aligned,yes,no,correct,complete,intact,absent,none,Correct,False,False
/kaggle/input/datasets/bbeastboy/assamese-instrument-vlm-datasetqwen2-5-vl-3b/kaggle_dataset32/dataset_32images/pepa/test/pepa_test1.jpg,pepa,q7,playing_method,This instrument is played by blowing air through the blow hole and covering finger holes.,aligned,yes,no,incorrect,not_applicable,intact,absent,present,Hallucination,False,False
/kaggle/input/datasets/bbeastboy/assamese-instrument-vlm-datasetqwen2-5-vl-3b/kaggle_dataset32/dataset_32images/pepa/test/pepa_test1.jpg,pepa,q8,instrument_type,"During performances, the player blows air through the mouthpiece and vibrates the reed to produce sound. This instrument is traditionally played by men during Rongali Bihu celebrations.",misaligned,yes,no,not_applicable,not_applicable,intact,absent,present,Question Misunderstanding,False,False
/kaggle/input/datasets/bbeastboy/assamese-instrument-vlm-datasetqwen2-5-vl-3b/kaggle_dataset32/dataset_32images/pepa/test/pepa_test1.jpg,pepa,q9,description,"The Pepa is a traditional Assamese wind instrument crafted from the horn of a male buffalo fitted with a small reed made from bamboo, cane, or wood. It is inseparable from Rongali Bihu celebrations and is recognized as one of the most iconic symbols of Assamese folk culture. Its sharp, nasal tone accompanies Bihu dance performances. It is traditionally played by young men during Bihu festivities.",aligned,yes,no,correct,complete,intact,absent,none,Correct,False,False
/kaggle/input/datasets/bbeastboy/assamese-instrument-vlm-datasetqwen2-5-vl-3b/kaggle_dataset32/dataset_32images/pepa/test/pepa_test2.jpg,pepa,q1,festival,This instrument is played during Rongali Bihu which is the spring festival of Assam. It is played by both men and women.,aligned,yes,no,correct,complete,intact,absent,present,Correct,False,False
/kaggle/input/datasets/bbeastboy/assamese-instrument-vlm-datasetqwen2-5-vl-3b/kaggle_dataset32/dataset_32images/pepa/test/pepa_test2.jpg,pepa,q2,origin,This instrument originated in the plains of Assam.,aligned,yes,no,correct,complete,intact,absent,none,Correct,False,False
/kaggle/input/datasets/bbeastboy/assamese-instrument-vlm-datasetqwen2-5-vl-3b/kaggle_dataset32/dataset_32images/pepa/test/pepa_test2.jpg,pepa,q3,material,This instrument is made of buffalo horn and bamboo.,aligned,yes,no,correct,complete,intact,absent,none,Correct,False,False
/kaggle/input/datasets/bbeastboy/assamese-instrument-vlm-datasetqwen2-5-vl-3b/kaggle_dataset32/dataset_32images/pepa/test/pepa_test2.jpg,pepa,q4,parts,"The main parts of this instrument are buffalo horn body, reed and mouthpiece opening.",aligned,yes,no,correct,complete,intact,absent,none,Correct,False,False
/kaggle/input/datasets/bbeastboy/assamese-instrument-vlm-datasetqwen2-5-vl-3b/kaggle_dataset32/dataset_32images/pepa/test/pepa_test2.jpg,pepa,q5,sound,"This instrument produces a sharp, nasal, piercing sound.",aligned,yes,no,correct,complete,intact,absent,none,Correct,False,False
/kaggle/input/datasets/bbeastboy/assamese-instrument-vlm-datasetqwen2-5-vl-3b/kaggle_dataset32/dataset_32images/pepa/test/pepa_test2.jpg,pepa,q6,traditional_player,This instrument is traditionally played by men.,aligned,yes,no,correct,complete,intact,absent,none,Correct,False,False
/kaggle/input/datasets/bbeastboy/assamese-instrument-vlm-datasetqwen2-5-vl-3b/kaggle_dataset32/dataset_32images/pepa/test/pepa_test2.jpg,pepa,q7,playing_method,This instrument is played by blowing air through the blow hole and covering the finger holes.,aligned,yes,no,incorrect,not_applicable,intact,absent,present,Hallucination,False,False
/kaggle/input/datasets/bbeastboy/assamese-instrument-vlm-datasetqwen2-5-vl-3b/kaggle_dataset32/dataset_32images/pepa/test/pepa_test2.jpg,pepa,q8,instrument_type,"During festivals, this instrument is played by both men and women. It is played by blowing air through the mouthpiece and plucking the reed to produce a sharp, piercing sound.",misaligned,yes,no,not_applicable,not_applicable,intact,absent,present,Question Misunderstanding,False,False
/kaggle/input/datasets/bbeastboy/assamese-instrument-vlm-datasetqwen2-5-vl-3b/kaggle_dataset32/dataset_32images/pepa/test/pepa_test2.jpg,pepa,q9,description,"The Pepa is a traditional Assamese wind instrument crafted from the horn of a male buffalo fitted with a small reed made from bamboo, cane, or wood. It is inseparable from Rongali Bihu celebrations and is recognized as one of the most iconic symbols of Assamese folk culture. Its sharp, nasal tone accompanies Bihu dance performances. It is traditionally played by young men during Bihu festivities.",aligned,yes,no,correct,complete,intact,absent,none,Correct,False,False
/kaggle/input/datasets/bbeastboy/assamese-instrument-vlm-datasetqwen2-5-vl-3b/kaggle_dataset32/dataset_32images/pepa/test/pepa_test3.jpg,pepa,q1,festival,This instrument is played during Rongali Bihu which is the spring festival of Assam. It is played by both men and women.,aligned,yes,no,correct,complete,intact,absent,present,Correct,False,False
/kaggle/input/datasets/bbeastboy/assamese-instrument-vlm-datasetqwen2-5-vl-3b/kaggle_dataset32/dataset_32images/pepa/test/pepa_test3.jpg,pepa,q2,origin,This instrument originated in the plains of Assam. It is played by blowing air through the blow hole and covering finger holes.,aligned,yes,no,correct,complete,intact,absent,present,Correct,False,False
/kaggle/input/datasets/bbeastboy/assamese-instrument-vlm-datasetqwen2-5-vl-3b/kaggle_dataset32/dataset_32images/pepa/test/pepa_test3.jpg,pepa,q3,material,This instrument is made of buffalo horn and bamboo.,aligned,yes,no,correct,complete,intact,absent,none,Correct,False,False
/kaggle/input/datasets/bbeastboy/assamese-instrument-vlm-datasetqwen2-5-vl-3b/kaggle_dataset32/dataset_32images/pepa/test/pepa_test3.jpg,pepa,q4,parts,"The main parts of this instrument are buffalo horn body, reed and mouthpiece opening.",aligned,yes,no,correct,complete,intact,absent,none,Correct,False,False
/kaggle/input/datasets/bbeastboy/assamese-instrument-vlm-datasetqwen2-5-vl-3b/kaggle_dataset32/dataset_32images/pepa/test/pepa_test3.jpg,pepa,q5,sound,"This instrument produces a sharp, nasal, piercing high-pitched sound.",aligned,yes,no,incorrect,not_applicable,intact,absent,present,Hallucination,False,False
/kaggle/input/datasets/bbeastboy/assamese-instrument-vlm-datasetqwen2-5-vl-3b/kaggle_dataset32/dataset_32images/pepa/test/pepa_test3.jpg,pepa,q6,traditional_player,This instrument is traditionally played by men.,aligned,yes,no,correct,complete,intact,absent,none,Correct,False,False
/kaggle/input/datasets/bbeastboy/assamese-instrument-vlm-datasetqwen2-5-vl-3b/kaggle_dataset32/dataset_32images/pepa/test/pepa_test3.jpg,pepa,q7,playing_method,This instrument is played by blowing air through the blow hole and covering the finger holes.,aligned,yes,no,incorrect,not_applicable,intact,absent,present,Hallucination,False,False
/kaggle/input/datasets/bbeastboy/assamese-instrument-vlm-datasetqwen2-5-vl-3b/kaggle_dataset32/dataset_32images/pepa/test/pepa_test3.jpg,pepa,q8,instrument_type,"During performances, the player blows air through the mouthpiece and vibrates the reed to produce sound. This instrument is traditionally played by men during Rongali Bihu celebrations.",misaligned,yes,no,not_applicable,not_applicable,intact,absent,present,Question Misunderstanding,False,False
/kaggle/input/datasets/bbeastboy/assamese-instrument-vlm-datasetqwen2-5-vl-3b/kaggle_dataset32/dataset_32images/pepa/test/pepa_test3.jpg,pepa,q9,description,"The Pepa is a traditional Assamese wind instrument crafted from the horn of a male buffalo fitted with a small reed made from bamboo, cane, or wood. It is inseparable from Rongali Bihu celebrations and is recognized as one of the most iconic symbols of Assamese folk culture. Its sharp, nasal tone accompanies Bihu dance performances. It is traditionally played by young men during Bihu festivities.",aligned,yes,no,correct,complete,intact,absent,none,Correct,False,False
/kaggle/input/datasets/bbeastboy/assamese-instrument-vlm-datasetqwen2-5-vl-3b/kaggle_dataset32/dataset_32images/pepa/test/pepa_test4.jpg,pepa,q1,festival,"This small conical wind instrument is blown from the bottom end and produces a sharp, piercing sound. It is played by both men and women.",misaligned,yes,no,not_applicable,not_applicable,intact,absent,present,Question Misunderstanding,False,False
/kaggle/input/datasets/bbeastboy/assamese-instrument-vlm-datasetqwen2-5-vl-3b/kaggle_dataset32/dataset_32images/pepa/test/pepa_test4.jpg,pepa,q2,origin,This instrument is played by blowing air through the blow hole and covering finger holes.,misaligned,yes,no,not_applicable,not_applicable,intact,absent,present,Question Misunderstanding,False,False
/kaggle/input/datasets/bbeastboy/assamese-instrument-vlm-datasetqwen2-5-vl-3b/kaggle_dataset32/dataset_32images/pepa/test/pepa_test4.jpg,pepa,q3,material,This instrument is made of buffalo horn and bamboo.,aligned,yes,no,correct,complete,intact,absent,none,Correct,False,False
/kaggle/input/datasets/bbeastboy/assamese-instrument-vlm-datasetqwen2-5-vl-3b/kaggle_dataset32/dataset_32images/pepa/test/pepa_test4.jpg,pepa,q4,parts,"The main parts of this instrument are buffalo horn body, reed and mouthpiece opening.",aligned,yes,no,correct,complete,intact,absent,none,Correct,False,False
/kaggle/input/datasets/bbeastboy/assamese-instrument-vlm-datasetqwen2-5-vl-3b/kaggle_dataset32/dataset_32images/pepa/test/pepa_test4.jpg,pepa,q5,sound,"This instrument produces a sharp, nasal, piercing sound.",aligned,yes,no,correct,complete,intact,absent,none,Correct,False,False
/kaggle/input/datasets/bbeastboy/assamese-instrument-vlm-datasetqwen2-5-vl-3b/kaggle_dataset32/dataset_32images/pepa/test/pepa_test4.jpg,pepa,q6,traditional_player,This instrument is traditionally played by men.,aligned,yes,no,correct,complete,intact,absent,none,Correct,False,False
/kaggle/input/datasets/bbeastboy/assamese-instrument-vlm-datasetqwen2-5-vl-3b/kaggle_dataset32/dataset_32images/pepa/test/pepa_test4.jpg,pepa,q7,playing_method,This instrument is played by blowing air through the blow hole and covering finger holes.,aligned,yes,no,incorrect,not_applicable,intact,absent,present,Hallucination,False,False
/kaggle/input/datasets/bbeastboy/assamese-instrument-vlm-datasetqwen2-5-vl-3b/kaggle_dataset32/dataset_32images/pepa/test/pepa_test4.jpg,pepa,q8,instrument_type,This is a free-reed wind instrument made from buffalo horn and bamboo. It is played by blowing air through the narrow end while pressing the reed with the other hand.,aligned,yes,no,correct,complete,intact,absent,present,Correct,False,False
/kaggle/input/datasets/bbeastboy/assamese-instrument-vlm-datasetqwen2-5-vl-3b/kaggle_dataset32/dataset_32images/pepa/test/pepa_test4.jpg,pepa,q9,description,"The Pepa is a traditional Assamese wind instrument crafted from the horn of a male buffalo fitted with a small reed made from bamboo, cane, or wood. It is inseparable from Rongali Bihu celebrations and is recognized as one of the most iconic symbols of Assamese folk culture. Its sharp, nasal tone accompanies Bihu dance performances. It is traditionally played by young men during Bihu festivities.",aligned,yes,no,correct,complete,intact,absent,none,Correct,False,False
/kaggle/input/datasets/bbeastboy/assamese-instrument-vlm-datasetqwen2-5-vl-3b/kaggle_dataset32/dataset_32images/pepa/test/pepa_test5.jpg,pepa,q1,festival,This instrument is played during Rongali Bihu which is the spring festival of Assam. It is played by both men and women.,aligned,yes,no,correct,complete,intact,absent,present,Correct,False,False
/kaggle/input/datasets/bbeastboy/assamese-instrument-vlm-datasetqwen2-5-vl-3b/kaggle_dataset32/dataset_32images/pepa/test/pepa_test5.jpg,pepa,q2,origin,This instrument is traditionally played during Rongali Bihu in the plains of Assam. It is played by both men and women.,aligned,yes,no,correct,complete,intact,absent,present,Correct,False,False
/kaggle/input/datasets/bbeastboy/assamese-instrument-vlm-datasetqwen2-5-vl-3b/kaggle_dataset32/dataset_32images/pepa/test/pepa_test5.jpg,pepa,q3,material,This instrument is made of buffalo horn and bamboo.,aligned,yes,no,correct,complete,intact,absent,none,Correct,False,False
/kaggle/input/datasets/bbeastboy/assamese-instrument-vlm-datasetqwen2-5-vl-3b/kaggle_dataset32/dataset_32images/pepa/test/pepa_test5.jpg,pepa,q4,parts,"The main parts of this instrument are buffalo horn body, reed and mouthpiece opening.",aligned,yes,no,correct,complete,intact,absent,none,Correct,False,False
/kaggle/input/datasets/bbeastboy/assamese-instrument-vlm-datasetqwen2-5-vl-3b/kaggle_dataset32/dataset_32images/pepa/test/pepa_test5.jpg,pepa,q5,sound,"This instrument produces a sharp, nasal, piercing sound.",aligned,yes,no,correct,complete,intact,absent,none,Correct,False,False
/kaggle/input/datasets/bbeastboy/assamese-instrument-vlm-datasetqwen2-5-vl-3b/kaggle_dataset32/dataset_32images/pepa/test/pepa_test5.jpg,pepa,q6,traditional_player,This instrument is traditionally played by men.,aligned,yes,no,correct,complete,intact,absent,none,Correct,False,False
/kaggle/input/datasets/bbeastboy/assamese-instrument-vlm-datasetqwen2-5-vl-3b/kaggle_dataset32/dataset_32images/pepa/test/pepa_test5.jpg,pepa,q7,playing_method,This instrument is played by blowing air through the blow hole and covering the finger holes.,aligned,yes,no,incorrect,not_applicable,intact,absent,present,Hallucination,False,False
/kaggle/input/datasets/bbeastboy/assamese-instrument-vlm-datasetqwen2-5-vl-3b/kaggle_dataset32/dataset_32images/pepa/test/pepa_test5.jpg,pepa,q8,instrument_type,"This is a free-reed wind instrument made from buffalo horn and bamboo. It has two reeds that vibrate when blown into, producing a sharp, piercing sound.",aligned,yes,no,correct,complete,intact,absent,present,Correct,False,False
/kaggle/input/datasets/bbeastboy/assamese-instrument-vlm-datasetqwen2-5-vl-3b/kaggle_dataset32/dataset_32images/pepa/test/pepa_test5.jpg,pepa,q9,description,"The Pepa is a traditional Assamese wind instrument crafted from the horn of a male buffalo fitted with a small reed made from bamboo, cane, or wood. It is inseparable from Rongali Bihu celebrations and is recognized as one of the most iconic symbols of Assamese folk culture. Its sharp, nasal tone accompanies Bihu dance performances. It is traditionally played by young men during Bihu festivities.",aligned,yes,no,correct,complete,intact,absent,none,Correct,False,False
/kaggle/input/datasets/bbeastboy/assamese-instrument-vlm-datasetqwen2-5-vl-3b/kaggle_dataset32/dataset_32images/gogona/test/gogona_test1.jpg,gogona,q1,festival,This instrument is played during Rongali Bihu which is the spring festival of Assam.,aligned,yes,no,correct,complete,intact,absent,none,Correct,False,False
/kaggle/input/datasets/bbeastboy/assamese-instrument-vlm-datasetqwen2-5-vl-3b/kaggle_dataset32/dataset_32images/gogona/test/gogona_test1.jpg,gogona,q2,origin,This instrument is played by holding both ends and vibrating it while hitting one end with the other hand or a stick.,misaligned,yes,no,not_applicable,not_applicable,intact,absent,present,Question Misunderstanding,False,False
/kaggle/input/datasets/bbeastboy/assamese-instrument-vlm-datasetqwen2-5-vl-3b/kaggle_dataset32/dataset_32images/gogona/test/gogona_test1.jpg,gogona,q3,material,This instrument is made of bamboo.,aligned,yes,no,correct,complete,intact,absent,none,Correct,False,False
/kaggle/input/datasets/bbeastboy/assamese-instrument-vlm-datasetqwen2-5-vl-3b/kaggle_dataset32/dataset_32images/gogona/test/gogona_test1.jpg,gogona,q4,parts,"The main parts of this instrument are the frame, vibrating tongue, and plucking end.",aligned,yes,no,correct,complete,intact,absent,none,Correct,False,False
/kaggle/input/datasets/bbeastboy/assamese-instrument-vlm-datasetqwen2-5-vl-3b/kaggle_dataset32/dataset_32images/gogona/test/gogona_test1.jpg,gogona,q5,sound,"This instrument produces a soft, vibrating, high-pitched sound.",aligned,yes,no,incorrect,not_applicable,intact,absent,present,Hallucination,False,False
/kaggle/input/datasets/bbeastboy/assamese-instrument-vlm-datasetqwen2-5-vl-3b/kaggle_dataset32/dataset_32images/gogona/test/gogona_test1.jpg,gogona,q6,traditional_player,This instrument is traditionally played by women.,aligned,yes,no,correct,complete,intact,absent,none,Correct,False,False
/kaggle/input/datasets/bbeastboy/assamese-instrument-vlm-datasetqwen2-5-vl-3b/kaggle_dataset32/dataset_32images/gogona/test/gogona_test1.jpg,gogona,q7,playing_method,This instrument is played by striking both ends of the vibrating tongue near the mouth.,aligned,yes,no,incorrect,not_applicable,intact,absent,present,Hallucination,False,False
/kaggle/input/datasets/bbeastboy/assamese-instrument-vlm-datasetqwen2-5-vl-3b/kaggle_dataset32/dataset_32images/gogona/test/gogona_test1.jpg,gogona,q8,instrument_type,This is a mouth-resonated plucked idiophone instrument made from bamboo. It is played by blowing air into the mouthpiece and plucking the vibrating tongue.,aligned,yes,no,correct,complete,intact,absent,present,Correct,False,False
/kaggle/input/datasets/bbeastboy/assamese-instrument-vlm-datasetqwen2-5-vl-3b/kaggle_dataset32/dataset_32images/gogona/test/gogona_test1.jpg,gogona,q9,description,"The Gogona is a small mouth-resonated plucked idiophone traditionally made from bamboo and associated with the tribal communities of Assam. It is played by holding the frame near the mouth and plucking the vibrating tongue, using the oral cavity as a resonance chamber to amplify and shape its soft, twangy sound. The Gogona is one of the few Assamese instruments traditionally played by young women during Rongali Bihu. Its unique playing technique makes it one of the most culturally distinctive instruments of Assam.",aligned,yes,no,correct,complete,intact,absent,none,Correct,False,False
/kaggle/input/datasets/bbeastboy/assamese-instrument-vlm-datasetqwen2-5-vl-3b/kaggle_dataset32/dataset_32images/gogona/test/gogona_test2.jpg,gogona,q1,festival,This instrument is played during Rongali Bihu which is the spring festival of Assam. It is played by both men and women.,aligned,yes,no,correct,complete,intact,absent,present,Correct,False,False
/kaggle/input/datasets/bbeastboy/assamese-instrument-vlm-datasetqwen2-5-vl-3b/kaggle_dataset32/dataset_32images/gogona/test/gogona_test2.jpg,gogona,q2,origin,This instrument originated in the tribal communities of Assam. It is played by blowing air through the blow hole and plucking the vibrating tongue.,aligned,yes,no,correct,complete,intact,absent,present,Correct,False,False
/kaggle/input/datasets/bbeastboy/assamese-instrument-vlm-datasetqwen2-5-vl-3b/kaggle_dataset32/dataset_32images/gogona/test/gogona_test2.jpg,gogona,q3,material,This instrument is made of bamboo.,aligned,yes,no,correct,complete,intact,absent,none,Correct,False,False
/kaggle/input/datasets/bbeastboy/assamese-instrument-vlm-datasetqwen2-5-vl-3b/kaggle_dataset32/dataset_32images/gogona/test/gogona_test2.jpg,gogona,q4,parts,"The main parts of this instrument are the frame, vibrating tongue, and plucking end.",aligned,yes,no,correct,complete,intact,absent,none,Correct,False,False
/kaggle/input/datasets/bbeastboy/assamese-instrument-vlm-datasetqwen2-5-vl-3b/kaggle_dataset32/dataset_32images/gogona/test/gogona_test2.jpg,gogona,q5,sound,"This instrument produces a soft, vibrating, high-pitched sound.",aligned,yes,no,incorrect,not_applicable,intact,absent,present,Hallucination,False,False
/kaggle/input/datasets/bbeastboy/assamese-instrument-vlm-datasetqwen2-5-vl-3b/kaggle_dataset32/dataset_32images/gogona/test/gogona_test2.jpg,gogona,q6,traditional_player,This instrument is traditionally played by women.,aligned,yes,no,correct,complete,intact,absent,none,Correct,False,False
/kaggle/input/datasets/bbeastboy/assamese-instrument-vlm-datasetqwen2-5-vl-3b/kaggle_dataset32/dataset_32images/gogona/test/gogona_test2.jpg,gogona,q7,playing_method,This instrument is played by plucking the vibrating tongue near the mouth.,aligned,yes,no,correct,complete,intact,absent,none,Correct,False,False
/kaggle/input/datasets/bbeastboy/assamese-instrument-vlm-datasetqwen2-5-vl-3b/kaggle_dataset32/dataset_32images/gogona/test/gogona_test2.jpg,gogona,q8,instrument_type,"During performances, this instrument is played by clapping the two bamboo pieces together.",misaligned,yes,no,not_applicable,not_applicable,intact,absent,present,Question Misunderstanding,False,False
/kaggle/input/datasets/bbeastboy/assamese-instrument-vlm-datasetqwen2-5-vl-3b/kaggle_dataset32/dataset_32images/gogona/test/gogona_test2.jpg,gogona,q9,description,"The Gogona is a small mouth-resonated plucked idiophone traditionally made from bamboo and associated with the tribal communities of Assam. It is played by holding the frame near the mouth and plucking the vibrating tongue, using the oral cavity as a resonance chamber to amplify and shape its soft, twangy sound. The Gogona is one of the few Assamese instruments traditionally played by young women during Rongali Bihu. Its unique playing technique makes it one of the most culturally distinctive instruments of Assam.",aligned,yes,no,correct,complete,intact,absent,none,Correct,False,False
/kaggle/input/datasets/bbeastboy/assamese-instrument-vlm-datasetqwen2-5-vl-3b/kaggle_dataset32/dataset_32images/gogona/test/gogona_test3.jpg,gogona,q1,festival,This small mouthpiece percussion instrument is made from a thin strip of bamboo or wood.,misaligned,yes,no,not_applicable,not_applicable,intact,absent,present,Question Misunderstanding,False,False
/kaggle/input/datasets/bbeastboy/assamese-instrument-vlm-datasetqwen2-5-vl-3b/kaggle_dataset32/dataset_32images/gogona/test/gogona_test3.jpg,gogona,q2,origin,This instrument is played by holding both ends near the mouth and vibrating it to produce a buzzing sound.,misaligned,yes,no,not_applicable,not_applicable,intact,absent,present,Question Misunderstanding,False,False
/kaggle/input/datasets/bbeastboy/assamese-instrument-vlm-datasetqwen2-5-vl-3b/kaggle_dataset32/dataset_32images/gogona/test/gogona_test3.jpg,gogona,q3,material,This instrument is made of bamboo.,aligned,yes,no,correct,complete,intact,absent,none,Correct,False,False
/kaggle/input/datasets/bbeastboy/assamese-instrument-vlm-datasetqwen2-5-vl-3b/kaggle_dataset32/dataset_32images/gogona/test/gogona_test3.jpg,gogona,q4,parts,"The main parts of this instrument are the frame, vibrating tongue, and plucking end.",aligned,yes,no,correct,complete,intact,absent,none,Correct,False,False
/kaggle/input/datasets/bbeastboy/assamese-instrument-vlm-datasetqwen2-5-vl-3b/kaggle_dataset32/dataset_32images/gogona/test/gogona_test3.jpg,gogona,q5,sound,"This instrument produces a soft, vibrating, clicking sound.",aligned,yes,no,incorrect,not_applicable,intact,absent,present,Hallucination,False,False
/kaggle/input/datasets/bbeastboy/assamese-instrument-vlm-datasetqwen2-5-vl-3b/kaggle_dataset32/dataset_32images/gogona/test/gogona_test3.jpg,gogona,q6,traditional_player,This instrument is traditionally played by women.,aligned,yes,no,correct,complete,intact,absent,none,Correct,False,False
/kaggle/input/datasets/bbeastboy/assamese-instrument-vlm-datasetqwen2-5-vl-3b/kaggle_dataset32/dataset_32images/gogona/test/gogona_test3.jpg,gogona,q7,playing_method,This instrument is played by plucking the vibrating tongue near the mouth.,aligned,yes,no,correct,complete,intact,absent,none,Correct,False,False
/kaggle/input/datasets/bbeastboy/assamese-instrument-vlm-datasetqwen2-5-vl-3b/kaggle_dataset32/dataset_32images/gogona/test/gogona_test3.jpg,gogona,q8,instrument_type,This is a mouth-resonated plucked idiophone instrument made from bamboo or wood. It is played by blowing air through the mouthpiece and plucking the vibrating tongue with the right hand.,aligned,yes,no,correct,complete,intact,absent,present,Correct,False,False
/kaggle/input/datasets/bbeastboy/assamese-instrument-vlm-datasetqwen2-5-vl-3b/kaggle_dataset32/dataset_32images/gogona/test/gogona_test3.jpg,gogona,q9,description,"The Gogona is a small mouth-resonated plucked idiophone traditionally made from bamboo and associated with the tribal communities of Assam. It is played by holding the frame near the mouth and plucking the vibrating tongue, using the oral cavity as a resonance chamber to amplify and shape its soft, twangy sound. The Gogona is one of the few Assamese instruments traditionally played by young women during Rongali Bihu. Its unique playing technique makes it one of the most culturally distinctive instruments of Assam.",aligned,yes,no,correct,complete,intact,absent,none,Correct,False,False
/kaggle/input/datasets/bbeastboy/assamese-instrument-vlm-datasetqwen2-5-vl-3b/kaggle_dataset32/dataset_32images/gogona/test/gogona_test4.jpg,gogona,q1,festival,This instrument is played during Rongali Bihu which is the spring festival of Assam. It is played by blowing air through the blow hole and plucking the vibrating tongue.,aligned,yes,no,correct,complete,intact,absent,present,Correct,False,False
/kaggle/input/datasets/bbeastboy/assamese-instrument-vlm-datasetqwen2-5-vl-3b/kaggle_dataset32/dataset_32images/gogona/test/gogona_test4.jpg,gogona,q2,origin,This instrument is played by holding both ends near the mouth and beating it with one hand while pulling the other end away from the mouth.,misaligned,yes,no,not_applicable,not_applicable,intact,absent,present,Question Misunderstanding,False,False
/kaggle/input/datasets/bbeastboy/assamese-instrument-vlm-datasetqwen2-5-vl-3b/kaggle_dataset32/dataset_32images/gogona/test/gogona_test4.jpg,gogona,q3,material,This instrument is made of bamboo.,aligned,yes,no,correct,complete,intact,absent,none,Correct,False,False
/kaggle/input/datasets/bbeastboy/assamese-instrument-vlm-datasetqwen2-5-vl-3b/kaggle_dataset32/dataset_32images/gogona/test/gogona_test4.jpg,gogona,q4,parts,"The main parts of this instrument are the frame, vibrating tongue, and plucking end.",aligned,yes,no,correct,complete,intact,absent,none,Correct,False,False
/kaggle/input/datasets/bbeastboy/assamese-instrument-vlm-datasetqwen2-5-vl-3b/kaggle_dataset32/dataset_32images/gogona/test/gogona_test4.jpg,gogona,q5,sound,"This instrument produces a soft, vibrating, clicking sound.",aligned,yes,no,incorrect,not_applicable,intact,absent,present,Hallucination,False,False
/kaggle/input/datasets/bbeastboy/assamese-instrument-vlm-datasetqwen2-5-vl-3b/kaggle_dataset32/dataset_32images/gogona/test/gogona_test4.jpg,gogona,q6,traditional_player,This instrument is traditionally played by women.,aligned,yes,no,correct,complete,intact,absent,none,Correct,False,False
/kaggle/input/datasets/bbeastboy/assamese-instrument-vlm-datasetqwen2-5-vl-3b/kaggle_dataset32/dataset_32images/gogona/test/gogona_test4.jpg,gogona,q7,playing_method,This instrument is played by plucking the vibrating tongue near the mouth.,aligned,yes,no,correct,complete,intact,absent,none,Correct,False,False
/kaggle/input/datasets/bbeastboy/assamese-instrument-vlm-datasetqwen2-5-vl-3b/kaggle_dataset32/dataset_32images/gogona/test/gogona_test4.jpg,gogona,q8,instrument_type,"During performances, this instrument is played by clapping the two bamboo pieces together near the mouth.",misaligned,yes,no,not_applicable,not_applicable,intact,absent,present,Question Misunderstanding,False,False
/kaggle/input/datasets/bbeastboy/assamese-instrument-vlm-datasetqwen2-5-vl-3b/kaggle_dataset32/dataset_32images/gogona/test/gogona_test4.jpg,gogona,q9,description,"The Gogona is a small mouth-resonated plucked idiophone traditionally made from bamboo and associated with the tribal communities of Assam. It is played by holding the frame near the mouth and plucking the vibrating tongue, using the oral cavity as a resonance chamber to amplify and shape its soft, twangy sound. The Gogona is one of the few Assamese instruments traditionally played by young women during Rongali Bihu. Its unique playing technique makes it one of the most culturally distinctive instruments of Assam.",aligned,yes,no,correct,complete,intact,absent,none,Correct,False,False
/kaggle/input/datasets/bbeastboy/assamese-instrument-vlm-datasetqwen2-5-vl-3b/kaggle_dataset32/dataset_32images/gogona/test/gogona_test5.jpg,gogona,q1,festival,This instrument is played during Rongali Bihu which is the spring festival of Assam. It is played by both men and women.,aligned,yes,no,correct,complete,intact,absent,present,Correct,False,False
/kaggle/input/datasets/bbeastboy/assamese-instrument-vlm-datasetqwen2-5-vl-3b/kaggle_dataset32/dataset_32images/gogona/test/gogona_test5.jpg,gogona,q2,origin,This instrument originated in the tribal communities of Assam. It is made from bamboo and has two bamboo reed blowers attached to either end.,aligned,yes,no,correct,complete,intact,absent,present,Correct,False,False
/kaggle/input/datasets/bbeastboy/assamese-instrument-vlm-datasetqwen2-5-vl-3b/kaggle_dataset32/dataset_32images/gogona/test/gogona_test5.jpg,gogona,q3,material,This instrument is made of bamboo.,aligned,yes,no,correct,complete,intact,absent,none,Correct,False,False
/kaggle/input/datasets/bbeastboy/assamese-instrument-vlm-datasetqwen2-5-vl-3b/kaggle_dataset32/dataset_32images/gogona/test/gogona_test5.jpg,gogona,q4,parts,"The main parts of this instrument are the frame, vibrating tongue, and plucking end.",aligned,yes,no,correct,complete,intact,absent,none,Correct,False,False
/kaggle/input/datasets/bbeastboy/assamese-instrument-vlm-datasetqwen2-5-vl-3b/kaggle_dataset32/dataset_32images/gogona/test/gogona_test5.jpg,gogona,q5,sound,"This instrument produces a soft, vibrating, high-pitched sound.",aligned,yes,no,incorrect,not_applicable,intact,absent,present,Hallucination,False,False
/kaggle/input/datasets/bbeastboy/assamese-instrument-vlm-datasetqwen2-5-vl-3b/kaggle_dataset32/dataset_32images/gogona/test/gogona_test5.jpg,gogona,q6,traditional_player,This instrument is traditionally played by women.,aligned,yes,no,correct,complete,intact,absent,none,Correct,False,False
/kaggle/input/datasets/bbeastboy/assamese-instrument-vlm-datasetqwen2-5-vl-3b/kaggle_dataset32/dataset_32images/gogona/test/gogona_test5.jpg,gogona,q7,playing_method,This instrument is played by striking both ends of the vibrating tongue against each other.,aligned,yes,no,incorrect,not_applicable,intact,absent,present,Hallucination,False,False
/kaggle/input/datasets/bbeastboy/assamese-instrument-vlm-datasetqwen2-5-vl-3b/kaggle_dataset32/dataset_32images/gogona/test/gogona_test5.jpg,gogona,q8,instrument_type,This is a mouth-resonated plucked idiophone instrument. It is made from bamboo and has two bamboo tongues that are struck against each other to produce sound.,aligned,yes,no,correct,complete,intact,absent,present,Correct,False,False
/kaggle/input/datasets/bbeastboy/assamese-instrument-vlm-datasetqwen2-5-vl-3b/kaggle_dataset32/dataset_32images/gogona/test/gogona_test5.jpg,gogona,q9,description,"The Gogona is a small mouth-resonated plucked idiophone traditionally made from bamboo and associated with the tribal communities of Assam. It is played by holding the frame near the mouth and plucking the vibrating tongue, using the oral cavity as a resonance chamber to amplify and shape its soft, twangy sound. The Gogona is one of the few Assamese instruments traditionally played by young women during Rongali Bihu. Its unique playing technique makes it one of the most culturally distinctive instruments of Assam.",aligned,yes,no,correct,complete,intact,absent,none,Correct,False,False
